target,feature_set,model,trial,params,cv_mae,cv_rmse,cv_r2,cv_pearson,cv_spearman,cv_ccc,cv_rmse_fold_mean,cv_rmse_fold_std,error
confidence_score,A_original,Ridge,0,{'alpha': 0.1},0.7005256729488069,1.0268357367677394,0.16477743621421737,0.41500671397729144,0.4665496921856668,0.3325046125317933,1.0240483932060733,0.0761263115707979,
confidence_score,A_original,Ridge,1,{'alpha': 1.0},0.6968220756436321,1.0181150457160624,0.17890391850880616,0.42619851540464615,0.4681743551875626,0.33189984461004507,1.0153408130630965,0.07571489092553053,
confidence_score,A_original,Ridge,2,{'alpha': 10.0},0.6916489242786692,1.0122813189884712,0.18828660439175748,0.4345688492858301,0.4714076006822965,0.3291787595429293,1.0093009457161428,0.07826685134987134,
confidence_score,A_original,Ridge,3,{'alpha': 100.0},0.6898174212740373,1.0129988625592607,0.1871354497766331,0.4326046136431038,0.46827292915107505,0.31666251556847724,1.0097242020844028,0.08204995706063008,
confidence_score,A_original,Ridge,4,{'alpha': 1000.0},0.6923907464322432,1.020290444250153,0.17539131055476453,0.42265867454599143,0.45445859794912047,0.2726517202710408,1.0168183348147017,0.08478699092034575,
confidence_score,A_original,Ridge,5,{'alpha': 10000.0},0.7241919626585122,1.0642843815404504,0.10274549750982331,0.39262549927312257,0.4277502456710296,0.12677609824704675,1.0605410052626703,0.08975111843019366,
confidence_score,A_original,SVR,0,"{'C': 10.0, 'epsilon': 0.05, 'gamma': 0.1}",0.8578440378127261,1.1912949421350034,-0.12418779086672149,0.20549718850963059,0.23778105214990067,0.18293305277910024,1.1877021062828654,0.0930748440171981,
confidence_score,A_original,SVR,1,"{'C': 0.1, 'epsilon': 0.05, 'gamma': 0.001}",0.7142074290650489,1.0516284734042214,0.12395797328850378,0.417684429839833,0.44318582885780716,0.15541657616174706,1.0478989103198866,0.08908542896007728,
confidence_score,A_original,SVR,2,"{'C': 10.0, 'epsilon': 0.05, 'gamma': 'scale'}",0.7429752628446605,1.075735353469848,0.08333393937186262,0.330414334586283,0.3609156586946022,0.26138337981695925,1.070538085388847,0.10601084870522617,
confidence_score,A_original,SVR,3,"{'C': 1.0, 'epsilon': 0.2, 'gamma': 0.01}",0.6794670913700692,1.0108969103972525,0.1905053049741614,0.438686607889994,0.4877391650263676,0.2995878468398111,1.0062694675381862,0.09717737213780435,
confidence_score,A_original,SVR,4,"{'C': 1.0, 'epsilon': 0.05, 'gamma': 'scale'}",0.6910115908845819,1.0231959436163296,0.1706881175340964,0.4134540539501968,0.45827384712443264,0.2838501502782235,1.0184112425166354,0.09936316431040411,
confidence_score,A_original,SVR,5,"{'C': 10.0, 'epsilon': 0.1, 'gamma': 'scale'}",0.7425992138603357,1.074766184385635,0.08498491087843552,0.3322458089886779,0.36204358015306354,0.26297588119509746,1.0696198731333932,0.10547627201422596,
confidence_score,A_original,SVR,6,"{'C': 100.0, 'epsilon': 0.05, 'gamma': 0.01}",0.784737817446514,1.1234742719906108,0.00016915372956671781,0.29124525105970045,0.3261201437581122,0.2532692620448432,1.1176603224212986,0.11458572138234921,
confidence_score,A_original,SVR,7,"{'C': 0.1, 'epsilon': 0.4, 'gamma': 0.01}",0.6896791498887788,1.021165244940724,0.17397665944848606,0.43368506256649575,0.4721607842612231,0.24877911378689477,1.017118504656621,0.09138251600860198,
confidence_score,A_original,SVR,8,"{'C': 1.0, 'epsilon': 0.1, 'gamma': 0.01}",0.6794939507779518,1.0111827618437272,0.19004743841440552,0.4382920454604665,0.48544376317118476,0.29860200217514915,1.0066425766111937,0.09627939553807256,
confidence_score,A_original,SVR,9,"{'C': 0.1, 'epsilon': 0.05, 'gamma': 0.01}",0.6852894138570536,1.019521832009938,0.17663324240806877,0.4335517675051644,0.4725889687913859,0.25628802887375696,1.0153421760300607,0.0928282905511396,
confidence_score,A_original,SVR,10,"{'C': 1.0, 'epsilon': 0.4, 'gamma': 'scale'}",0.6919768353845331,1.0236474669858087,0.16995602644502228,0.41324369467929545,0.4534971474134901,0.2800897714285582,1.0190578593508366,0.09736583486004255,
confidence_score,A_original,SVR,11,"{'C': 100.0, 'epsilon': 0.4, 'gamma': 'scale'}",0.8812521953546348,1.2234113772771393,-0.18561940415778855,0.2064566430341607,0.23570205939347344,0.1923982726343557,1.2193931659375206,0.09991450577805217,
confidence_score,A_original,ExtraTrees,0,"{'n_estimators': 700, 'max_depth': None, 'min_samples_split': 12, 'min_samples_leaf': 2, 'max_features': 0.5}",0.6925577886785996,1.0212681013000169,0.1738102494912609,0.4182216207888637,0.4653180890978684,0.31364387030094376,1.017097728911851,0.09277994281759093,
confidence_score,A_original,ExtraTrees,1,"{'n_estimators': 400, 'max_depth': None, 'min_samples_split': 12, 'min_samples_leaf': 3, 'max_features': 1.0}",0.6984667941087493,1.025498825802421,0.16695089251585593,0.41303581915315385,0.46162183841576265,0.31947940933496294,1.0213955445288654,0.09219652981131064,
confidence_score,A_original,ExtraTrees,2,"{'n_estimators': 700, 'max_depth': 20, 'min_samples_split': 2, 'min_samples_leaf': 1, 'max_features': 1.0}",0.7164116711769131,1.0433490059618284,0.13769782450631263,0.3917854125238729,0.44545578541160513,0.3198325481590688,1.0389396004074,0.09638370747211344,
confidence_score,A_original,ExtraTrees,3,"{'n_estimators': 400, 'max_depth': 8, 'min_samples_split': 8, 'min_samples_leaf': 3, 'max_features': 0.5}",0.6840832181542208,1.016035472704616,0.18225478810367557,0.4269134785395617,0.4781525397268096,0.3082755673500821,1.0117423197685411,0.09390517742755301,
confidence_score,A_original,ExtraTrees,4,"{'n_estimators': 400, 'max_depth': 20, 'min_samples_split': 4, 'min_samples_leaf': 2, 'max_features': 0.7}",0.7030287713017256,1.029805930822677,0.15993856879028467,0.40617491300730074,0.4546813285041915,0.31573566930515673,1.0254875173215818,0.09480071635349621,
confidence_score,A_original,ExtraTrees,5,"{'n_estimators': 700, 'max_depth': 20, 'min_samples_split': 12, 'min_samples_leaf': 3, 'max_features': 0.5}",0.6914945183675653,1.018761422016686,0.17786099997848948,0.4225873312438431,0.4693033708294226,0.3160022955204982,1.014498477001008,0.09369579697354137,
confidence_score,A_original,ExtraTrees,6,"{'n_estimators': 400, 'max_depth': None, 'min_samples_split': 8, 'min_samples_leaf': 5, 'max_features': 1.0}",0.6967645874591704,1.0233165550037802,0.1704925922240228,0.4155968134942925,0.4614775009385867,0.3167855359084393,1.0190659839271332,0.09374695493920504,
confidence_score,A_original,ExtraTrees,7,"{'n_estimators': 700, 'max_depth': 12, 'min_samples_split': 8, 'min_samples_leaf': 5, 'max_features': 1.0}",0.6949096847693756,1.0219777753752572,0.17266162032381083,0.4176610070910454,0.4640475649763014,0.31706281355839444,1.0177585225108656,0.09334070138078655,
confidence_score,A_original,ExtraTrees,8,"{'n_estimators': 700, 'max_depth': None, 'min_samples_split': 8, 'min_samples_leaf': 5, 'max_features': 0.5}",0.6878804329284767,1.0162220345132766,0.18195445600663207,0.4267663090964899,0.472157266926735,0.314632126210908,1.012009348919495,0.09304795707138656,
confidence_score,A_original,ExtraTrees,9,"{'n_estimators': 200, 'max_depth': 12, 'min_samples_split': 8, 'min_samples_leaf': 5, 'max_features': 1.0}",0.6961615876925292,1.0221220071233408,0.172428079274197,0.4176938833937367,0.4633065131705444,0.3184350349019224,1.0179866166609919,0.09240200780876541,
confidence_score,A_original,ExtraTrees,10,"{'n_estimators': 200, 'max_depth': 8, 'min_samples_split': 12, 'min_samples_leaf': 5, 'max_features': 'sqrt'}",0.6844869034523842,1.020523703439787,0.17501422274994438,0.43236336379212065,0.47725629277498527,0.253025939569395,1.016520859393778,0.0909546695949912,
confidence_score,A_original,ExtraTrees,11,"{'n_estimators': 200, 'max_depth': 12, 'min_samples_split': 8, 'min_samples_leaf': 2, 'max_features': 'sqrt'}",0.6820097134566729,1.01588780299388,0.1824924715839079,0.42985158558225356,0.48006884469055444,0.28665847969042013,1.0116846869425349,0.092967345140471,
confidence_score,A_original,RandomForest,0,"{'n_estimators': 700, 'max_depth': 12, 'min_samples_split': 8, 'min_samples_leaf': 3, 'max_features': 0.5}",0.7049478895110526,1.0306924742923547,0.15849155527876058,0.40410955446599367,0.4514736639225527,0.31257305486331965,1.0267851824072722,0.09022574312713308,
confidence_score,A_original,RandomForest,1,"{'n_estimators': 700, 'max_depth': 12, 'min_samples_split': 12, 'min_samples_leaf': 3, 'max_features': 0.5}",0.7030117406037426,1.028584582275504,0.1619300107811762,0.40732895939901287,0.45463079944113594,0.31377952936759446,1.0245277935432489,0.09183454375409715,
confidence_score,A_original,RandomForest,2,"{'n_estimators': 400, 'max_depth': 20, 'min_samples_split': 8, 'min_samples_leaf': 5, 'max_features': 'sqrt'}",0.6906684352908922,1.017609126891847,0.17971974920336875,0.42409574873722755,0.46654048074130505,0.3104227971089769,1.013689529992725,0.0898510561880829,
confidence_score,A_original,RandomForest,3,"{'n_estimators': 400, 'max_depth': 8, 'min_samples_split': 4, 'min_samples_leaf': 3, 'max_features': 0.5}",0.7018335937551043,1.028274884424005,0.16243460594164594,0.407163022116089,0.4564851656506404,0.311335916714413,1.024418793351206,0.0895211538091517,
confidence_score,A_original,RandomForest,4,"{'n_estimators': 400, 'max_depth': 12, 'min_samples_split': 12, 'min_samples_leaf': 5, 'max_features': 1.0}",0.7048039229917401,1.0312193206389262,0.15763104844373022,0.40289325731088016,0.451829552610735,0.3107659604579722,1.027289594841652,0.09051101921231175,
confidence_score,A_original,RandomForest,5,"{'n_estimators': 700, 'max_depth': 20, 'min_samples_split': 8, 'min_samples_leaf': 3, 'max_features': 'sqrt'}",0.6945346544515288,1.02267913096528,0.17152567095347904,0.41522898037979944,0.4594132331441725,0.3084934435051511,1.018607501624182,0.09179079126527229,
confidence_score,A_original,RandomForest,6,"{'n_estimators': 400, 'max_depth': 8, 'min_samples_split': 4, 'min_samples_leaf': 5, 'max_features': 'sqrt'}",0.6873926306124408,1.0168208866834005,0.1809900354834818,0.42544721391302714,0.46971251841761,0.3077410544808171,1.012820632693734,0.09072594764654812,
confidence_score,A_original,RandomForest,7,"{'n_estimators': 700, 'max_depth': 8, 'min_samples_split': 8, 'min_samples_leaf': 5, 'max_features': 1.0}",0.7025934620895243,1.0285570838554028,0.16197482049927125,0.4066260123552454,0.4551884830135917,0.3107578714279871,1.0246607500193234,0.0900214451680258,
confidence_score,A_original,RandomForest,8,"{'n_estimators': 400, 'max_depth': None, 'min_samples_split': 4, 'min_samples_leaf': 1, 'max_features': 0.7}",0.7134681702983167,1.0412666576519722,0.1411364085217015,0.3900702278256264,0.44512481929791015,0.31018285621156755,1.0375571375123471,0.08833176349031822,
confidence_score,A_original,RandomForest,9,"{'n_estimators': 700, 'max_depth': 8, 'min_samples_split': 2, 'min_samples_leaf': 2, 'max_features': 0.5}",0.7004477022253326,1.0273281485036516,0.1639761941277098,0.40923960316202757,0.45899730169611797,0.3144006168290776,1.0234886635954208,0.08930024334954821,
confidence_score,A_original,RandomForest,10,"{'n_estimators': 700, 'max_depth': 8, 'min_samples_split': 12, 'min_samples_leaf': 2, 'max_features': 1.0}",0.7056583423395535,1.032957916858723,0.15478825055543766,0.4003803905372905,0.4525483353605983,0.3101870264087426,1.02918987035013,0.08867944472091868,
confidence_score,A_original,RandomForest,11,"{'n_estimators': 200, 'max_depth': 12, 'min_samples_split': 2, 'min_samples_leaf': 1, 'max_features': 1.0}",0.7164055101533723,1.0468010225975353,0.13198237214922937,0.3820141162381736,0.43742027086755936,0.30565775265354467,1.0434068379487442,0.0847885285500855,
confidence_score,B_improved_only,Ridge,0,{'alpha': 0.1},0.7098378470232182,1.035917899302432,0.149937333746466,0.39516648534415594,0.4349665840488066,0.30584883332014784,1.033000437536879,0.07820848770609591,
confidence_score,B_improved_only,Ridge,1,{'alpha': 1.0},0.7086623957431948,1.0351012782505675,0.15127702573579882,0.3958749299459635,0.4344192088369623,0.30456583661494446,1.0322101391427467,0.07783608373563183,
confidence_score,B_improved_only,Ridge,2,{'alpha': 10.0},0.7077547373041525,1.0351637791478534,0.15117452842457246,0.39427854664524165,0.4313525007168401,0.29911202655840335,1.0321998090597138,0.07879306948580657,
confidence_score,B_improved_only,Ridge,3,{'alpha': 100.0},0.7036094545764519,1.034041317307435,0.15301434866970365,0.3928433523569343,0.4335364509091688,0.2844474263153847,1.0308259981506407,0.08202411063674328,
confidence_score,B_improved_only,Ridge,4,{'alpha': 1000.0},0.7041990691797766,1.0402837678969334,0.14275706889371698,0.3811567751641709,0.4275379691883054,0.22742345502307015,1.0368733153893135,0.08483753578366832,
confidence_score,B_improved_only,Ridge,5,{'alpha': 10000.0},0.7351058863886175,1.0779566026575935,0.07954444613291167,0.3178975770325578,0.3803835996571666,0.10576548411092951,1.0745231551436478,0.08659731150531265,
confidence_score,B_improved_only,SVR,0,"{'C': 10.0, 'epsilon': 0.05, 'gamma': 0.1}",0.7926811548160109,1.1269519684789264,-0.006030347186506413,0.272437563315881,0.318316759149163,0.2305270736548388,1.1227314991712645,0.09848370145517206,
confidence_score,B_improved_only,SVR,1,"{'C': 0.1, 'epsilon': 0.05, 'gamma': 0.001}",0.7210919664850136,1.063781868888413,0.10359259308545465,0.3728374900188454,0.41656847496605337,0.1331733997455832,1.0604097399280268,0.0852643580701752,
confidence_score,B_improved_only,SVR,2,"{'C': 10.0, 'epsilon': 0.05, 'gamma': 'scale'}",0.7377456623079084,1.0622986003656103,0.1060906351485954,0.35590906737450057,0.3945234924885477,0.2845099516016691,1.0578391622465069,0.09821273147159858,
confidence_score,B_improved_only,SVR,3,"{'C': 1.0, 'epsilon': 0.2, 'gamma': 0.01}",0.6833577611485018,1.018465441035336,0.17833864303470393,0.4226274672167822,0.47305828434767705,0.2960447559420507,1.0148138209927942,0.08690411622237214,
confidence_score,B_improved_only,SVR,4,"{'C': 1.0, 'epsilon': 0.05, 'gamma': 'scale'}",0.6883228236314661,1.0231367236662605,0.17078411163443497,0.41330982608950545,0.4671973153435117,0.28951399636001063,1.0190787809101756,0.09178319664590846,
confidence_score,B_improved_only,SVR,5,"{'C': 10.0, 'epsilon': 0.1, 'gamma': 'scale'}",0.7362867861667314,1.0616822362957419,0.10712765764264931,0.3572179052353244,0.3952928584632028,0.2858792853373331,1.0570596672664003,0.09994963014068842,
confidence_score,B_improved_only,SVR,6,"{'C': 100.0, 'epsilon': 0.05, 'gamma': 0.01}",0.8207614208235143,1.1457258754558703,-0.03982848778610948,0.2939707031625823,0.32669549337864584,0.26840840516739745,1.1418983980213437,0.09457218682881234,
confidence_score,B_improved_only,SVR,7,"{'C': 0.1, 'epsilon': 0.4, 'gamma': 0.01}",0.6891393721697207,1.0276151968017129,0.1635089379008532,0.42024613490910634,0.4686024240215611,0.23514019008005074,1.0240684778032871,0.0859325429639598,
confidence_score,B_improved_only,SVR,8,"{'C': 1.0, 'epsilon': 0.1, 'gamma': 0.01}",0.6810168414661686,1.0173531585621869,0.1801323621660823,0.4249317909338524,0.4790949916091754,0.2953336243876275,1.0135249961463724,0.08888961922962824,
confidence_score,B_improved_only,SVR,9,"{'C': 0.1, 'epsilon': 0.05, 'gamma': 0.01}",0.6849410244612727,1.0236870332419825,0.16989185910566884,0.4304891157763652,0.4767575323590625,0.241219167230232,1.0200111077399796,0.08733226843759799,
confidence_score,B_improved_only,SVR,10,"{'C': 1.0, 'epsilon': 0.4, 'gamma': 'scale'}",0.6889833479592246,1.020985689174438,0.17426712020397161,0.41745638596774826,0.46569822650037146,0.2968345379065279,1.0171707962380525,0.0889111821226343,
confidence_score,B_improved_only,SVR,11,"{'C': 100.0, 'epsilon': 0.4, 'gamma': 'scale'}",0.884088495356281,1.2230847862211622,-0.18498648375677296,0.2325807150250081,0.26984027990097315,0.22063861968926063,1.2179447711127545,0.113161184978579,
confidence_score,B_improved_only,ExtraTrees,0,"{'n_estimators': 700, 'max_depth': None, 'min_samples_split': 12, 'min_samples_leaf': 2, 'max_features': 0.5}",0.6846916905581604,1.020147023906046,0.17562312170318295,0.41919144886341303,0.47786354852808466,0.30374321443200825,1.01634231045569,0.08876491550607948,
confidence_score,B_improved_only,ExtraTrees,1,"{'n_estimators': 400, 'max_depth': None, 'min_samples_split': 12, 'min_samples_leaf': 3, 'max_features': 1.0}",0.6865815672028035,1.0212336665503037,0.17386596288838152,0.41808035783881736,0.4759347960961774,0.3121764861366166,1.0177124825249162,0.0854493665087095,
confidence_score,B_improved_only,ExtraTrees,2,"{'n_estimators': 700, 'max_depth': 20, 'min_samples_split': 2, 'min_samples_leaf': 1, 'max_features': 1.0}",0.7012917532600907,1.040104724862398,0.14305212332493777,0.39064249771660103,0.46165902412418613,0.30803587159389495,1.0366049632929466,0.08595901923131535,
confidence_score,B_improved_only,ExtraTrees,3,"{'n_estimators': 400, 'max_depth': 8, 'min_samples_split': 8, 'min_samples_leaf': 3, 'max_features': 0.5}",0.6805274988617569,1.0192170771409268,0.17712540945599198,0.4221455733410974,0.4818350926299898,0.28540369163581697,1.0155541665081516,0.08705122638451518,
confidence_score,B_improved_only,ExtraTrees,4,"{'n_estimators': 400, 'max_depth': 20, 'min_samples_split': 4, 'min_samples_leaf': 2, 'max_features': 0.7}",0.6927500304377301,1.0272880300112237,0.16404148847379352,0.4078580585670165,0.46626422054954214,0.30782085800455183,1.023651233373036,0.08713655099624984,
confidence_score,B_improved_only,ExtraTrees,5,"{'n_estimators': 700, 'max_depth': 20, 'min_samples_split': 12, 'min_samples_leaf': 3, 'max_features': 0.5}",0.6825889318146856,1.0179576220412565,0.1791578190278097,0.42327478184687045,0.47979281092469167,0.3043289392444375,1.014194808538698,0.08818994690072929,
confidence_score,B_improved_only,ExtraTrees,6,"{'n_estimators': 400, 'max_depth': None, 'min_samples_split': 8, 'min_samples_leaf': 5, 'max_features': 1.0}",0.6848331407864896,1.0194267835304003,0.17678675772855412,0.4209525808425828,0.4775578195108363,0.31092790883227833,1.0157613284458713,0.08709471084807584,
confidence_score,B_improved_only,ExtraTrees,7,"{'n_estimators': 700, 'max_depth': 12, 'min_samples_split': 8, 'min_samples_leaf': 5, 'max_features': 1.0}",0.6834718398868035,1.0178502183355054,0.17933102238961618,0.4236944985090043,0.4805985308113783,0.3110884752795098,1.0141558746207993,0.08736255405508002,
confidence_score,B_improved_only,ExtraTrees,8,"{'n_estimators': 700, 'max_depth': None, 'min_samples_split': 8, 'min_samples_leaf': 5, 'max_features': 0.5}",0.682647637474311,1.0181263838534031,0.17888563029664517,0.42303314008134413,0.4814829898187934,0.3001793521003848,1.0144315143169311,0.08740985431377532,
confidence_score,B_improved_only,ExtraTrees,9,"{'n_estimators': 200, 'max_depth': 12, 'min_samples_split': 8, 'min_samples_leaf': 5, 'max_features': 1.0}",0.6862040817498914,1.019246758980985,0.1770774809269693,0.42115788488578326,0.47618333520407746,0.3096738196985106,1.0155585864856889,0.08734974109822491,
confidence_score,B_improved_only,ExtraTrees,10,"{'n_estimators': 200, 'max_depth': 8, 'min_samples_split': 12, 'min_samples_leaf': 5, 'max_features': 'sqrt'}",0.6940948581320961,1.0354853954081427,0.15064700130655861,0.40959885893807113,0.4798497204204686,0.21188042313813119,1.0317649468541947,0.08840457076572428,
confidence_score,B_improved_only,ExtraTrees,11,"{'n_estimators': 200, 'max_depth': 12, 'min_samples_split': 8, 'min_samples_leaf': 2, 'max_features': 'sqrt'}",0.6844675855990653,1.0240143906012193,0.16936086584454613,0.4190718941921789,0.47996137435132236,0.25541077516097754,1.0202187386339598,0.08885216012040797,
confidence_score,B_improved_only,RandomForest,0,"{'n_estimators': 700, 'max_depth': 12, 'min_samples_split': 8, 'min_samples_leaf': 3, 'max_features': 0.5}",0.692036970085143,1.0233573882459432,0.17042639149175454,0.41635383106861223,0.47048554908775325,0.32073010080461656,1.0198929339661988,0.08485405371728007,
confidence_score,B_improved_only,RandomForest,1,"{'n_estimators': 700, 'max_depth': 12, 'min_samples_split': 12, 'min_samples_leaf': 3, 'max_features': 0.5}",0.6918022273112049,1.0231784633966305,0.1707164531235127,0.41650045796976704,0.47069895028939923,0.3202354698222697,1.0196755967395084,0.0853146145484917,
confidence_score,B_improved_only,RandomForest,2,"{'n_estimators': 400, 'max_depth': 20, 'min_samples_split': 8, 'min_samples_leaf': 5, 'max_features': 'sqrt'}",0.6837976915648427,1.017457400037297,0.17996434068854394,0.4243153978150791,0.4754826259136426,0.30074206964935374,1.0137701673902477,0.0872851833475632,
confidence_score,B_improved_only,RandomForest,3,"{'n_estimators': 400, 'max_depth': 8, 'min_samples_split': 4, 'min_samples_leaf': 3, 'max_features': 0.5}",0.6916190662912804,1.0236892365259145,0.16988828581454074,0.4144691619561896,0.46753156843692484,0.3138256404833614,1.0202187176786557,0.08494739680638304,
confidence_score,B_improved_only,RandomForest,4,"{'n_estimators': 400, 'max_depth': 12, 'min_samples_split': 12, 'min_samples_leaf': 5, 'max_features': 1.0}",0.6927235865897224,1.023495774199454,0.17020201416613578,0.416980022143671,0.47001333585852006,0.3243036589120647,1.019905227487524,0.08638512711318065,
confidence_score,B_improved_only,RandomForest,5,"{'n_estimators': 700, 'max_depth': 20, 'min_samples_split': 8, 'min_samples_leaf': 3, 'max_features': 'sqrt'}",0.6824427838059599,1.017155358873976,0.18045113799490953,0.42479643160787073,0.4792068818288248,0.3053819925573894,1.0133862014708943,0.08824589954038568,
confidence_score,B_improved_only,RandomForest,6,"{'n_estimators': 400, 'max_depth': 8, 'min_samples_split': 4, 'min_samples_leaf': 5, 'max_features': 'sqrt'}",0.6805900518807084,1.0161715894422838,0.1820356692453009,0.4276491358522277,0.4779277681475,0.29414398581254375,1.012460983701041,0.08749414916054311,
confidence_score,B_improved_only,RandomForest,7,"{'n_estimators': 700, 'max_depth': 8, 'min_samples_split': 8, 'min_samples_leaf': 5, 'max_features': 1.0}",0.6900921971442611,1.0213254681609438,0.1737174291170177,0.41992423554657476,0.47194893742886823,0.3237714913470141,1.0177182487225764,0.08644474945655652,
confidence_score,B_improved_only,RandomForest,8,"{'n_estimators': 400, 'max_depth': None, 'min_samples_split': 4, 'min_samples_leaf': 1, 'max_features': 0.7}",0.7078202989976642,1.0432150042717185,0.13791930845455813,0.3906909391932549,0.45766174181881175,0.31687917269068944,1.0401862138508098,0.08011628776237155,
confidence_score,B_improved_only,RandomForest,9,"{'n_estimators': 700, 'max_depth': 8, 'min_samples_split': 2, 'min_samples_leaf': 2, 'max_features': 0.5}",0.6928646150620505,1.0259349089440593,0.1662422502373796,0.41116315277241533,0.4672532781729056,0.31401779730557516,1.0225087921394016,0.08446218281029297,
confidence_score,B_improved_only,RandomForest,10,"{'n_estimators': 700, 'max_depth': 8, 'min_samples_split': 12, 'min_samples_leaf': 2, 'max_features': 1.0}",0.696439909993715,1.0293464729575807,0.16068800461587018,0.4081434837551511,0.46440815769539506,0.3204705349316934,1.0260325010207239,0.0831989334396368,
confidence_score,B_improved_only,RandomForest,11,"{'n_estimators': 200, 'max_depth': 12, 'min_samples_split': 2, 'min_samples_leaf': 1, 'max_features': 1.0}",0.7110069790906459,1.0478141160025713,0.13030142524838084,0.38566688605473587,0.45421316812286316,0.3161108818878303,1.0451358861242805,0.07557480888783116,
confidence_score,C_original_plus_new,Ridge,0,{'alpha': 0.1},0.7160405690681566,1.0479790806503742,0.13002755832754376,0.3951245980402448,0.4494333143338949,0.33581913828907073,1.0450726510727897,0.0783894988297154,
confidence_score,C_original_plus_new,Ridge,1,{'alpha': 1.0},0.7124744101801154,1.0407856748357385,0.14192967932608702,0.4022137930142552,0.45147597311139587,0.3373616657404937,1.0377786201080084,0.07950885414537313,
confidence_score,C_original_plus_new,Ridge,2,{'alpha': 10.0},0.7040141047943997,1.030233003513536,0.15924165750303687,0.4116259560557062,0.46019000981985353,0.3341765411232236,1.0268522421819264,0.0838499158439395,
confidence_score,C_original_plus_new,Ridge,3,{'alpha': 100.0},0.6966027765734976,1.0248124684175528,0.16806562429783234,0.4144422449632692,0.46322348931785234,0.32124129219935105,1.0214353215119818,0.08358295311675686,
confidence_score,C_original_plus_new,Ridge,4,{'alpha': 1000.0},0.6892596514247026,1.0168674990242046,0.18091494488079063,0.426297721468748,0.4645823454904238,0.2929160283833953,1.013521285191485,0.08307445794781806,
confidence_score,C_original_plus_new,Ridge,5,{'alpha': 10000.0},0.7101171854768964,1.048075735695749,0.12986707591895919,0.397935927215094,0.44307087709176374,0.17328744762076434,1.0445737151159615,0.08626654613537602,
confidence_score,C_original_plus_new,SVR,0,"{'C': 10.0, 'epsilon': 0.05, 'gamma': 0.1}",0.7518259285237952,1.0947541505359126,0.05063444757750446,0.25617346349775416,0.3226875271110151,0.16793089803383848,1.0906503580300355,0.09513997836568953,
confidence_score,C_original_plus_new,SVR,1,"{'C': 0.1, 'epsilon': 0.05, 'gamma': 0.001}",0.6990559605012721,1.0371099569283708,0.14797982975227153,0.42869955159002987,0.46548073207824275,0.19429971392841178,1.0335540606041933,0.08646634028158448,
confidence_score,C_original_plus_new,SVR,2,"{'C': 10.0, 'epsilon': 0.05, 'gamma': 'scale'}",0.7527524768821989,1.0797719865020599,0.0764415620566502,0.3310017330808064,0.3751947560618346,0.26877660040146584,1.074980208706685,0.10249617112315956,
confidence_score,C_original_plus_new,SVR,3,"{'C': 1.0, 'epsilon': 0.2, 'gamma': 0.01}",0.6863812747061884,1.021864798522223,0.17284453021158142,0.41579412940410904,0.47054081199416414,0.2923700612145758,1.0175155309125046,0.09482872845933286,
confidence_score,C_original_plus_new,SVR,4,"{'C': 1.0, 'epsilon': 0.05, 'gamma': 'scale'}",0.6862410983054292,1.021719323644727,0.17308002472233852,0.4161326882580274,0.472520787795656,0.29117785631580595,1.0171739695395074,0.09692367755947308,
confidence_score,C_original_plus_new,SVR,5,"{'C': 10.0, 'epsilon': 0.1, 'gamma': 'scale'}",0.7488292232881706,1.076665169025898,0.08174860759399294,0.33593046471588567,0.3814337366355275,0.27251592000405367,1.0720034870745425,0.10096135589249369,
confidence_score,C_original_plus_new,SVR,6,"{'C': 100.0, 'epsilon': 0.05, 'gamma': 0.01}",0.9372173937450484,1.2832629556878068,-0.304462454634443,0.20420983536275422,0.24577573167451316,0.19881019967915053,1.2787114907748651,0.10870273831917882,
confidence_score,C_original_plus_new,SVR,7,"{'C': 0.1, 'epsilon': 0.4, 'gamma': 0.01}",0.6861663878074762,1.0209335386368918,0.1743514726375529,0.4308822618680406,0.4792727941963189,0.25304923966985904,1.0170127298355227,0.08996699049931156,
confidence_score,C_original_plus_new,SVR,8,"{'C': 1.0, 'epsilon': 0.1, 'gamma': 0.01}",0.686077909619122,1.0219556752286956,0.17269740212296447,0.4156472012579922,0.47369795636553924,0.29111937536755045,1.0174332672487039,0.09669763540211998,
confidence_score,C_original_plus_new,SVR,9,"{'C': 0.1, 'epsilon': 0.05, 'gamma': 0.01}",0.6834094425519389,1.0201856619439598,0.17556067402155462,0.43496321629542595,0.4818207131995922,0.2514069299346407,1.015976164383155,0.09319796777292859,
confidence_score,C_original_plus_new,SVR,10,"{'C': 1.0, 'epsilon': 0.4, 'gamma': 'scale'}",0.6848441359920873,1.0171656892560663,0.1804344909885215,0.4250211385815868,0.4765153014183446,0.3004380691571281,1.012844067548845,0.09429182859776582,
confidence_score,C_original_plus_new,SVR,11,"{'C': 100.0, 'epsilon': 0.4, 'gamma': 'scale'}",0.8958947434271475,1.2307228288737726,-0.19983294188267875,0.23605144271619324,0.28399578810270276,0.22582979464778952,1.227637343116335,0.08788870874247563,
confidence_score,C_original_plus_new,ExtraTrees,0,"{'n_estimators': 700, 'max_depth': None, 'min_samples_split': 12, 'min_samples_leaf': 2, 'max_features': 0.5}",0.6874815879142964,1.0190811112880727,0.17734494145813895,0.42263581080524154,0.4833233370967857,0.3200725699454091,1.0156497310701957,0.08413158336021155,
confidence_score,C_original_plus_new,ExtraTrees,1,"{'n_estimators': 400, 'max_depth': None, 'min_samples_split': 12, 'min_samples_leaf': 3, 'max_features': 1.0}",0.6910427118105595,1.022495479959503,0.1718231963018495,0.417773775008261,0.48076598074040805,0.3215875106350939,1.0190833650230526,0.08401172761258065,
confidence_score,C_original_plus_new,ExtraTrees,2,"{'n_estimators': 700, 'max_depth': 20, 'min_samples_split': 2, 'min_samples_leaf': 1, 'max_features': 1.0}",0.7091476014766005,1.0445578404748264,0.13569852325489629,0.392984034144132,0.4663903661626048,0.32515378066998285,1.0412803194982547,0.08323353865784867,
confidence_score,C_original_plus_new,ExtraTrees,3,"{'n_estimators': 400, 'max_depth': 8, 'min_samples_split': 8, 'min_samples_leaf': 3, 'max_features': 0.5}",0.6828874505093714,1.015741218446621,0.18272837425944966,0.42749536291624474,0.48609676862724627,0.3114543356230467,1.0121135790547273,0.08637500379765779,
confidence_score,C_original_plus_new,ExtraTrees,4,"{'n_estimators': 400, 'max_depth': 20, 'min_samples_split': 4, 'min_samples_leaf': 2, 'max_features': 0.7}",0.6943542531955363,1.0257943073008355,0.16647076312990905,0.41355619743047994,0.477222795087281,0.32302302022488105,1.0222283667875094,0.08601637342204295,
confidence_score,C_original_plus_new,ExtraTrees,5,"{'n_estimators': 700, 'max_depth': 20, 'min_samples_split': 12, 'min_samples_leaf': 3, 'max_features': 0.5}",0.6864254170951499,1.0170429882229157,0.1806322079787166,0.4257386482397701,0.48348616053857324,0.31885256483723956,1.0134173586902537,0.08640450821371748,
confidence_score,C_original_plus_new,ExtraTrees,6,"{'n_estimators': 400, 'max_depth': None, 'min_samples_split': 8, 'min_samples_leaf': 5, 'max_features': 1.0}",0.6884522219860588,1.0171727527155807,0.1804231084026684,0.4263700309818917,0.48419559007122925,0.32520476294806494,1.0133941769060861,0.08816620913034891,
confidence_score,C_original_plus_new,ExtraTrees,7,"{'n_estimators': 700, 'max_depth': 12, 'min_samples_split': 8, 'min_samples_leaf': 5, 'max_features': 1.0}",0.6876478470054469,1.0176119816753622,0.17971514679609735,0.4253556052497911,0.483935205431588,0.3229895311850804,1.0138919067679375,0.0875174612226631,
confidence_score,C_original_plus_new,ExtraTrees,8,"{'n_estimators': 700, 'max_depth': None, 'min_samples_split': 8, 'min_samples_leaf': 5, 'max_features': 0.5}",0.6824067813823141,1.0132083762262325,0.18679917329938922,0.432352873412696,0.48584005469171665,0.31994029334095164,1.0094686973899658,0.08759691060593594,
confidence_score,C_original_plus_new,ExtraTrees,9,"{'n_estimators': 200, 'max_depth': 12, 'min_samples_split': 8, 'min_samples_leaf': 5, 'max_features': 1.0}",0.6896616905166914,1.0184270785713008,0.17840054078662926,0.42398222794227647,0.48198787350427963,0.32232941223356704,1.0147874308472424,0.08658895650031,
confidence_score,C_original_plus_new,ExtraTrees,10,"{'n_estimators': 200, 'max_depth': 8, 'min_samples_split': 12, 'min_samples_leaf': 5, 'max_features': 'sqrt'}",0.679558194271708,1.0163747525787183,0.18170856541194458,0.43756376666657665,0.4915504444737979,0.2659669652580252,1.0125806003282607,0.08843659456727884,
confidence_score,C_original_plus_new,ExtraTrees,11,"{'n_estimators': 200, 'max_depth': 12, 'min_samples_split': 8, 'min_samples_leaf': 2, 'max_features': 'sqrt'}",0.6781107993005641,1.0113125760300314,0.1898394639793779,0.43865976812623525,0.49280282208592724,0.2957912907071703,1.0076716014448543,0.08639770646798492,
confidence_score,C_original_plus_new,RandomForest,0,"{'n_estimators': 700, 'max_depth': 12, 'min_samples_split': 8, 'min_samples_leaf': 3, 'max_features': 0.5}",0.6946237224854251,1.0227684733806777,0.17138091170582292,0.41868311704477695,0.47618379042826353,0.3271457911538796,1.0193536720286807,0.0840958605015323,
confidence_score,C_original_plus_new,RandomForest,1,"{'n_estimators': 700, 'max_depth': 12, 'min_samples_split': 12, 'min_samples_leaf': 3, 'max_features': 0.5}",0.6945223263670341,1.0230770972428538,0.17088075900479194,0.41767845341768967,0.475118693703614,0.3247617726189698,1.0196158387583367,0.08472430979452525,
confidence_score,C_original_plus_new,RandomForest,2,"{'n_estimators': 400, 'max_depth': 20, 'min_samples_split': 8, 'min_samples_leaf': 5, 'max_features': 'sqrt'}",0.6820127109901474,1.0128602691972783,0.1873578585638348,0.43286124999337616,0.4867275011224521,0.3170733050213027,1.0090707932400507,0.0882060116717534,
confidence_score,C_original_plus_new,RandomForest,3,"{'n_estimators': 400, 'max_depth': 8, 'min_samples_split': 4, 'min_samples_leaf': 3, 'max_features': 0.5}",0.692917470936498,1.0219431693604204,0.17271764972128945,0.4191290310781414,0.4784336264087325,0.3241399954503597,1.0184708399912177,0.08473123782336031,
confidence_score,C_original_plus_new,RandomForest,4,"{'n_estimators': 400, 'max_depth': 12, 'min_samples_split': 12, 'min_samples_leaf': 5, 'max_features': 1.0}",0.693105144302946,1.0211017947156875,0.17407930637817692,0.42067369823763934,0.4747948774364537,0.3258056489430837,1.0175807774755377,0.08533872578583532,
confidence_score,C_original_plus_new,RandomForest,5,"{'n_estimators': 700, 'max_depth': 20, 'min_samples_split': 8, 'min_samples_leaf': 3, 'max_features': 'sqrt'}",0.684583288337066,1.0148054359513032,0.1842335532855225,0.4294211490992321,0.4833229694157251,0.31775004709930266,1.0112872435339306,0.0850850414508621,
confidence_score,C_original_plus_new,RandomForest,6,"{'n_estimators': 400, 'max_depth': 8, 'min_samples_split': 4, 'min_samples_leaf': 5, 'max_features': 'sqrt'}",0.6805070768320407,1.0124535797155274,0.18801032104196902,0.4337144649352174,0.48515884082078026,0.3117387018169879,1.0087135070938555,0.08760769219913862,
confidence_score,C_original_plus_new,RandomForest,7,"{'n_estimators': 700, 'max_depth': 8, 'min_samples_split': 8, 'min_samples_leaf': 5, 'max_features': 1.0}",0.693082454528809,1.0221844198419152,0.17232700994982475,0.4182071716689515,0.4732687573905143,0.32149142213929666,1.0187600008205018,0.08418961927224919,
confidence_score,C_original_plus_new,RandomForest,8,"{'n_estimators': 400, 'max_depth': None, 'min_samples_split': 4, 'min_samples_leaf': 1, 'max_features': 0.7}",0.706306308170696,1.0404958328236533,0.14240753024991637,0.3952193240317325,0.46480615250907653,0.32069824572836214,1.0376949324570146,0.07699873559301813,
confidence_score,C_original_plus_new,RandomForest,9,"{'n_estimators': 700, 'max_depth': 8, 'min_samples_split': 2, 'min_samples_leaf': 2, 'max_features': 0.5}",0.6949642132196052,1.0255115932757184,0.16693014944297013,0.41368558907121716,0.4738869710100876,0.32213878559449227,1.022269050993027,0.08208895055259931,
confidence_score,C_original_plus_new,RandomForest,10,"{'n_estimators': 700, 'max_depth': 8, 'min_samples_split': 12, 'min_samples_leaf': 2, 'max_features': 1.0}",0.6976510295087864,1.0289304947043028,0.16136623104564796,0.4080793679551114,0.467517468089742,0.3182968545325722,1.0257188982714096,0.08183480784281844,
confidence_score,C_original_plus_new,RandomForest,11,"{'n_estimators': 200, 'max_depth': 12, 'min_samples_split': 2, 'min_samples_leaf': 1, 'max_features': 1.0}",0.7120831483298694,1.0456421558579727,0.1339031955603086,0.3888525228982848,0.45638886985573396,0.31829504533357167,1.042858344721958,0.07696212622949068,
speaking_skills,A_original,Ridge,0,{'alpha': 0.1},0.7708177555759883,1.1946842396749364,0.17149977668945482,0.4164235482054183,0.4634578532831169,0.31625209921169456,1.1929770951362517,0.06421720755514838,
speaking_skills,A_original,Ridge,1,{'alpha': 1.0},0.7689961975566943,1.1929143924110701,0.17395269717925532,0.41839394660746165,0.4632016637514861,0.3138514967204798,1.1911289763786024,0.0656254673625292,
speaking_skills,A_original,Ridge,2,{'alpha': 10.0},0.767403252082748,1.1911606343510908,0.17637973173233112,0.4204040031356562,0.4654931805911197,0.3095553714895538,1.1892938583010442,0.06704144181604729,
speaking_skills,A_original,Ridge,3,{'alpha': 100.0},0.764244189283261,1.1922513388599245,0.1748707201055265,0.4182052039837546,0.46253403468259524,0.2953975018035696,1.1902576476106268,0.06932355969010301,
speaking_skills,A_original,Ridge,4,{'alpha': 1000.0},0.7628901008683137,1.2028792958243768,0.16009443188931527,0.40593473200060837,0.448879587153618,0.24596577244392628,1.2004282124302026,0.07721354307937821,
speaking_skills,A_original,Ridge,5,{'alpha': 10000.0},0.7975944990222272,1.252560202289991,0.08928271738918847,0.3779607521813409,0.4232353348755882,0.10841947248310564,1.2492649223372643,0.09122454270717546,
speaking_skills,A_original,SVR,0,"{'C': 10.0, 'epsilon': 0.2, 'gamma': 0.1}",0.9066194716295846,1.3317289041690614,-0.029480233969127356,0.2332171732872283,0.2636738258159859,0.1911511548069314,1.3269366671346885,0.11357374018324748,
speaking_skills,A_original,SVR,1,"{'C': 10.0, 'epsilon': 0.1, 'gamma': 0.001}",0.7501028803722191,1.1884954241142536,0.18006129293570883,0.4333852839436934,0.47572956751850803,0.2703021474705863,1.1857570435613427,0.08099688507925323,
speaking_skills,A_original,SVR,2,"{'C': 10.0, 'epsilon': 0.2, 'gamma': 0.001}",0.7509414116840204,1.189700510533943,0.1783976803949222,0.4315284023366362,0.4714005837328895,0.26658552022014775,1.1869712224055162,0.08089912675498606,
speaking_skills,A_original,SVR,3,"{'C': 100.0, 'epsilon': 0.05, 'gamma': 0.01}",0.8535585039970625,1.2965904335036498,0.02412995609187274,0.28481856261587035,0.34209314818933684,0.23372167942418154,1.2942679664384653,0.07840905912507302,
speaking_skills,A_original,SVR,4,"{'C': 10.0, 'epsilon': 0.1, 'gamma': 0.1}",0.9122337092721534,1.3389820960714436,-0.040724792879185845,0.22912336055449462,0.26044624172361447,0.19027814822393416,1.3342641612207042,0.11292640618174019,
speaking_skills,A_original,SVR,5,"{'C': 1.0, 'epsilon': 0.4, 'gamma': 0.001}",0.7610147768323604,1.2042768388124963,0.15814164074435177,0.41440343180599504,0.455652214710426,0.22687368536877536,1.201307135482074,0.08496302374159795,
speaking_skills,A_original,SVR,6,"{'C': 100.0, 'epsilon': 0.1, 'gamma': 0.01}",0.847287294390151,1.291324390204945,0.03204076264692901,0.28782439982463903,0.3440390448315393,0.23366527677922172,1.2889611792909572,0.07890083784469606,
speaking_skills,A_original,SVR,7,"{'C': 100.0, 'epsilon': 0.2, 'gamma': 'scale'}",0.9364118412430693,1.3734186867898235,-0.09494489995140687,0.21455403646741095,0.25096851815193083,0.18777328625505543,1.3691688496648802,0.10886244366458493,
speaking_skills,A_original,SVR,8,"{'C': 1.0, 'epsilon': 0.1, 'gamma': 0.01}",0.7534091255574822,1.1939366673451193,0.17253631846093775,0.4220055227594255,0.4696139195694959,0.2647829819348156,1.1911387560291726,0.08210724362093348,
speaking_skills,A_original,SVR,9,"{'C': 100.0, 'epsilon': 0.4, 'gamma': 0.01}",0.8398549083656864,1.2876779423966844,0.037499699839946055,0.28288812909482786,0.33607267647644123,0.22326419482462265,1.2843959708516108,0.0927314896227991,
speaking_skills,A_original,SVR,10,"{'C': 0.1, 'epsilon': 0.1, 'gamma': 0.001}",0.7905222767918874,1.2435461889333193,0.102343453368682,0.39180114301962127,0.42918153501414213,0.1263753682515835,1.2403144540392352,0.09001999605867755,
speaking_skills,A_original,SVR,11,"{'C': 100.0, 'epsilon': 0.05, 'gamma': 'scale'}",0.946375203973242,1.384239538033199,-0.11226650881661349,0.21195454583003445,0.24744452553571517,0.18823409395039803,1.3798231092875206,0.11138776745646334,
speaking_skills,A_original,ExtraTrees,0,"{'n_estimators': 200, 'max_depth': 20, 'min_samples_split': 4, 'min_samples_leaf': 1, 'max_features': 'sqrt'}",0.7685570394363741,1.1997692976870764,0.16443190450726042,0.40567467081415054,0.45490996410570167,0.2876160527255163,1.1972686182029413,0.07803344411570591,
speaking_skills,A_original,ExtraTrees,1,"{'n_estimators': 200, 'max_depth': 8, 'min_samples_split': 2, 'min_samples_leaf': 2, 'max_features': 0.7}",0.769501539331426,1.1980387474294338,0.16684061713900755,0.4091244632898967,0.45925458098125527,0.2979209797808512,1.1957902146254527,0.07391731103487975,
speaking_skills,A_original,ExtraTrees,2,"{'n_estimators': 200, 'max_depth': None, 'min_samples_split': 12, 'min_samples_leaf': 5, 'max_features': 'sqrt'}",0.7549966886875218,1.1970881170425327,0.16816229792108572,0.41775493660299295,0.46687086823737356,0.25347099613033486,1.1942278350789803,0.08327903795028614,
speaking_skills,A_original,ExtraTrees,3,"{'n_estimators': 700, 'max_depth': 8, 'min_samples_split': 4, 'min_samples_leaf': 2, 'max_features': 1.0}",0.7715714884434471,1.2021180968333398,0.16115710373517822,0.40321957879515613,0.45814787870692225,0.2975856667923526,1.1998533271330172,0.0742406107446446,
speaking_skills,A_original,ExtraTrees,4,"{'n_estimators': 400, 'max_depth': None, 'min_samples_split': 4, 'min_samples_leaf': 3, 'max_features': 1.0}",0.7810245396456678,1.2075841264919227,0.1535113250457475,0.3966936353443131,0.44848515840279923,0.3004451287519603,1.2052682865318973,0.07525610781950264,
speaking_skills,A_original,ExtraTrees,5,"{'n_estimators': 200, 'max_depth': 20, 'min_samples_split': 2, 'min_samples_leaf': 5, 'max_features': 'sqrt'}",0.7550994286750999,1.1974303474394328,0.1676866088955583,0.4169719303441764,0.4658024845314561,0.25320953681943364,1.194684117590866,0.08162173418890595,
speaking_skills,A_original,ExtraTrees,6,"{'n_estimators': 700, 'max_depth': None, 'min_samples_split': 4, 'min_samples_leaf': 5, 'max_features': 0.7}",0.7722872605194291,1.1993388938044915,0.16503129848444065,0.40716273326990887,0.45566299706828994,0.2975380076041679,1.1970218574075675,0.07503660753988552,
speaking_skills,A_original,ExtraTrees,7,"{'n_estimators': 200, 'max_depth': 8, 'min_samples_split': 8, 'min_samples_leaf': 3, 'max_features': 'sqrt'}",0.7545643828848454,1.1992154236042425,0.16520320726957938,0.4183614628030839,0.46869442454386134,0.2424182387277855,1.1964229291685153,0.0823494225336729,
speaking_skills,A_original,ExtraTrees,8,"{'n_estimators': 200, 'max_depth': 12, 'min_samples_split': 12, 'min_samples_leaf': 2, 'max_features': 0.5}",0.7696412862301708,1.1984114768209424,0.1663221175529731,0.4085827637020729,0.46077491558953787,0.29784376526893896,1.1961880917262333,0.07349067692753992,
speaking_skills,A_original,ExtraTrees,9,"{'n_estimators': 200, 'max_depth': 8, 'min_samples_split': 2, 'min_samples_leaf': 1, 'max_features': 0.5}",0.7686009079212976,1.198550783544673,0.16612828816008285,0.4078510819090363,0.4622852696504632,0.2923171491029607,1.1963279523584949,0.07347552102894543,
speaking_skills,A_original,ExtraTrees,10,"{'n_estimators': 400, 'max_depth': 12, 'min_samples_split': 4, 'min_samples_leaf': 2, 'max_features': 0.5}",0.7730655068421023,1.2029801713119397,0.15995355418593826,0.4019076504660281,0.45428412664079143,0.2968956175849514,1.2006771320454503,0.0749158834857006,
speaking_skills,A_original,ExtraTrees,11,"{'n_estimators': 700, 'max_depth': None, 'min_samples_split': 12, 'min_samples_leaf': 2, 'max_features': 1.0}",0.7790306469220529,1.2062640574183487,0.1553609895807091,0.39856586912783254,0.452638767182059,0.30140763357965955,1.2039701057051864,0.07489421159354973,
speaking_skills,A_original,RandomForest,0,"{'n_estimators': 400, 'max_depth': 12, 'min_samples_split': 2, 'min_samples_leaf': 2, 'max_features': 1.0}",0.7933490061360697,1.217891970652618,0.13899852526008016,0.39048176696675013,0.44511187958249493,0.31468852296704586,1.2154504834335147,0.07752515774708038,
speaking_skills,A_original,RandomForest,1,"{'n_estimators': 700, 'max_depth': 20, 'min_samples_split': 2, 'min_samples_leaf': 5, 'max_features': 'sqrt'}",0.7677428380573044,1.1990661877731092,0.16541096617425655,0.40714602384128457,0.4552314723993311,0.29356615160114935,1.1964363997999496,0.07996015411170536,
speaking_skills,A_original,RandomForest,2,"{'n_estimators': 700, 'max_depth': 12, 'min_samples_split': 2, 'min_samples_leaf': 2, 'max_features': 1.0}",0.7917458015444172,1.216708711849017,0.14067074692057147,0.3914179193041393,0.4463788332108663,0.31425953346557234,1.2143153166147518,0.07667447671010642,
speaking_skills,A_original,RandomForest,3,"{'n_estimators': 700, 'max_depth': 12, 'min_samples_split': 4, 'min_samples_leaf': 1, 'max_features': 'sqrt'}",0.7739612646210231,1.2030258527517659,0.1598897538662164,0.40308359692043605,0.45417193075844925,0.3033896366826831,1.2003427980938866,0.08084147841015143,
speaking_skills,A_original,RandomForest,4,"{'n_estimators': 200, 'max_depth': 8, 'min_samples_split': 2, 'min_samples_leaf': 2, 'max_features': 0.7}",0.7799074290097667,1.2080449665411723,0.1528651252347677,0.39980896749044953,0.4566335909016324,0.3131358713605692,1.2055623992871207,0.077813608120999,
speaking_skills,A_original,RandomForest,5,"{'n_estimators': 200, 'max_depth': 12, 'min_samples_split': 8, 'min_samples_leaf': 1, 'max_features': 1.0}",0.7993458767402846,1.2274879082272467,0.12537717660800873,0.38282685699470226,0.4459986249082696,0.31604330264186564,1.225187726387261,0.07540315267900467,
speaking_skills,A_original,RandomForest,6,"{'n_estimators': 200, 'max_depth': 12, 'min_samples_split': 12, 'min_samples_leaf': 3, 'max_features': 1.0}",0.7850956590637818,1.2096858190313657,0.1505622848247583,0.39863840413502993,0.4498523427744041,0.31503466908460087,1.2073983544619302,0.07485098416722664,
speaking_skills,A_original,RandomForest,7,"{'n_estimators': 200, 'max_depth': 12, 'min_samples_split': 8, 'min_samples_leaf': 1, 'max_features': 1.0}",0.7993458767402846,1.2274879082272467,0.12537717660800873,0.38282685699470226,0.4459986249082696,0.31604330264186564,1.225187726387261,0.07540315267900467,
speaking_skills,A_original,RandomForest,8,"{'n_estimators': 200, 'max_depth': 12, 'min_samples_split': 4, 'min_samples_leaf': 3, 'max_features': 'sqrt'}",0.7662567510766366,1.1978852294824924,0.16705412730012825,0.40932754863626253,0.46124194584530026,0.2977966673499534,1.1950049147752075,0.08358120360305568,
speaking_skills,A_original,RandomForest,9,"{'n_estimators': 200, 'max_depth': 12, 'min_samples_split': 12, 'min_samples_leaf': 2, 'max_features': 'sqrt'}",0.7674796350228891,1.1980956156527514,0.16676151883193924,0.409531244705775,0.4561424974708836,0.3021001764177333,1.195478105481243,0.07965971161692122,
speaking_skills,A_original,RandomForest,10,"{'n_estimators': 400, 'max_depth': 20, 'min_samples_split': 8, 'min_samples_leaf': 5, 'max_features': 'sqrt'}",0.7690296115771774,1.200415270754417,0.1635318984936842,0.40497867863791376,0.4525350102445528,0.2923065865848538,1.197722779479661,0.08096775584094822,
speaking_skills,A_original,RandomForest,11,"{'n_estimators': 700, 'max_depth': 12, 'min_samples_split': 4, 'min_samples_leaf': 5, 'max_features': 'sqrt'}",0.7671338594320106,1.1988168260219254,0.16575805784445563,0.4075189618012379,0.4562158299080571,0.29344844407587284,1.1961428431448708,0.08061250366879562,
speaking_skills,B_improved_only,Ridge,0,{'alpha': 0.1},0.8062409400455087,1.2550472443037202,0.08566254681855334,0.33915796984960717,0.40767485706869483,0.274693189816486,1.253680268602284,0.05883714415540559,
speaking_skills,B_improved_only,Ridge,1,{'alpha': 1.0},0.8031080960547149,1.2472959753451038,0.09692170820778312,0.3453278482287421,0.40896993608185966,0.27451120684124575,1.2459733496632983,0.05780950116391492,
speaking_skills,B_improved_only,Ridge,2,{'alpha': 10.0},0.7989224204605265,1.2407617216830757,0.10635890036240614,0.3489661469402069,0.4108862986299599,0.2698016376158018,1.2396577772024835,0.052846763629122225,
speaking_skills,B_improved_only,Ridge,3,{'alpha': 100.0},0.7891574066165544,1.2317333012097813,0.11931676872762331,0.3545546651605919,0.419178751348252,0.25914261977275815,1.2305747193981125,0.054053604616867854,
speaking_skills,B_improved_only,Ridge,4,{'alpha': 1000.0},0.7803813580236942,1.226593278235182,0.12665161469047848,0.3587340623085898,0.4191607039670321,0.2048746976684641,1.2241159808803879,0.07859967884817541,
speaking_skills,B_improved_only,Ridge,5,{'alpha': 10000.0},0.8119204252406267,1.2667223545351425,0.06857212604838114,0.30494663591,0.39417024180201676,0.08871925583415802,1.2634331880940168,0.0917387765459977,
speaking_skills,B_improved_only,SVR,0,"{'C': 10.0, 'epsilon': 0.2, 'gamma': 0.1}",0.8785240153234626,1.2908897844860823,0.032692202101846646,0.28902650794960777,0.31563461653511055,0.23352799756362805,1.2882060822335881,0.084107076872171,
speaking_skills,B_improved_only,SVR,1,"{'C': 10.0, 'epsilon': 0.1, 'gamma': 0.001}",0.7690424450797311,1.2069669190673242,0.15437640030919575,0.39444220666681273,0.4488639646413089,0.25647598339237454,1.2046801692144602,0.07488979520452804,
speaking_skills,B_improved_only,SVR,2,"{'C': 10.0, 'epsilon': 0.2, 'gamma': 0.001}",0.7685969474174922,1.2081096261639188,0.15277443839969185,0.392311194078454,0.4470108343758628,0.25121485691265705,1.2057890935557296,0.07546796830880405,
speaking_skills,B_improved_only,SVR,3,"{'C': 100.0, 'epsilon': 0.05, 'gamma': 0.01}",0.9274957485393169,1.347809004922151,-0.05449146293833884,0.2524512138698036,0.2866211615578512,0.22198998622336336,1.3446690963231474,0.09315551895731412,
speaking_skills,B_improved_only,SVR,4,"{'C': 10.0, 'epsilon': 0.1, 'gamma': 0.1}",0.8869981161653622,1.2974775540811196,0.022794128627466992,0.2820166543804664,0.30698738674509385,0.22963304682059896,1.2946855020347288,0.08592491195474669,
speaking_skills,B_improved_only,SVR,5,"{'C': 1.0, 'epsilon': 0.4, 'gamma': 0.001}",0.7733588083290698,1.2179410980174117,0.13892906164970953,0.3894881745569553,0.4362282727487793,0.2001795798863713,1.214886847527548,0.08681232338448498,
speaking_skills,B_improved_only,SVR,6,"{'C': 100.0, 'epsilon': 0.1, 'gamma': 0.01}",0.9218102645116935,1.3433429775342007,-0.04751482848975308,0.2523174770262377,0.286911820081165,0.2199918516786195,1.340202546875653,0.09299152243019038,
speaking_skills,B_improved_only,SVR,7,"{'C': 100.0, 'epsilon': 0.2, 'gamma': 'scale'}",0.9742940712213531,1.3880133363955702,-0.11833943349892273,0.23238325137014673,0.26318086932405815,0.21151486624185373,1.3847940740595475,0.09588041123278239,
speaking_skills,B_improved_only,SVR,8,"{'C': 1.0, 'epsilon': 0.1, 'gamma': 0.01}",0.7639525062314197,1.2018389984594462,0.16154657047871646,0.4051403172390113,0.4510308243091541,0.2574651575637852,1.198851060743817,0.08547203662006124,
speaking_skills,B_improved_only,SVR,9,"{'C': 100.0, 'epsilon': 0.4, 'gamma': 0.01}",0.902387505883217,1.3160075534233373,-0.0053172273301185236,0.2779794348659237,0.3182563248424078,0.23771542779712135,1.3126284353937148,0.09527292453289102,
speaking_skills,B_improved_only,SVR,10,"{'C': 0.1, 'epsilon': 0.1, 'gamma': 0.001}",0.8030082913570165,1.2566035409086447,0.08339352858050864,0.3548620935763751,0.40598797180138807,0.10324496694509687,1.2532814155373946,0.0918190657264211,
speaking_skills,B_improved_only,SVR,11,"{'C': 100.0, 'epsilon': 0.05, 'gamma': 'scale'}",0.9858567341333582,1.4007557433542996,-0.1389671135496242,0.22597573928804543,0.2530305197762079,0.20753350866530207,1.3976157536318055,0.09508818354712553,
speaking_skills,B_improved_only,ExtraTrees,0,"{'n_estimators': 200, 'max_depth': 20, 'min_samples_split': 4, 'min_samples_leaf': 1, 'max_features': 'sqrt'}",0.7657146981269898,1.204157791940038,0.15830807365731336,0.39867379802412567,0.45484186951245065,0.26156975592540077,1.2011052766024097,0.0863062802220847,
speaking_skills,B_improved_only,ExtraTrees,1,"{'n_estimators': 200, 'max_depth': 8, 'min_samples_split': 2, 'min_samples_leaf': 2, 'max_features': 0.7}",0.7645556919907872,1.199126045209084,0.16532763865309263,0.4066998447601411,0.46401896729265485,0.27944681629707013,1.1965505242016221,0.07914606929682179,
speaking_skills,B_improved_only,ExtraTrees,2,"{'n_estimators': 200, 'max_depth': None, 'min_samples_split': 12, 'min_samples_leaf': 5, 'max_features': 'sqrt'}",0.7584621409475261,1.2070776978642679,0.15422116579110434,0.40569246745483734,0.4657354960640612,0.2257470237490708,1.2038841598413446,0.08844359607472546,
speaking_skills,B_improved_only,ExtraTrees,3,"{'n_estimators': 700, 'max_depth': 8, 'min_samples_split': 4, 'min_samples_leaf': 2, 'max_features': 1.0}",0.7655190503780848,1.2003222900215458,0.1636614743277568,0.40461238058109467,0.46555373448835885,0.2848220419842398,1.1978705395169127,0.07729058507489553,
speaking_skills,B_improved_only,ExtraTrees,4,"{'n_estimators': 400, 'max_depth': None, 'min_samples_split': 4, 'min_samples_leaf': 3, 'max_features': 1.0}",0.772547446854004,1.2048320592849153,0.157365200095548,0.398716133696826,0.4601195723173776,0.29327890150745906,1.2024922654772792,0.0756017425096217,
speaking_skills,B_improved_only,ExtraTrees,5,"{'n_estimators': 200, 'max_depth': 20, 'min_samples_split': 2, 'min_samples_leaf': 5, 'max_features': 'sqrt'}",0.7570334893527073,1.2052320063749555,0.15680567768054043,0.41033984940880014,0.4695056312370426,0.2276591568673896,1.201945320905089,0.08962461201362316,
speaking_skills,B_improved_only,ExtraTrees,6,"{'n_estimators': 700, 'max_depth': None, 'min_samples_split': 4, 'min_samples_leaf': 5, 'max_features': 0.7}",0.7639868260828576,1.1980952842896055,0.16676197973753382,0.40846345891929303,0.4658880560939905,0.28859203871493333,1.1953879937697796,0.0810839111101961,
speaking_skills,B_improved_only,ExtraTrees,7,"{'n_estimators': 200, 'max_depth': 8, 'min_samples_split': 8, 'min_samples_leaf': 3, 'max_features': 'sqrt'}",0.7656757435797028,1.2165511561608517,0.14089328735989826,0.3989656515979691,0.47062846666415,0.19679310747622045,1.2132547913142195,0.09010951091773929,
speaking_skills,B_improved_only,ExtraTrees,8,"{'n_estimators': 200, 'max_depth': 12, 'min_samples_split': 12, 'min_samples_leaf': 2, 'max_features': 0.5}",0.763599226764841,1.1987558315667257,0.16584294627311003,0.4072470154323596,0.4645294302697999,0.2837094153421459,1.1959475173093395,0.08260715761777855,
speaking_skills,B_improved_only,ExtraTrees,9,"{'n_estimators': 200, 'max_depth': 8, 'min_samples_split': 2, 'min_samples_leaf': 1, 'max_features': 0.5}",0.7623917352907658,1.198913355379484,0.16562370524097403,0.40746234461292163,0.46728843158323213,0.27451492772036956,1.1962270321224344,0.0808896838721645,
speaking_skills,B_improved_only,ExtraTrees,10,"{'n_estimators': 400, 'max_depth': 12, 'min_samples_split': 4, 'min_samples_leaf': 2, 'max_features': 0.5}",0.7660451018135085,1.1997649353098192,0.16443798076981664,0.4056467484621315,0.46061031135619873,0.28698292667900327,1.1971917746723504,0.0791200038169834,
speaking_skills,B_improved_only,ExtraTrees,11,"{'n_estimators': 700, 'max_depth': None, 'min_samples_split': 12, 'min_samples_leaf': 2, 'max_features': 1.0}",0.7704493530797034,1.2021197426852714,0.16115480676926452,0.40285737098310925,0.46271382799408245,0.29541920942581384,1.1996761072590483,0.07716205071765402,
speaking_skills,B_improved_only,RandomForest,0,"{'n_estimators': 400, 'max_depth': 12, 'min_samples_split': 2, 'min_samples_leaf': 2, 'max_features': 1.0}",0.7870225500178518,1.2214930440301517,0.13389936474410757,0.38138226748594317,0.450609275758127,0.30080681774464885,1.220071509824052,0.05959896364308473,
speaking_skills,B_improved_only,RandomForest,1,"{'n_estimators': 700, 'max_depth': 20, 'min_samples_split': 2, 'min_samples_leaf': 5, 'max_features': 'sqrt'}",0.7625084673732281,1.2006073167011702,0.16326423585684524,0.4041650543080354,0.4570696401993859,0.27643571859684685,1.197671137464616,0.08454918621566072,
speaking_skills,B_improved_only,RandomForest,2,"{'n_estimators': 700, 'max_depth': 12, 'min_samples_split': 2, 'min_samples_leaf': 2, 'max_features': 1.0}",0.7859921066732409,1.2194384222458312,0.1368105767607356,0.3839488536551499,0.4523565537471251,0.3021351730974899,1.2180454607219178,0.05896039842367881,
speaking_skills,B_improved_only,RandomForest,3,"{'n_estimators': 700, 'max_depth': 12, 'min_samples_split': 4, 'min_samples_leaf': 1, 'max_features': 'sqrt'}",0.7734825640177754,1.2069973437490389,0.15433376756966932,0.3940296806239128,0.44903963645025735,0.28323782691910404,1.2047444118123338,0.07440567809820625,
speaking_skills,B_improved_only,RandomForest,4,"{'n_estimators': 200, 'max_depth': 8, 'min_samples_split': 2, 'min_samples_leaf': 2, 'max_features': 0.7}",0.7765169438795524,1.2135553045714835,0.14511931132991385,0.38779509002860035,0.45678960898769383,0.2945003544590694,1.2118982541817145,0.06391538516460955,
speaking_skills,B_improved_only,RandomForest,5,"{'n_estimators': 200, 'max_depth': 12, 'min_samples_split': 8, 'min_samples_leaf': 1, 'max_features': 1.0}",0.7990516918843306,1.2350146328802178,0.1146182467332082,0.37086917881207415,0.44863031883186355,0.30433586043058325,1.2339935048699662,0.05081993917511105,
speaking_skills,B_improved_only,RandomForest,6,"{'n_estimators': 200, 'max_depth': 12, 'min_samples_split': 12, 'min_samples_leaf': 3, 'max_features': 1.0}",0.7792300449272846,1.2125576013865098,0.14652438380943433,0.3915602975866679,0.45625846319157515,0.30286025316785287,1.2110611712003305,0.06084177289394665,
speaking_skills,B_improved_only,RandomForest,7,"{'n_estimators': 200, 'max_depth': 12, 'min_samples_split': 8, 'min_samples_leaf': 1, 'max_features': 1.0}",0.7990516918843306,1.2350146328802178,0.1146182467332082,0.37086917881207415,0.44863031883186355,0.30433586043058325,1.2339935048699662,0.050819939175111,
speaking_skills,B_improved_only,RandomForest,8,"{'n_estimators': 200, 'max_depth': 12, 'min_samples_split': 4, 'min_samples_leaf': 3, 'max_features': 'sqrt'}",0.7674759811188826,1.2040680400424502,0.1584335399919813,0.398133925069225,0.45292230858211163,0.27762563140399216,1.2013029914391273,0.08215521991609574,
speaking_skills,B_improved_only,RandomForest,9,"{'n_estimators': 200, 'max_depth': 12, 'min_samples_split': 12, 'min_samples_leaf': 2, 'max_features': 'sqrt'}",0.7652626239297625,1.2034674040973206,0.15927294270675185,0.3991538748532548,0.4550227713131817,0.2783704753100561,1.2008848537453374,0.07936803855563758,
speaking_skills,B_improved_only,RandomForest,10,"{'n_estimators': 400, 'max_depth': 20, 'min_samples_split': 8, 'min_samples_leaf': 5, 'max_features': 'sqrt'}",0.7627253421325564,1.2002713561491631,0.16373245035860973,0.40474473724100557,0.458839415904569,0.2772232361838976,1.1973299086070632,0.08460179854212163,
speaking_skills,B_improved_only,RandomForest,11,"{'n_estimators': 700, 'max_depth': 12, 'min_samples_split': 4, 'min_samples_leaf': 5, 'max_features': 'sqrt'}",0.7632019883494227,1.2009027103520336,0.16285244953043265,0.40365666547706175,0.4554796809755478,0.2758946815787437,1.1980101234256004,0.0839208712285373,
speaking_skills,C_original_plus_new,Ridge,0,{'alpha': 0.1},0.8107152796860899,1.2561680896384653,0.08402868244188388,0.3539895141583088,0.4195523374553744,0.30100712095903664,1.2553906612044392,0.04431137315914894,
speaking_skills,C_original_plus_new,Ridge,1,{'alpha': 1.0},0.8076030924153886,1.2495806741199156,0.09361030246587032,0.35843108422651426,0.42201415707195417,0.301261697685827,1.2488337351368333,0.04346060882685113,
speaking_skills,C_original_plus_new,Ridge,2,{'alpha': 10.0},0.7978905466876485,1.2370035696569575,0.11176421364785183,0.36758839855235365,0.4330965913983302,0.3010588158866313,1.2363426209846824,0.04079579237502644,
speaking_skills,C_original_plus_new,Ridge,3,{'alpha': 100.0},0.7839351568053162,1.2206475985281044,0.13509787747077362,0.3799286631601805,0.4447014827923773,0.29489745201795625,1.219714554598451,0.048131317953301375,
speaking_skills,C_original_plus_new,Ridge,4,{'alpha': 1000.0},0.7658708094611967,1.200829336548389,0.16295474395107146,0.40472895583222224,0.45160872590882034,0.2664769506766074,1.1986474958590694,0.07297762358826565,
speaking_skills,C_original_plus_new,Ridge,5,{'alpha': 10000.0},0.7851359515729835,1.2365498238843922,0.11241572238168618,0.37946015082501605,0.4375880857780871,0.14714038662103282,1.2333353754240615,0.08962332837476172,
speaking_skills,C_original_plus_new,SVR,0,"{'C': 10.0, 'epsilon': 0.2, 'gamma': 0.1}",0.8216555823052768,1.2516378250020743,0.09062351624448373,0.3103302106448817,0.3470117329494961,0.20427585749339247,1.2487927558171195,0.08527292907898626,
speaking_skills,C_original_plus_new,SVR,1,"{'C': 10.0, 'epsilon': 0.1, 'gamma': 0.001}",0.7567376800377171,1.1934208648339963,0.17325112295948153,0.4180158923813914,0.46511905573656204,0.28017476936822466,1.191172547132009,0.07378475956346678,
speaking_skills,C_original_plus_new,SVR,2,"{'C': 10.0, 'epsilon': 0.2, 'gamma': 0.001}",0.7580607841534439,1.1948367914565385,0.17128817725526335,0.4154268089370201,0.4638289337728781,0.27633832502931227,1.192412080977498,0.07661454691109806,
speaking_skills,C_original_plus_new,SVR,3,"{'C': 100.0, 'epsilon': 0.05, 'gamma': 0.01}",1.059008794080134,1.4611571419096387,-0.23931073372298473,0.2035202294751925,0.21331151183153932,0.19406276827251934,1.4556536009369418,0.1281449553460987,
speaking_skills,C_original_plus_new,SVR,4,"{'C': 10.0, 'epsilon': 0.1, 'gamma': 0.1}",0.8234367742258916,1.2522337321746964,0.08975739833207041,0.3094331410135791,0.3427828510889813,0.2048302000609587,1.2493454662543944,0.08588707884441536,
speaking_skills,C_original_plus_new,SVR,5,"{'C': 1.0, 'epsilon': 0.4, 'gamma': 0.001}",0.7577758250612496,1.1994252251452184,0.16491108798809295,0.41879364003421055,0.46497796366688765,0.24102292046712834,1.1964647799635408,0.08476821538044754,
speaking_skills,C_original_plus_new,SVR,6,"{'C': 100.0, 'epsilon': 0.1, 'gamma': 0.01}",1.0524426214908285,1.4545215887339553,-0.22808012844359826,0.20661674705032027,0.2182368255639873,0.1964629274988156,1.4488274924647722,0.13002941916743305,
speaking_skills,C_original_plus_new,SVR,7,"{'C': 100.0, 'epsilon': 0.2, 'gamma': 'scale'}",1.0329257573144086,1.4354664594773525,-0.19611368597045087,0.21506803811662953,0.23156980908349215,0.20266047891246963,1.4293184308256788,0.1341511551249497,
speaking_skills,C_original_plus_new,SVR,8,"{'C': 1.0, 'epsilon': 0.1, 'gamma': 0.01}",0.7629142579299896,1.2021999249138566,0.1610428999137271,0.4040794523005896,0.4539257190565189,0.2588628976616864,1.1992017706089027,0.08557812349840534,
speaking_skills,C_original_plus_new,SVR,9,"{'C': 100.0, 'epsilon': 0.4, 'gamma': 0.01}",1.0133819523478835,1.4180472770583679,-0.1672604786975751,0.23029535088804803,0.2596624628059324,0.21620020348459493,1.4119784610490793,0.13260673484248062,
speaking_skills,C_original_plus_new,SVR,10,"{'C': 0.1, 'epsilon': 0.1, 'gamma': 0.001}",0.7775133196889914,1.2282982629262225,0.12422199021395641,0.40396587144030466,0.44732483400169193,0.16045127634341036,1.2250994923344052,0.08909053950911008,
speaking_skills,C_original_plus_new,SVR,11,"{'C': 100.0, 'epsilon': 0.05, 'gamma': 'scale'}",1.051479876241783,1.4531274526747902,-0.22572706570704804,0.20615457994685857,0.21685721091610982,0.19580091371612932,1.4476502597094407,0.12746986822434903,
speaking_skills,C_original_plus_new,ExtraTrees,0,"{'n_estimators': 200, 'max_depth': 20, 'min_samples_split': 4, 'min_samples_leaf': 1, 'max_features': 'sqrt'}",0.7597837831185171,1.193356116269252,0.1733408303755719,0.41657466518728137,0.4713621344826511,0.2898723761274079,1.190650243432767,0.08101893887293903,
speaking_skills,C_original_plus_new,ExtraTrees,1,"{'n_estimators': 200, 'max_depth': 8, 'min_samples_split': 2, 'min_samples_leaf': 2, 'max_features': 0.7}",0.7635600121701798,1.1965109305724784,0.1689642601354755,0.41144032941211856,0.47422191738164526,0.29799042840090056,1.194199685981649,0.07487039504900934,
speaking_skills,C_original_plus_new,ExtraTrees,2,"{'n_estimators': 200, 'max_depth': None, 'min_samples_split': 12, 'min_samples_leaf': 5, 'max_features': 'sqrt'}",0.7537446228550553,1.1930387399865432,0.17378047638367122,0.4210468272762251,0.4730140939570637,0.2694840443973847,1.190041352634584,0.08515274201189511,
speaking_skills,C_original_plus_new,ExtraTrees,3,"{'n_estimators': 700, 'max_depth': 8, 'min_samples_split': 4, 'min_samples_leaf': 2, 'max_features': 1.0}",0.7665658818393194,1.1987653792901716,0.16582965860873944,0.4082405728571091,0.4747279262592159,0.2991948009793385,1.196486000196328,0.07440239391793742,
speaking_skills,C_original_plus_new,ExtraTrees,4,"{'n_estimators': 400, 'max_depth': None, 'min_samples_split': 4, 'min_samples_leaf': 3, 'max_features': 1.0}",0.769510294275013,1.200815799649134,0.16297361579753855,0.40618480512455263,0.47062529668511544,0.3037674895648107,1.198570692843579,0.07389779255903992,
speaking_skills,C_original_plus_new,ExtraTrees,5,"{'n_estimators': 200, 'max_depth': 20, 'min_samples_split': 2, 'min_samples_leaf': 5, 'max_features': 'sqrt'}",0.7510157196009978,1.1929146753252469,0.1739523053648523,0.42147982389981986,0.4768188309937287,0.2690918688450095,1.1898782155019831,0.08569626318410287,
speaking_skills,C_original_plus_new,ExtraTrees,6,"{'n_estimators': 700, 'max_depth': None, 'min_samples_split': 4, 'min_samples_leaf': 5, 'max_features': 0.7}",0.7632993587420029,1.1947326682984167,0.17143260590529907,0.4144150741325347,0.4715451505310078,0.300996228109471,1.1922864428352808,0.0769475658606241,
speaking_skills,C_original_plus_new,ExtraTrees,7,"{'n_estimators': 200, 'max_depth': 8, 'min_samples_split': 8, 'min_samples_leaf': 3, 'max_features': 'sqrt'}",0.7547087307750452,1.1987677004640602,0.16582642819130655,0.4172481364972558,0.47306261456739784,0.24612567391088344,1.1958421182911754,0.08426685900264187,
speaking_skills,C_original_plus_new,ExtraTrees,8,"{'n_estimators': 200, 'max_depth': 12, 'min_samples_split': 12, 'min_samples_leaf': 2, 'max_features': 0.5}",0.7619726572010023,1.1933941153675556,0.1732881842245353,0.41653259769075845,0.47573661716524174,0.30241019255524365,1.1909310758096754,0.07718104107177573,
speaking_skills,C_original_plus_new,ExtraTrees,9,"{'n_estimators': 200, 'max_depth': 8, 'min_samples_split': 2, 'min_samples_leaf': 1, 'max_features': 0.5}",0.7664092285023437,1.1978442496599095,0.16711111671677714,0.4093354556873727,0.4704938490120319,0.2970450930295286,1.195693848707095,0.07231961325516333,
speaking_skills,C_original_plus_new,ExtraTrees,10,"{'n_estimators': 400, 'max_depth': 12, 'min_samples_split': 4, 'min_samples_leaf': 2, 'max_features': 0.5}",0.7675639652985466,1.1981726053744894,0.166654427446016,0.409607486718773,0.4718433620206887,0.3031172772605562,1.1959387799875016,0.07368359315930055,
speaking_skills,C_original_plus_new,ExtraTrees,11,"{'n_estimators': 700, 'max_depth': None, 'min_samples_split': 12, 'min_samples_leaf': 2, 'max_features': 1.0}",0.770504460625613,1.1988482269186531,0.1657143542734324,0.4091005236797743,0.47137681905359635,0.3056372643968068,1.1966011817868467,0.07386505198132273,
speaking_skills,C_original_plus_new,RandomForest,0,"{'n_estimators': 400, 'max_depth': 12, 'min_samples_split': 2, 'min_samples_leaf': 2, 'max_features': 1.0}",0.7822691972478865,1.2161634217875044,0.1414408222797262,0.39057463413451177,0.46084048413008294,0.3105747964756162,1.2145794070515943,0.06263475303997203,
speaking_skills,C_original_plus_new,RandomForest,1,"{'n_estimators': 700, 'max_depth': 20, 'min_samples_split': 2, 'min_samples_leaf': 5, 'max_features': 'sqrt'}",0.7602621472603508,1.19508590383055,0.17094258379568839,0.4135408197467586,0.4687861072907294,0.29600168032586827,1.1925558140041466,0.07833548684151506,
speaking_skills,C_original_plus_new,RandomForest,2,"{'n_estimators': 700, 'max_depth': 12, 'min_samples_split': 2, 'min_samples_leaf': 2, 'max_features': 1.0}",0.7808432508715056,1.2148687804736225,0.14326777174395378,0.3920808959552516,0.4628932209125607,0.3110503226899074,1.2132935542496095,0.06245097243435405,
speaking_skills,C_original_plus_new,RandomForest,3,"{'n_estimators': 700, 'max_depth': 12, 'min_samples_split': 4, 'min_samples_leaf': 1, 'max_features': 'sqrt'}",0.7668275696008298,1.2028363922814487,0.16015434526896455,0.40317150610298025,0.4655526447348537,0.30238469298380766,1.2005691805793368,0.07442475780130464,
speaking_skills,C_original_plus_new,RandomForest,4,"{'n_estimators': 200, 'max_depth': 8, 'min_samples_split': 2, 'min_samples_leaf': 2, 'max_features': 0.7}",0.7728526293473308,1.2103889480286234,0.1495745277406949,0.3953815368433423,0.4679949551057554,0.3067780498025326,1.2085986055942661,0.06643060752017461,
speaking_skills,C_original_plus_new,RandomForest,5,"{'n_estimators': 200, 'max_depth': 12, 'min_samples_split': 8, 'min_samples_leaf': 1, 'max_features': 1.0}",0.7923436954912528,1.2306327594559245,0.12088982950105487,0.37857342766330665,0.45817916482130777,0.3122454378027589,1.229339512708068,0.05681982479706899,
speaking_skills,C_original_plus_new,RandomForest,6,"{'n_estimators': 200, 'max_depth': 12, 'min_samples_split': 12, 'min_samples_leaf': 3, 'max_features': 1.0}",0.777779671195266,1.2117436619435527,0.14766980455116574,0.3949302023345287,0.4673990415640077,0.3102096210009783,1.2099560842008397,0.0663869855076582,
speaking_skills,C_original_plus_new,RandomForest,7,"{'n_estimators': 200, 'max_depth': 12, 'min_samples_split': 8, 'min_samples_leaf': 1, 'max_features': 1.0}",0.7923436954912528,1.2306327594559245,0.12088982950105487,0.37857342766330665,0.45817916482130777,0.3122454378027589,1.229339512708068,0.05681982479706901,
speaking_skills,C_original_plus_new,RandomForest,8,"{'n_estimators': 200, 'max_depth': 12, 'min_samples_split': 4, 'min_samples_leaf': 3, 'max_features': 'sqrt'}",0.7635941327027658,1.197091154427769,0.16815807665328653,0.41068100090498616,0.4647306787337351,0.2991924836298249,1.1943087738815497,0.08217410835601026,
speaking_skills,C_original_plus_new,RandomForest,9,"{'n_estimators': 200, 'max_depth': 12, 'min_samples_split': 12, 'min_samples_leaf': 2, 'max_features': 'sqrt'}",0.764313783479922,1.198802050934373,0.16577862132256238,0.40817560397480823,0.46859562635183055,0.29936479184647036,1.1963126886390771,0.07774167013304176,
speaking_skills,C_original_plus_new,RandomForest,10,"{'n_estimators': 400, 'max_depth': 20, 'min_samples_split': 8, 'min_samples_leaf': 5, 'max_features': 'sqrt'}",0.7597179081736294,1.1942430482607977,0.17211158636977497,0.4149342694050902,0.4695840682201647,0.29722898268973913,1.191710527632399,0.07834060851260194,
speaking_skills,C_original_plus_new,RandomForest,11,"{'n_estimators': 700, 'max_depth': 12, 'min_samples_split': 4, 'min_samples_leaf': 5, 'max_features': 'sqrt'}",0.7579703671336757,1.192845391581369,0.17404825525313783,0.41721327083619103,0.4723124078769293,0.2982697246887215,1.1902398184443215,0.07941436500202799,
overall_performance,A_original,Ridge,0,{'alpha': 0.1},0.7428586299509106,1.1255102672955877,0.18619070037878993,0.4350807687527878,0.5035802206854737,0.34405910675001616,1.1205715353214019,0.10489178532303489,
overall_performance,A_original,Ridge,1,{'alpha': 1.0},0.740768332689638,1.1223423503111971,0.1907654291588481,0.4389896385312963,0.5050799695842271,0.34378996637958675,1.1170838524421856,0.10812396119492186,
overall_performance,A_original,Ridge,2,{'alpha': 10.0},0.7363668491731475,1.1187077202512794,0.19599824559193624,0.44351573809603356,0.5072572749405209,0.34141280965247633,1.1129472230150157,0.11304026726949164,
overall_performance,A_original,Ridge,3,{'alpha': 100.0},0.7330419498841053,1.118734030138206,0.1959604279500159,0.44269463783558693,0.5054304272240525,0.3295183801488931,1.1124063322007842,0.11853935967150127,
overall_performance,A_original,Ridge,4,{'alpha': 1000.0},0.7343985675113783,1.1271042983843762,0.18388391387758796,0.4336723778010983,0.4939614936418054,0.28167586952136603,1.1200641201616897,0.1255699498701068,
overall_performance,A_original,Ridge,5,{'alpha': 10000.0},0.7745858542009378,1.1800503928734425,0.10540836341396054,0.40913407412298397,0.4695748744987428,0.12778499450992886,1.1718644650250187,0.13856250301628353,
overall_performance,A_original,SVR,0,"{'C': 100.0, 'epsilon': 0.1, 'gamma': 0.1}",1.0662088649306318,1.4682582280207255,-0.3849325182334593,0.1780498815044441,0.22621661451950673,0.17474534388283827,1.4660464732875593,0.08003455804031755,
overall_performance,A_original,SVR,1,"{'C': 1.0, 'epsilon': 0.1, 'gamma': 'scale'}",0.7369174850637186,1.134073745485609,0.17375980488524612,0.4175810350252194,0.4901258492423331,0.28479940741561177,1.1267064751559124,0.12880445621230882,
overall_performance,A_original,SVR,2,"{'C': 10.0, 'epsilon': 0.2, 'gamma': 0.1}",0.8745092936271289,1.262012039868857,-0.02317689016095925,0.25931856237726914,0.3136081920332711,0.22092217581217216,1.2570093131507147,0.11206793933036888,
overall_performance,A_original,SVR,3,"{'C': 10.0, 'epsilon': 0.4, 'gamma': 0.1}",0.8628724970365881,1.2498441953014354,-0.0035418335113928112,0.2684489234802354,0.327310393801268,0.22501552384621748,1.2454098136999885,0.1050753300117822,
overall_performance,A_original,SVR,4,"{'C': 1.0, 'epsilon': 0.05, 'gamma': 0.001}",0.7284447521681611,1.1267229945255937,0.18443601109733088,0.44101344056428055,0.5073773294518076,0.2693886667418909,1.1191102965692643,0.1305361006422792,
overall_performance,A_original,SVR,5,"{'C': 10.0, 'epsilon': 0.05, 'gamma': 0.1}",0.8854470983857043,1.2693065017574487,-0.03503905038822719,0.25807970636116184,0.30675140981239496,0.2232389141963805,1.2638549772583956,0.1172896272810465,
overall_performance,A_original,SVR,6,"{'C': 100.0, 'epsilon': 0.2, 'gamma': 0.001}",0.7299560496356224,1.1263185233701187,0.18502144851503355,0.430364811975626,0.5122924012787071,0.3148715791303007,1.1200044785369716,0.11870874169632999,
overall_performance,A_original,SVR,7,"{'C': 1.0, 'epsilon': 0.2, 'gamma': 0.001}",0.7289868671952346,1.1259952176803167,0.1854892547008813,0.44114214432140825,0.5034464069286959,0.27273492544434913,1.1184635998869046,0.12978701401740034,
overall_performance,A_original,SVR,8,"{'C': 10.0, 'epsilon': 0.05, 'gamma': 'scale'}",0.7921402454695862,1.1802825633869583,0.10505631364932144,0.35381170729822453,0.41490337193866755,0.2808179647885015,1.1735391968887077,0.1256505883478714,
overall_performance,A_original,SVR,9,"{'C': 100.0, 'epsilon': 0.05, 'gamma': 0.001}",0.7320279631812392,1.1272120240626768,0.1837279019441801,0.4286612006491966,0.5088232817384409,0.3098192558043867,1.1207669146478418,0.11999559488328135,
overall_performance,A_original,SVR,10,"{'C': 100.0, 'epsilon': 0.1, 'gamma': 0.01}",0.8300286302742821,1.219103515041109,0.04521652675714749,0.3212589740248497,0.37569130753541813,0.2744167942256875,1.2117863690989619,0.13297606362676187,
overall_performance,A_original,SVR,11,"{'C': 100.0, 'epsilon': 0.05, 'gamma': 0.1}",1.075967580106167,1.4773263673509058,-0.4020923651960928,0.1771658457307847,0.2241783679124767,0.17434322927277593,1.4749630135546468,0.08298943205930925,
overall_performance,A_original,ExtraTrees,0,"{'n_estimators': 700, 'max_depth': None, 'min_samples_split': 8, 'min_samples_leaf': 2, 'max_features': 'sqrt'}",0.7210897093035077,1.1139878650751283,0.20276814027687873,0.4520053323050823,0.5168838517533489,0.3188363884657938,1.1073280330210968,0.12146186531859107,
overall_performance,A_original,ExtraTrees,1,"{'n_estimators': 400, 'max_depth': 8, 'min_samples_split': 8, 'min_samples_leaf': 2, 'max_features': 1.0}",0.729692093392035,1.1156458803952263,0.20039323772589923,0.44832431522644633,0.5095985201005616,0.3465050923808141,1.1092803996193104,0.11874884659127836,
overall_performance,A_original,ExtraTrees,2,"{'n_estimators': 200, 'max_depth': None, 'min_samples_split': 2, 'min_samples_leaf': 2, 'max_features': 1.0}",0.7507654902777455,1.1306702916210036,0.17871160059082725,0.42968184132687265,0.49159313421977485,0.3461889786045137,1.124376536339352,0.11883732265262746,
overall_performance,A_original,ExtraTrees,3,"{'n_estimators': 200, 'max_depth': 8, 'min_samples_split': 8, 'min_samples_leaf': 5, 'max_features': 0.5}",0.7222747502064575,1.1123505428962943,0.20510993622083673,0.45302718999618824,0.517074149424574,0.3350552165917725,1.1056365068296037,0.12180380348496155,
overall_performance,A_original,ExtraTrees,4,"{'n_estimators': 400, 'max_depth': 20, 'min_samples_split': 4, 'min_samples_leaf': 2, 'max_features': 'sqrt'}",0.7242455279404337,1.1157527335671749,0.20024006257959392,0.4486024717025333,0.5126776911617061,0.31870631729215104,1.1090751786844606,0.12171186594244848,
overall_performance,A_original,ExtraTrees,5,"{'n_estimators': 400, 'max_depth': 12, 'min_samples_split': 12, 'min_samples_leaf': 3, 'max_features': 0.7}",0.7303880417456448,1.1157329262892732,0.20026845762851486,0.4481707566973965,0.5107616724937919,0.3461901908000365,1.1092906886957032,0.11947144896352481,
overall_performance,A_original,ExtraTrees,6,"{'n_estimators': 400, 'max_depth': 8, 'min_samples_split': 2, 'min_samples_leaf': 3, 'max_features': 1.0}",0.7285532705337456,1.115662443281232,0.20036949561526263,0.44815494283980073,0.5110174738441915,0.34499532887136897,1.1092278597024332,0.11939999649100885,
overall_performance,A_original,ExtraTrees,7,"{'n_estimators': 700, 'max_depth': 12, 'min_samples_split': 4, 'min_samples_leaf': 1, 'max_features': 0.7}",0.7445705701643656,1.1266363282499154,0.1845614708162725,0.4346736585243164,0.4984741806313111,0.34803975068134546,1.1206184354782738,0.11600088900922112,
overall_performance,A_original,ExtraTrees,8,"{'n_estimators': 700, 'max_depth': None, 'min_samples_split': 8, 'min_samples_leaf': 5, 'max_features': 'sqrt'}",0.7187885216774023,1.1174124984069653,0.19785888851237143,0.4544885781833485,0.5205277261150514,0.2904422494819384,1.1102268930097705,0.12636928193827615,
overall_performance,A_original,ExtraTrees,9,"{'n_estimators': 700, 'max_depth': None, 'min_samples_split': 2, 'min_samples_leaf': 2, 'max_features': 1.0}",0.7475618087645248,1.1270464914265639,0.18396762570162317,0.43433664580739745,0.4931212211412789,0.34842714315295914,1.1207764762166665,0.11843044829218151,
overall_performance,A_original,ExtraTrees,10,"{'n_estimators': 200, 'max_depth': 12, 'min_samples_split': 2, 'min_samples_leaf': 2, 'max_features': 0.5}",0.7329531503165045,1.1174597804767075,0.19779100365436664,0.44579208626449296,0.5067524781991495,0.3461487440802456,1.111079492518371,0.11901652051174216,
overall_performance,A_original,ExtraTrees,11,"{'n_estimators': 400, 'max_depth': 12, 'min_samples_split': 4, 'min_samples_leaf': 3, 'max_features': 0.7}",0.7353356070793832,1.1172929382691577,0.1980305332205281,0.4460894658620611,0.5061353277523607,0.3467587065085404,1.1109952157449943,0.11821996817061027,
overall_performance,A_original,RandomForest,0,"{'n_estimators': 700, 'max_depth': 8, 'min_samples_split': 4, 'min_samples_leaf': 2, 'max_features': 1.0}",0.7503402760571453,1.139719682807184,0.16551252400850003,0.41815623945101565,0.4889419162256006,0.3403396042735903,1.1328179142002788,0.12485323400097732,
overall_performance,A_original,RandomForest,1,"{'n_estimators': 200, 'max_depth': 20, 'min_samples_split': 2, 'min_samples_leaf': 3, 'max_features': 0.7}",0.747585655447278,1.1315937353181202,0.17736952357997982,0.4297268509058609,0.4970853473760245,0.3498892733186531,1.1249445491341938,0.12209667831701998,
overall_performance,A_original,RandomForest,2,"{'n_estimators': 700, 'max_depth': 8, 'min_samples_split': 4, 'min_samples_leaf': 5, 'max_features': 0.5}",0.7369803908305294,1.123370278531056,0.189282430711595,0.43774394291842333,0.5033342448279751,0.34419517315389836,1.1169000078879001,0.12009276721353943,
overall_performance,A_original,RandomForest,3,"{'n_estimators': 200, 'max_depth': 8, 'min_samples_split': 2, 'min_samples_leaf': 5, 'max_features': 1.0}",0.7432158098561371,1.131165233160929,0.17799241885076345,0.4278140901211247,0.4941599201400284,0.34169820344729307,1.12398812049664,0.12689266327953252,
overall_performance,A_original,RandomForest,4,"{'n_estimators': 200, 'max_depth': None, 'min_samples_split': 2, 'min_samples_leaf': 2, 'max_features': 1.0}",0.75555009836572,1.1442306442603716,0.15889372037849236,0.41478623579297175,0.4842097574030616,0.3430628663384158,1.1371416397039982,0.1268050760400722,
overall_performance,A_original,RandomForest,5,"{'n_estimators': 700, 'max_depth': 8, 'min_samples_split': 2, 'min_samples_leaf': 5, 'max_features': 0.5}",0.7369803908305295,1.123370278531056,0.189282430711595,0.43774394291842333,0.5033342448279751,0.34419517315389836,1.1169000078879001,0.12009276721353943,
overall_performance,A_original,RandomForest,6,"{'n_estimators': 400, 'max_depth': 12, 'min_samples_split': 2, 'min_samples_leaf': 5, 'max_features': 0.7}",0.742334894507286,1.1279619146911557,0.18264147207700832,0.43274077943079875,0.49891358607867586,0.34648585412270627,1.121006907924029,0.12473533729073824,
overall_performance,A_original,RandomForest,7,"{'n_estimators': 200, 'max_depth': 12, 'min_samples_split': 8, 'min_samples_leaf': 1, 'max_features': 1.0}",0.7599016275960001,1.141509122372862,0.16289005956520708,0.4186108205507432,0.47961759371067336,0.34629468459583884,1.1353109985686576,0.1183793434098471,
overall_performance,A_original,RandomForest,8,"{'n_estimators': 400, 'max_depth': 8, 'min_samples_split': 12, 'min_samples_leaf': 2, 'max_features': 1.0}",0.7514801580016762,1.1388069327557864,0.1668485955024418,0.41992924021227046,0.4888039411263419,0.3427626873120308,1.1320473788044878,0.12348529659966671,
overall_performance,A_original,RandomForest,9,"{'n_estimators': 700, 'max_depth': 12, 'min_samples_split': 4, 'min_samples_leaf': 2, 'max_features': 0.7}",0.7492187444266997,1.134906017794153,0.17254664010542087,0.4255814857368187,0.49242223286400544,0.3476890452466801,1.128508548890523,0.11996030081973125,
overall_performance,A_original,RandomForest,10,"{'n_estimators': 400, 'max_depth': 20, 'min_samples_split': 8, 'min_samples_leaf': 1, 'max_features': 0.5}",0.7529902264206152,1.1317046138228712,0.17720830581600966,0.4300713083248669,0.4910167050142329,0.35132919250606615,1.1259039181688784,0.1140790504156674,
overall_performance,A_original,RandomForest,11,"{'n_estimators': 200, 'max_depth': 12, 'min_samples_split': 2, 'min_samples_leaf': 5, 'max_features': 0.5}",0.738142630546757,1.1239256634973795,0.18848060844333792,0.43762073460193407,0.5054492703307322,0.34698290734093507,1.1171699841207436,0.12273870296206553,
overall_performance,B_improved_only,Ridge,0,{'alpha': 0.1},0.7644985537013063,1.1582194118545412,0.138202152528083,0.38941643884689675,0.4719286684566611,0.3135106873570511,1.1528265500076584,0.1111464856213225,
overall_performance,B_improved_only,Ridge,1,{'alpha': 1.0},0.7622133225525084,1.1544207674408422,0.14384580723261853,0.39353696572049257,0.47310532758893004,0.314269214397715,1.148790130678273,0.11341881823950645,
overall_performance,B_improved_only,Ridge,2,{'alpha': 10.0},0.7586048497355143,1.1512169946197641,0.14859124754540853,0.39636423301626067,0.4757973111196093,0.31269233254494655,1.1457069667715483,0.11204830250989883,
overall_performance,B_improved_only,Ridge,3,{'alpha': 100.0},0.7517416290378719,1.143633836275363,0.15977090022909557,0.4025984454206489,0.47892482394140656,0.30163555522282065,1.1377592071465492,0.11542291369432915,
overall_performance,B_improved_only,Ridge,4,{'alpha': 1000.0},0.7493162791863169,1.1469932817238495,0.15482727298150745,0.3986837505342784,0.4727472239553873,0.23987182169766502,1.139864010333796,0.12752139642059976,
overall_performance,B_improved_only,Ridge,5,{'alpha': 10000.0},0.7907971181225368,1.1961561497243116,0.08082229693205456,0.32968284106267276,0.4390267907593204,0.10453959683726313,1.1883162195595038,0.1365651530960777,
overall_performance,B_improved_only,SVR,0,"{'C': 100.0, 'epsilon': 0.1, 'gamma': 0.1}",0.9474792458929805,1.3722675246252876,-0.20976578480612562,0.19329633032638774,0.28261277625723036,0.18074895984588488,1.3675215483397836,0.11442763275879915,
overall_performance,B_improved_only,SVR,1,"{'C': 1.0, 'epsilon': 0.1, 'gamma': 'scale'}",0.737883068559441,1.1347449292711904,0.17278152084031362,0.4160938193019619,0.482303210423794,0.2885260956116346,1.1282144740811066,0.12136813990035732,
overall_performance,B_improved_only,SVR,2,"{'C': 10.0, 'epsilon': 0.2, 'gamma': 0.1}",0.8526364797059831,1.2605543602394944,-0.020814626237191547,0.24611455961375434,0.32966551676257005,0.20349430112944566,1.2540834950265562,0.12777921224014924,
overall_performance,B_improved_only,SVR,3,"{'C': 10.0, 'epsilon': 0.4, 'gamma': 0.1}",0.852151656052448,1.2591840471250575,-0.01859643494544616,0.2463734479071352,0.32932069393467867,0.2028652577273266,1.2534209687424014,0.12055270445499004,
overall_performance,B_improved_only,SVR,4,"{'C': 1.0, 'epsilon': 0.05, 'gamma': 0.001}",0.7396226564433783,1.1372221769044124,0.169165797543127,0.42461624472098247,0.49385510258639426,0.24598549083231747,1.1297968663866333,0.12952577102539348,
overall_performance,B_improved_only,SVR,5,"{'C': 10.0, 'epsilon': 0.05, 'gamma': 0.1}",0.8614408342366905,1.2685469020880968,-0.03380061023326264,0.2409769847492251,0.3242474792195416,0.20200617580243754,1.2619643774183325,0.12931560215411048,
overall_performance,B_improved_only,SVR,6,"{'C': 100.0, 'epsilon': 0.2, 'gamma': 0.001}",0.7503733451139791,1.1517477672127518,0.14780597663749329,0.3927486001187705,0.48572233419574895,0.3028330550614417,1.1467622537516255,0.10669579545567415,
overall_performance,B_improved_only,SVR,7,"{'C': 1.0, 'epsilon': 0.2, 'gamma': 0.001}",0.7395097698630355,1.1377930016543858,0.16833151948860292,0.42266376822978197,0.4924122556558627,0.2461588946373685,1.1301213347423882,0.13169281052460685,
overall_performance,B_improved_only,SVR,8,"{'C': 10.0, 'epsilon': 0.05, 'gamma': 'scale'}",0.7895164888330117,1.1842329827071283,0.09905551442403171,0.3428644987429309,0.39773499828325104,0.266859598236595,1.1782987194226018,0.11838277260429059,
overall_performance,B_improved_only,SVR,9,"{'C': 100.0, 'epsilon': 0.05, 'gamma': 0.001}",0.7518361147086091,1.1565460472274371,0.1406905588931927,0.38719778134014704,0.4872688140266874,0.30233931324949903,1.151804865577153,0.10425777168452123,
overall_performance,B_improved_only,SVR,10,"{'C': 100.0, 'epsilon': 0.1, 'gamma': 0.01}",0.8821313386929145,1.302563566344896,-0.0899876544644167,0.2588276729746163,0.3285156364510989,0.23705457610293948,1.2970984235800596,0.1196187787331731,
overall_performance,B_improved_only,SVR,11,"{'C': 100.0, 'epsilon': 0.05, 'gamma': 0.1}",0.9530438498119576,1.377975356943167,-0.21985055442557488,0.19090504364295804,0.2799948382893243,0.1791226666262125,1.3732526884898282,0.11438908552109378,
overall_performance,B_improved_only,ExtraTrees,0,"{'n_estimators': 700, 'max_depth': None, 'min_samples_split': 8, 'min_samples_leaf': 2, 'max_features': 'sqrt'}",0.7303380945417665,1.1342701774898973,0.17347355529323494,0.41819820785776207,0.5056619638700957,0.2781088557320691,1.1271141186086926,0.12720210615535368,
overall_performance,B_improved_only,ExtraTrees,1,"{'n_estimators': 400, 'max_depth': 8, 'min_samples_split': 8, 'min_samples_leaf': 2, 'max_features': 1.0}",0.7280226214781146,1.1227867283597186,0.19012448877171462,0.43621779811548234,0.5169773196934445,0.32592186693564834,1.1161629315492916,0.12167203854680671,
overall_performance,B_improved_only,ExtraTrees,2,"{'n_estimators': 200, 'max_depth': None, 'min_samples_split': 2, 'min_samples_leaf': 2, 'max_features': 1.0}",0.7466344980356043,1.1393343524048272,0.16607669613323994,0.41416165554848733,0.49481553424573144,0.3262395922093605,1.1334124116263418,0.11595379786947742,
overall_performance,B_improved_only,ExtraTrees,3,"{'n_estimators': 200, 'max_depth': 8, 'min_samples_split': 8, 'min_samples_leaf': 5, 'max_features': 0.5}",0.7188734012603868,1.1177952142639267,0.1973093247729092,0.44636229677618894,0.5223355524524461,0.30918918735612255,1.110524013640917,0.12712686014623867,
overall_performance,B_improved_only,ExtraTrees,4,"{'n_estimators': 400, 'max_depth': 20, 'min_samples_split': 4, 'min_samples_leaf': 2, 'max_features': 'sqrt'}",0.7302775717269498,1.1348911747107138,0.1725682839750532,0.4162556667071076,0.5035387164825134,0.2819456949380723,1.1277116026720684,0.12744011467407707,
overall_performance,B_improved_only,ExtraTrees,5,"{'n_estimators': 400, 'max_depth': 12, 'min_samples_split': 12, 'min_samples_leaf': 3, 'max_features': 0.7}",0.7301066372758802,1.1236696141762854,0.1888503220766916,0.4347040837963863,0.5073964350481454,0.32293937517959187,1.1168223899027552,0.12372989379140537,
overall_performance,B_improved_only,ExtraTrees,6,"{'n_estimators': 400, 'max_depth': 8, 'min_samples_split': 2, 'min_samples_leaf': 3, 'max_features': 1.0}",0.7261365857018913,1.119892607249976,0.19429421564375315,0.4407901261643815,0.5126428206967099,0.32502896324711716,1.1130743911819934,0.12322311916642893,
overall_performance,B_improved_only,ExtraTrees,7,"{'n_estimators': 700, 'max_depth': 12, 'min_samples_split': 4, 'min_samples_leaf': 1, 'max_features': 0.7}",0.7446244215918806,1.1413029346838612,0.16319244203834116,0.41021351843589265,0.4995071091409958,0.3205921995556447,1.1352202507378717,0.11779695590506406,
overall_performance,B_improved_only,ExtraTrees,8,"{'n_estimators': 700, 'max_depth': None, 'min_samples_split': 8, 'min_samples_leaf': 5, 'max_features': 'sqrt'}",0.7289092351997933,1.1310263133026426,0.17819431007095077,0.4354754372084998,0.5160278272946539,0.2582377807747176,1.1234877981654479,0.13025359718543905,
overall_performance,B_improved_only,ExtraTrees,9,"{'n_estimators': 700, 'max_depth': None, 'min_samples_split': 2, 'min_samples_leaf': 2, 'max_features': 1.0}",0.7461213743969547,1.1387177018725483,0.16697915305526434,0.414596576459374,0.49420402748309655,0.3253052152118523,1.1328198021363733,0.1156759555463178,
overall_performance,B_improved_only,ExtraTrees,10,"{'n_estimators': 200, 'max_depth': 12, 'min_samples_split': 2, 'min_samples_leaf': 2, 'max_features': 0.5}",0.7340608339565127,1.1307106830414195,0.17865292106630848,0.42352519760596297,0.5066648803864298,0.31714927570217327,1.1239817285405869,0.12314393091930868,
overall_performance,B_improved_only,ExtraTrees,11,"{'n_estimators': 400, 'max_depth': 12, 'min_samples_split': 4, 'min_samples_leaf': 3, 'max_features': 0.7}",0.7301072343396817,1.12643026031264,0.18485973985685644,0.430315779347536,0.5061719352612444,0.3208949361626721,1.1199947358868434,0.1201012910437719,
overall_performance,B_improved_only,RandomForest,0,"{'n_estimators': 700, 'max_depth': 8, 'min_samples_split': 4, 'min_samples_leaf': 2, 'max_features': 1.0}",0.7513991493536576,1.1421653357631167,0.16192733288276429,0.4140963758989617,0.4979116081218935,0.3357680866114342,1.1371315030945754,0.10674706912376333,
overall_performance,B_improved_only,RandomForest,1,"{'n_estimators': 200, 'max_depth': 20, 'min_samples_split': 2, 'min_samples_leaf': 3, 'max_features': 0.7}",0.7449665537365293,1.134699038129449,0.17284842791673727,0.42242595643352276,0.4980250133647087,0.3367208995334577,1.1290074301396795,0.11321472091056972,
overall_performance,B_improved_only,RandomForest,2,"{'n_estimators': 700, 'max_depth': 8, 'min_samples_split': 4, 'min_samples_leaf': 5, 'max_features': 0.5}",0.7313355443385389,1.1219984628582187,0.19126125466481314,0.4382950511287672,0.5089974711849079,0.33615713401286273,1.1155232441684528,0.1201385144846381,
overall_performance,B_improved_only,RandomForest,3,"{'n_estimators': 200, 'max_depth': 8, 'min_samples_split': 2, 'min_samples_leaf': 5, 'max_features': 1.0}",0.7368230023496407,1.1253096501986442,0.18648079015115437,0.43542164421571056,0.5058909516227083,0.34441610897383557,1.119479994806965,0.1140805995258321,
overall_performance,B_improved_only,RandomForest,4,"{'n_estimators': 200, 'max_depth': None, 'min_samples_split': 2, 'min_samples_leaf': 2, 'max_features': 1.0}",0.7598541638690515,1.1504478817347665,0.149728497435771,0.40594958097084594,0.48997159763478804,0.33526967062811064,1.1457391443810192,0.1036815027387312,
overall_performance,B_improved_only,RandomForest,5,"{'n_estimators': 700, 'max_depth': 8, 'min_samples_split': 2, 'min_samples_leaf': 5, 'max_features': 0.5}",0.7313355443385389,1.1219984628582187,0.19126125466481314,0.43829505112876715,0.5089974711849079,0.3361571340128627,1.1155232441684528,0.12013851448463803,
overall_performance,B_improved_only,RandomForest,6,"{'n_estimators': 400, 'max_depth': 12, 'min_samples_split': 2, 'min_samples_leaf': 5, 'max_features': 0.7}",0.738549348605211,1.128046456575822,0.1825189437910889,0.4307704671576866,0.5016079279744702,0.3385872724239778,1.1220463876332616,0.11596297094741648,
overall_performance,B_improved_only,RandomForest,7,"{'n_estimators': 200, 'max_depth': 12, 'min_samples_split': 8, 'min_samples_leaf': 1, 'max_features': 1.0}",0.7698173710449259,1.1623632358736338,0.13202452001578968,0.3939152584772172,0.4891266311181843,0.33121010387832717,1.157926849082594,0.10117238535621817,
overall_performance,B_improved_only,RandomForest,8,"{'n_estimators': 400, 'max_depth': 8, 'min_samples_split': 12, 'min_samples_leaf': 2, 'max_features': 1.0}",0.749467495302555,1.1402186192007941,0.16478173500410587,0.41657835079639993,0.499159429044029,0.33719554908105925,1.1350031661774942,0.10856655466559607,
overall_performance,B_improved_only,RandomForest,9,"{'n_estimators': 700, 'max_depth': 12, 'min_samples_split': 4, 'min_samples_leaf': 2, 'max_features': 0.7}",0.751207117341956,1.1405162568559786,0.16434563468525776,0.4150766179993054,0.4947593322021535,0.33366655549290325,1.1355412839584431,0.10613064855323788,
overall_performance,B_improved_only,RandomForest,10,"{'n_estimators': 400, 'max_depth': 20, 'min_samples_split': 8, 'min_samples_leaf': 1, 'max_features': 0.5}",0.7588646188842249,1.152304661176281,0.14698167038583787,0.40068673758330214,0.4899528104615544,0.3268307455625278,1.1471221529859386,0.10896634792142025,
overall_performance,B_improved_only,RandomForest,11,"{'n_estimators': 200, 'max_depth': 12, 'min_samples_split': 2, 'min_samples_leaf': 5, 'max_features': 0.5}",0.7359560292622261,1.1265850168149918,0.1846357456593012,0.43218916911257993,0.5034941938343014,0.33652014535043745,1.1205107026613628,0.11662955797996996,
overall_performance,C_original_plus_new,Ridge,0,{'alpha': 0.1},0.779222585520475,1.1894210567773789,0.09114422423864799,0.37441381212502356,0.461390862808905,0.3292252040859142,1.1848828413970032,0.10303781059810206,
overall_performance,C_original_plus_new,Ridge,1,{'alpha': 1.0},0.7759892639708635,1.183128420126482,0.10073539579968382,0.37924192050779054,0.46514268921196905,0.33102204878912167,1.1784107906042915,0.10483106822509947,
overall_performance,C_original_plus_new,Ridge,2,{'alpha': 10.0},0.7661040795569645,1.1675379717504433,0.12427902069025953,0.39133189824336134,0.4784736748500478,0.3340049433045925,1.1625429327311942,0.1072386767092591,
overall_performance,C_original_plus_new,Ridge,3,{'alpha': 100.0},0.7497494357575504,1.141817833215408,0.16243722067974764,0.41308690136466525,0.494136409607068,0.33190444157125537,1.1362487520948266,0.11217025651805508,
overall_performance,C_original_plus_new,Ridge,4,{'alpha': 1000.0},0.7354952129637079,1.1230503060036359,0.18974420259711677,0.43654115531752224,0.5008714938191545,0.3053190737434508,1.1159910543511067,0.1255042133812332,
overall_performance,C_original_plus_new,Ridge,5,{'alpha': 10000.0},0.7598550940691837,1.1610156488133603,0.1340359299758379,0.41202220309322063,0.4824798568090478,0.17506225203964282,1.1530775260241766,0.13537608806066687,
overall_performance,C_original_plus_new,SVR,0,"{'C': 100.0, 'epsilon': 0.1, 'gamma': 0.1}",0.8072623649137738,1.2148139300007101,0.05192378227838179,0.26413447821470526,0.36033734624980773,0.1809938066439062,1.207918302274318,0.12903130083539244,
overall_performance,C_original_plus_new,SVR,1,"{'C': 1.0, 'epsilon': 0.1, 'gamma': 'scale'}",0.7417067295133661,1.1388631023734888,0.16676640606603876,0.408758483134344,0.47786537532943635,0.2810290414721622,1.131870086989291,0.12578859010454965,
overall_performance,C_original_plus_new,SVR,2,"{'C': 10.0, 'epsilon': 0.2, 'gamma': 0.1}",0.8034381765814123,1.2105314124660962,0.05859640334080718,0.2687728941528412,0.3634189859837706,0.17986633134316812,1.2036471035725271,0.12872718497676688,
overall_performance,C_original_plus_new,SVR,3,"{'C': 10.0, 'epsilon': 0.4, 'gamma': 0.1}",0.8025546784073398,1.210820902389636,0.058146089637529985,0.26664259806287205,0.36547067748662504,0.17665430041518598,1.2039817752544795,0.12835393837573067,
overall_performance,C_original_plus_new,SVR,4,"{'C': 1.0, 'epsilon': 0.05, 'gamma': 0.001}",0.7221838420770059,1.1206796895441045,0.19316128628626816,0.448063507687355,0.5172049319895807,0.28619857334187293,1.112986471308138,0.13085551347706792,
overall_performance,C_original_plus_new,SVR,5,"{'C': 10.0, 'epsilon': 0.05, 'gamma': 0.1}",0.8067551418558428,1.2124747061436498,0.05557146396903323,0.2664077739931646,0.3589048784363612,0.18002232131028498,1.2055302360792206,0.1293633634186894,
overall_performance,C_original_plus_new,SVR,6,"{'C': 100.0, 'epsilon': 0.2, 'gamma': 0.001}",0.7756187328762089,1.18101056106954,0.10395197155773062,0.3577361519763191,0.45774445012295156,0.2900095085585223,1.177502214889622,0.09024879427299567,
overall_performance,C_original_plus_new,SVR,7,"{'C': 1.0, 'epsilon': 0.2, 'gamma': 0.001}",0.7237050280861509,1.120907978781617,0.19283253694416558,0.44584863871790714,0.5145867593243618,0.2897703434480657,1.1132880203474644,0.130235531046332,
overall_performance,C_original_plus_new,SVR,8,"{'C': 10.0, 'epsilon': 0.05, 'gamma': 'scale'}",0.8015291217604716,1.1949313457137314,0.08270371709542768,0.33021210667531287,0.3918497933383261,0.26149342792592345,1.1895091628662047,0.11357262360364592,
overall_performance,C_original_plus_new,SVR,9,"{'C': 100.0, 'epsilon': 0.05, 'gamma': 0.001}",0.7818114598273027,1.192424016491496,0.08654921126916582,0.3458918146284154,0.44571228675702906,0.284667423829843,1.1892655458838333,0.08597558512750793,
overall_performance,C_original_plus_new,SVR,10,"{'C': 100.0, 'epsilon': 0.1, 'gamma': 0.01}",1.0056293760280532,1.4010733822600836,-0.26108828364990844,0.2124278743844321,0.2534918886290969,0.20503577839423828,1.3970099852465858,0.10633293072375045,
overall_performance,C_original_plus_new,SVR,11,"{'C': 100.0, 'epsilon': 0.05, 'gamma': 0.1}",0.8087538870324118,1.2159997013186443,0.050072057959064775,0.2626948417559466,0.358376308072831,0.18088097793170985,1.2091096265569494,0.12903237524836975,
overall_performance,C_original_plus_new,ExtraTrees,0,"{'n_estimators': 700, 'max_depth': None, 'min_samples_split': 8, 'min_samples_leaf': 2, 'max_features': 'sqrt'}",0.7228814110437847,1.1160522467436917,0.1998106290984445,0.44775222245168184,0.5178666693009765,0.320777765866421,1.1093220555105525,0.1222173744184033,
overall_performance,C_original_plus_new,ExtraTrees,1,"{'n_estimators': 400, 'max_depth': 8, 'min_samples_split': 8, 'min_samples_leaf': 2, 'max_features': 1.0}",0.7322048879635742,1.1225948569947553,0.19040126197987128,0.43761854179786086,0.5081293568288433,0.3372867354035348,1.116228670115094,0.11907195366621615,
overall_performance,C_original_plus_new,ExtraTrees,2,"{'n_estimators': 200, 'max_depth': None, 'min_samples_split': 2, 'min_samples_leaf': 2, 'max_features': 1.0}",0.7477623784375915,1.1350835698080834,0.17228771557700506,0.4228771866376527,0.4955058044934152,0.33923075605290065,1.129254300700993,0.11455858968355825,
overall_performance,C_original_plus_new,ExtraTrees,3,"{'n_estimators': 200, 'max_depth': 8, 'min_samples_split': 8, 'min_samples_leaf': 5, 'max_features': 0.5}",0.7219368116981482,1.1128081710381663,0.2044557559489132,0.4521909676679207,0.5182863157872499,0.3374353124909312,1.1062317846010985,0.12056379601864478,
overall_performance,C_original_plus_new,ExtraTrees,4,"{'n_estimators': 400, 'max_depth': 20, 'min_samples_split': 4, 'min_samples_leaf': 2, 'max_features': 'sqrt'}",0.7265837699142137,1.1197745579635252,0.1944640676087125,0.44125201313118834,0.5121513861647979,0.3184675933594922,1.1131133142741167,0.1218046242753288,
overall_performance,C_original_plus_new,ExtraTrees,5,"{'n_estimators': 400, 'max_depth': 12, 'min_samples_split': 12, 'min_samples_leaf': 3, 'max_features': 0.7}",0.7309911450230382,1.1190676121517087,0.19548086244150575,0.4430659979362268,0.5113557730782803,0.3418372458547349,1.1128292498278918,0.11772016145560034,
overall_performance,C_original_plus_new,ExtraTrees,6,"{'n_estimators': 400, 'max_depth': 8, 'min_samples_split': 2, 'min_samples_leaf': 3, 'max_features': 1.0}",0.7298863800839215,1.1202443827141186,0.19378796702868373,0.4410475825229521,0.5102329327075333,0.3385576474261868,1.1138551198672295,0.11916096397438133,
overall_performance,C_original_plus_new,ExtraTrees,7,"{'n_estimators': 700, 'max_depth': 12, 'min_samples_split': 4, 'min_samples_leaf': 1, 'max_features': 0.7}",0.7446395456585808,1.130835443275463,0.17847165965509537,0.42874276909119663,0.5020725040693826,0.3433807291730761,1.1251869249312636,0.11256471228591143,
overall_performance,C_original_plus_new,ExtraTrees,8,"{'n_estimators': 700, 'max_depth': None, 'min_samples_split': 8, 'min_samples_leaf': 5, 'max_features': 'sqrt'}",0.7159433975947106,1.113004695627563,0.20417474109776212,0.4564133670628273,0.5256898530356544,0.31021603961301986,1.1058359823639,0.12596744504857138,
overall_performance,C_original_plus_new,ExtraTrees,9,"{'n_estimators': 700, 'max_depth': None, 'min_samples_split': 2, 'min_samples_leaf': 2, 'max_features': 1.0}",0.7451670754518114,1.1302012654790026,0.17939283514085447,0.4297692273502986,0.5004560540896056,0.3442018738101216,1.1240814950179814,0.11711600714381058,
overall_performance,C_original_plus_new,ExtraTrees,10,"{'n_estimators': 200, 'max_depth': 12, 'min_samples_split': 2, 'min_samples_leaf': 2, 'max_features': 0.5}",0.7343716004469424,1.120027670301212,0.19409986192977235,0.44181877537824865,0.5063387943602237,0.34211920209067653,1.1136015497413025,0.11953547440649993,
overall_performance,C_original_plus_new,ExtraTrees,11,"{'n_estimators': 400, 'max_depth': 12, 'min_samples_split': 4, 'min_samples_leaf': 3, 'max_features': 0.7}",0.7327387407772795,1.1206947178823286,0.19313964669291028,0.44100132766917655,0.5077695980677878,0.34275411686088886,1.1143903770401384,0.11843370466011295,
overall_performance,C_original_plus_new,RandomForest,0,"{'n_estimators': 700, 'max_depth': 8, 'min_samples_split': 4, 'min_samples_leaf': 2, 'max_features': 1.0}",0.7569010904433572,1.1506638720039277,0.1494091998590814,0.40322239536888393,0.48520075424675274,0.3291828386329301,1.1444991629036168,0.1183954071959342,
overall_performance,C_original_plus_new,RandomForest,1,"{'n_estimators': 200, 'max_depth': 20, 'min_samples_split': 2, 'min_samples_leaf': 3, 'max_features': 0.7}",0.7521891696031358,1.1413978819212056,0.16305320491152708,0.41584648069121916,0.49029171051198767,0.3385426767914422,1.1350955309154014,0.11928084350681216,
overall_performance,C_original_plus_new,RandomForest,2,"{'n_estimators': 700, 'max_depth': 8, 'min_samples_split': 4, 'min_samples_leaf': 5, 'max_features': 0.5}",0.7364786390765796,1.125403931749202,0.18634446666799176,0.435244296386645,0.5043039604267096,0.3442978252771742,1.1189585837867662,0.11989408634227149,
overall_performance,C_original_plus_new,RandomForest,3,"{'n_estimators': 200, 'max_depth': 8, 'min_samples_split': 2, 'min_samples_leaf': 5, 'max_features': 1.0}",0.746752540797825,1.1361477321854128,0.17073499613214227,0.42102171224716883,0.4917857847170471,0.3375312027003487,1.1290325124368072,0.1265593601491696,
overall_performance,C_original_plus_new,RandomForest,4,"{'n_estimators': 200, 'max_depth': None, 'min_samples_split': 2, 'min_samples_leaf': 2, 'max_features': 1.0}",0.7639590215840529,1.1534753237614435,0.1452475736152803,0.4035800587270359,0.4824027545336104,0.33601568372286605,1.1471384049281133,0.12020464059163956,
overall_performance,C_original_plus_new,RandomForest,5,"{'n_estimators': 700, 'max_depth': 8, 'min_samples_split': 2, 'min_samples_leaf': 5, 'max_features': 0.5}",0.7364786390765796,1.125403931749202,0.18634446666799176,0.43524429638664497,0.5043039604267096,0.3442978252771741,1.1189585837867662,0.11989408634227149,
overall_performance,C_original_plus_new,RandomForest,6,"{'n_estimators': 400, 'max_depth': 12, 'min_samples_split': 2, 'min_samples_leaf': 5, 'max_features': 0.7}",0.7445062314840251,1.1329982267761394,0.17532622049933166,0.4256487807223852,0.4944134772208132,0.34138287670765805,1.126362095575231,0.12205905996349799,
overall_performance,C_original_plus_new,RandomForest,7,"{'n_estimators': 200, 'max_depth': 12, 'min_samples_split': 8, 'min_samples_leaf': 1, 'max_features': 1.0}",0.7727246535001093,1.167435732186282,0.12443238514309507,0.38963489458876294,0.4804035662892244,0.33038731829594364,1.1633043596882542,0.09748434918930324,
overall_performance,C_original_plus_new,RandomForest,8,"{'n_estimators': 400, 'max_depth': 8, 'min_samples_split': 12, 'min_samples_leaf': 2, 'max_features': 1.0}",0.7571145042945042,1.1492887654412394,0.15144099058454885,0.40563771568623347,0.486169243880179,0.33200391540264557,1.143246879200128,0.11714736788009411,
overall_performance,C_original_plus_new,RandomForest,9,"{'n_estimators': 700, 'max_depth': 12, 'min_samples_split': 4, 'min_samples_leaf': 2, 'max_features': 0.7}",0.7575150950049276,1.1484355931869055,0.1527003751831275,0.4083321194090125,0.4885063531688005,0.3364697959869788,1.1428893171739474,0.1121858370909028,
overall_performance,C_original_plus_new,RandomForest,10,"{'n_estimators': 400, 'max_depth': 20, 'min_samples_split': 8, 'min_samples_leaf': 1, 'max_features': 0.5}",0.7635062627315341,1.1545679560316575,0.1436274740802126,0.4023538197237997,0.4874587367991568,0.3353099961257073,1.1501961536588194,0.09982866776022367,
overall_performance,C_original_plus_new,RandomForest,11,"{'n_estimators': 200, 'max_depth': 12, 'min_samples_split': 2, 'min_samples_leaf': 5, 'max_features': 0.5}",0.7407306493121943,1.1291170251767289,0.1809665523380033,0.43036231374858575,0.49885377090539595,0.34242492317060536,1.122569316620131,0.12105035371170139,
