id,user_id,question_id,split,duration_seconds,speech_duration_seconds,non_speech_duration_seconds,pause_ratio,internal_pause_duration_seconds,internal_pause_ratio,number_of_pauses,mean_pause_duration_seconds,median_pause_duration_seconds,maximum_pause_duration_seconds,pauses_over_0_5_seconds,pauses_over_1_second,mean_rms,median_rms
0001,147,1,train,43.468,38.99999999999999,4.468000000000011,0.10278825802889506,1.6000000000000068,0.03680868685009678,5,0.32000000000000134,0.10000000000000142,0.9000000000000004,1,0,0.03631069138646126,0.028308585286140442
0003,103,1,train,21.395,14.899999999999999,6.495000000000001,0.303575601776116,1.9000000000000004,0.0888057957466698,5,0.38000000000000006,0.5,0.6000000000000014,1,0,0.02090749889612198,0.011127375066280365
0004,277,1,train,39.315,0.0,39.315,1.0,0.0,0.0,0,0.0,0.0,0.0,0,0,0.0029393997974693775,0.002549715805798769
0005,258,1,train,57.783,47.40000000000001,10.382999999999988,0.1796895280618865,7.499999999999991,0.12979596074970132,20,0.37499999999999956,0.3000000000000007,1.0,3,0,0.028256891295313835,0.01718193292617798
0007,57,1,train,22.544,17.5,5.0440000000000005,0.2237402413058907,3.100000000000001,0.13750887154009941,6,0.5166666666666668,0.5500000000000003,0.6999999999999997,3,0,0.014816716313362122,0.009252019226551056
0008,3,1,train,12.539875,8.899999999999999,3.6398750000000017,0.29026405765607727,1.6000000000000014,0.1275929783989076,5,0.3200000000000003,0.3000000000000007,0.6000000000000001,1,0,0.0160615723580122,0.0038488456048071384
0010,101,1,train,25.627,21.5,4.126999999999999,0.1610410894759433,2.5999999999999988,0.10145549615639751,5,0.5199999999999998,0.3000000000000007,1.5,1,1,0.03519914299249649,0.02240006811916828
0011,189,1,train,60.526,51.09999999999999,9.426000000000016,0.1557347255724815,8.900000000000013,0.14704424544823733,19,0.4684210526315796,0.39999999999999947,1.3000000000000007,7,2,0.03281658515334129,0.02758123353123665
0014,245,1,train,2.482,0.0,2.482,1.0,0.0,0.0,0,0.0,0.0,0.0,0,0,0.0004497256886679679,0.00043149874545633793
0015,219,1,train,15.5178125,12.3,3.217812499999999,0.2073625067966248,2.4999999999999987,0.16110518154540138,5,0.4999999999999997,0.5,0.8999999999999986,2,0,0.053900349885225296,0.026815254241228104
0016,154,1,train,52.742,31.999999999999996,20.742,0.3932729134276289,20.10000000000001,0.3811004512532708,21,0.9571428571428575,0.5,4.399999999999999,10,5,0.018789637833833694,0.005615680944174528
0017,323,1,train,26.123,21.200000000000003,4.922999999999998,0.1884546185353902,2.799999999999997,0.10718523906136343,6,0.4666666666666662,0.3500000000000001,1.0,2,0,0.03627755492925644,0.022240523248910904
0018,295,1,train,17.346,12.100000000000001,5.245999999999999,0.3024328375417963,1.8999999999999986,0.10953533955955255,2,0.9499999999999993,0.9499999999999993,1.0999999999999996,2,1,0.10201618820428848,0.06340949237346649
0019,180,1,train,50.312,42.2,8.111999999999995,0.1612339004611225,5.6999999999999975,0.11329305135951658,11,0.518181818181818,0.5999999999999943,1.1999999999999993,6,1,0.024920877069234848,0.017093390226364136
0021,247,1,train,34.169,24.7,9.468999999999998,0.27712253797301645,6.700000000000002,0.1960841698615705,13,0.5153846153846156,0.5,1.0999999999999996,5,1,0.02759941853582859,0.012145288288593292
0022,156,1,train,92.343,81.19999999999997,11.143000000000029,0.1206696771818116,9.700000000000017,0.10504315432680351,24,0.4041666666666674,0.29999999999999893,2.4000000000000057,4,1,0.024701541289687157,0.015232427045702934
0023,164,1,train,21.761,17.0,4.760999999999999,0.21878590138320847,0.40000000000000124,0.018381508202748094,2,0.20000000000000062,0.20000000000000062,0.2999999999999998,0,0,0.039685796946287155,0.020829912275075912
0024,249,1,train,2.665,1.9650000000000003,0.6999999999999997,0.2626641651031894,0.2999999999999998,0.11257035647279542,1,0.2999999999999998,0.2999999999999998,0.2999999999999998,0,0,0.022434215992689133,0.01606188341975212
0025,315,1,train,23.041,10.3,12.741,0.5529707911982986,2.3,0.09982205633436048,3,0.7666666666666666,0.8000000000000007,1.1999999999999993,2,1,0.013746299780905247,0.0012441840954124928
0026,235,1,train,58.437,43.599999999999994,14.837000000000003,0.25389735954960047,13.60000000000001,0.2327292639937028,21,0.6476190476190481,0.5,1.3999999999999986,10,4,0.02656370960175991,0.013184875249862671
0027,137,1,train,54.466,44.166000000000004,10.299999999999997,0.18910880182131967,9.499999999999995,0.17442073954393555,21,0.4523809523809521,0.3999999999999986,1.5999999999999996,8,2,0.035334013402462006,0.023756658658385277
0028,232,1,train,11.442,9.200000000000001,2.241999999999999,0.19594476490124096,0.0,0.0,0,0.0,0.0,0.0,0,0,0.01973186992108822,0.009924910962581635
0031,138,1,train,33.411,26.399999999999995,7.011000000000006,0.20984107030618676,4.3000000000000025,0.12870012870012876,7,0.6142857142857147,0.40000000000000036,1.5,3,1,0.0288696251809597,0.018424849957227707
0032,157,1,train,0.628,0.5,0.128,0.20382165605095542,0.0,0.0,0,0.0,0.0,0.0,0,0,0.01501827035099268,0.003434726968407631
0035,219,1,train,15.622,11.900000000000002,3.7219999999999978,0.23825374471898592,1.4999999999999982,0.0960184355396235,5,0.29999999999999966,0.29999999999999893,0.5999999999999996,1,0,0.06934838742017746,0.02765318751335144
0037,161,1,train,11.677,8.277000000000001,3.3999999999999986,0.291170677400017,0.1999999999999993,0.0171276869058833,2,0.09999999999999964,0.09999999999999964,0.09999999999999964,0,0,0.01311058085411787,0.009231376461684704
0038,56,1,train,56.765,47.79999999999998,8.965000000000018,0.15793182418743976,7.000000000000014,0.12331542323614929,19,0.3684210526315797,0.40000000000000013,0.8999999999999986,2,0,0.03033050335943699,0.01734212227165699
0039,216,1,train,59.795,51.300000000000004,8.494999999999997,0.14206873484405047,6.499999999999993,0.10870474119909679,17,0.3823529411764702,0.30000000000000027,1.0,3,0,0.03169888257980347,0.023544032126665115
0040,330,1,train,6.113,4.8,1.3130000000000006,0.2147881563880256,0.0,0.0,0,0.0,0.0,0.0,0,0,0.01676800847053528,0.010293344967067242
0041,133,1,train,42.188,34.699999999999996,7.488000000000007,0.17749122973357367,5.8,0.13747985209064187,15,0.38666666666666666,0.20000000000000018,1.3000000000000007,4,1,0.027153078466653824,0.014948754571378231
0042,119,1,train,60.526,48.300000000000004,12.225999999999999,0.20199583650001648,9.499999999999995,0.15695734064699457,16,0.5937499999999997,0.5999999999999972,1.6000000000000014,10,1,0.03166604042053223,0.020136158913373947
0043,111,1,train,40.621,35.300000000000004,5.320999999999998,0.13099135914920848,4.299999999999993,0.10585657664754665,10,0.42999999999999927,0.40000000000000036,0.8000000000000043,3,0,0.03977390378713608,0.029366806149482727
0044,268,1,train,31.452,25.700000000000003,5.751999999999999,0.182881851710543,3.499999999999999,0.11128068167366142,9,0.3888888888888888,0.2999999999999998,0.8999999999999986,2,0,0.029929352924227715,0.020157184451818466
0045,78,1,train,11.834,8.4,3.4339999999999993,0.29018083488254176,0.5999999999999996,0.05070136893696127,2,0.2999999999999998,0.2999999999999998,0.2999999999999998,0,0,0.02800688147544861,0.01658727042376995
0046,153,1,train,3.083,1.9,1.1830000000000003,0.3837171586117419,0.0,0.0,0,0.0,0.0,0.0,0,0,0.015462965704500675,0.006209461018443108
0048,300,1,train,16.614,15.1,1.5140000000000011,0.09112796436740105,0.5,0.03009510051763573,1,0.5,0.5,0.5,0,0,0.10811500251293182,0.07142937928438187
0049,94,1,train,38.453,26.50000000000001,11.952999999999992,0.31084700803578375,8.499999999999993,0.2210490728941823,16,0.5312499999999996,0.399999999999999,1.3999999999999986,6,2,0.024606022983789444,0.011316994205117226
0050,223,1,train,51.331,43.300000000000004,8.030999999999999,0.15645516354639494,6.399999999999997,0.12468099199314248,15,0.42666666666666647,0.3000000000000007,1.0,4,0,0.03210967779159546,0.020545462146401405
0051,302,1,train,17.659,9.4,8.258999999999999,0.4676935273798063,2.8,0.15855937482303642,6,0.4666666666666666,0.5499999999999998,0.7,3,0,0.021446725353598595,0.0032726991921663284
0057,56,1,train,56.765,47.79999999999998,8.965000000000018,0.15793182418743976,7.000000000000014,0.12331542323614929,19,0.3684210526315797,0.40000000000000013,0.8999999999999986,2,0,0.03033050335943699,0.01734212227165699
0058,162,1,train,22.544,20.400000000000002,2.1439999999999984,0.09510290986515252,0.8999999999999992,0.03992193044712559,6,0.14999999999999988,0.09999999999999998,0.3000000000000007,0,0,0.03137701004743576,0.027197662740945816
0059,169,1,train,32.001,29.6,2.4009999999999962,0.07502890534670781,1.3000000000000025,0.04062373050842169,4,0.3250000000000006,0.20000000000000195,0.6999999999999993,1,0,0.035495396703481674,0.023451730608940125
0060,79,1,train,49.894,38.59399999999999,11.300000000000011,0.22648013789233198,11.000000000000007,0.22046739086864167,21,0.5238095238095242,0.40000000000000036,1.3000000000000043,10,2,0.030829772353172302,0.018947308883070946
0061,304,1,train,50.443,37.19999999999998,13.243000000000016,0.26253394920999973,9.60000000000002,0.1903138195587102,21,0.4571428571428581,0.29999999999999716,1.2000000000000028,6,2,0.17874185740947723,0.12032291293144226
0062,220,1,train,12.513,9.9,2.6129999999999995,0.2088228242627667,1.2000000000000002,0.09590026372572526,4,0.30000000000000004,0.30000000000000004,0.40000000000000036,0,0,0.03930097073316574,0.01866261474788189
0063,125,1,train,23.171,15.099999999999998,8.071000000000002,0.3483233352034872,5.9,0.25462863061585606,8,0.7375,0.5999999999999999,1.5,4,3,0.03272811323404312,0.009690298698842525
0066,90,1,train,9.143,7.299999999999999,1.8430000000000017,0.2015749753910097,0.10000000000000009,0.010937329104232755,1,0.10000000000000009,0.10000000000000009,0.10000000000000009,0,0,0.026435259729623795,0.018938377499580383
0067,294,1,train,44.566,35.69999999999999,8.866000000000014,0.19894089664766892,6.6000000000000085,0.14809496028362448,13,0.5076923076923083,0.5,0.8000000000000043,6,0,0.033736664801836014,0.019270984455943108
0068,72,1,train,17.686,9.0,8.686,0.4911229220852652,3.300000000000001,0.1865882619020695,5,0.6600000000000003,0.39999999999999947,1.3000000000000007,2,1,0.020130036398768425,0.003363461699336767
0069,265,1,train,50.548,44.900000000000006,5.647999999999996,0.11173538023265008,4.599999999999996,0.09100261137928298,10,0.45999999999999963,0.4500000000000002,1.0,2,0,0.031067881733179092,0.02196608856320381
0073,265,1,train,50.548,44.900000000000006,5.647999999999996,0.11173538023265008,4.599999999999996,0.09100261137928298,10,0.45999999999999963,0.4500000000000002,1.0,2,0,0.031067881733179092,0.02196608856320381
0074,96,1,train,17.764,13.6,4.164,0.23440666516550326,2.8,0.15762215717180814,7,0.39999999999999997,0.3000000000000007,0.7000000000000011,2,0,0.029277294874191284,0.021057739853858948
0076,30,1,train,34.117,22.500000000000004,11.616999999999994,0.34050473371046674,9.999999999999998,0.29310900723979244,13,0.769230769230769,0.3000000000000007,3.9,5,3,0.024880537763237953,0.00920263584703207
0077,245,1,train,24.921,19.5,5.420999999999999,0.21752738654147102,3.3999999999999977,0.13643112234661522,7,0.4857142857142854,0.40000000000000036,1.0,2,0,0.013250232674181461,0.006023343652486801
0078,49,1,train,25.705,20.9,4.805,0.18692861311028983,3.0,0.1167088115152694,7,0.42857142857142855,0.40000000000000036,0.9000000000000004,1,0,0.03457218408584595,0.026332460343837738
0079,212,1,train,43.181,37.20000000000001,5.980999999999987,0.13850999282091633,3.499999999999993,0.0810541673421179,10,0.3499999999999993,0.3999999999999986,0.5,0,0,0.038175541907548904,0.015196395106613636
0081,294,1,train,41.065,31.700000000000003,9.364999999999995,0.22805308657007173,7.799999999999996,0.18994277365152798,11,0.7090909090909088,0.6999999999999993,1.3999999999999986,9,2,0.03182259202003479,0.020713970065116882
0082,90,1,train,9.143,7.299999999999999,1.8430000000000017,0.2015749753910097,0.10000000000000009,0.010937329104232755,1,0.10000000000000009,0.10000000000000009,0.10000000000000009,0,0,0.026435259729623795,0.018938377499580383
0083,42,1,train,14.29,10.9,3.389999999999999,0.23722883135059475,1.9000000000000001,0.13296011196641008,4,0.47500000000000003,0.5,0.6000000000000001,2,0,0.0292305126786232,0.016120364889502525
0084,200,1,train,53.891,45.7,8.190999999999995,0.15199198381919052,5.800000000000002,0.10762464975598897,10,0.5800000000000002,0.45000000000000284,1.5,4,2,0.03375314548611641,0.020811261609196663
0086,261,1,train,7.367,5.4670000000000005,1.8999999999999995,0.2579068820415365,0.7999999999999998,0.10859237138591012,3,0.2666666666666666,0.2999999999999998,0.40000000000000036,0,0,0.021949663758277893,0.010141466744244099
0087,41,1,train,14.054,10.600000000000001,3.453999999999999,0.24576632987049943,2.099999999999999,0.14942365162942928,7,0.2999999999999999,0.20000000000000107,0.7999999999999989,1,0,0.022572070360183716,0.011668226681649685
0088,239,1,train,39.132,33.0,6.131999999999998,0.15670039865072058,4.000000000000003,0.10221813349688243,9,0.44444444444444475,0.3999999999999986,0.9000000000000057,3,0,0.0377594456076622,0.01796848513185978
0089,271,1,train,58.254,48.500000000000014,9.753999999999984,0.16743914580972952,7.599999999999984,0.13046314416177401,17,0.4470588235294108,0.5,1.0,7,0,0.02915753424167633,0.014805418439209461
0090,308,1,train,13.584,8.399999999999999,5.184000000000001,0.3816254416961132,2.8,0.2061248527679623,2,1.4,1.4,2.5,1,1,0.020985424518585205,0.005337545648217201
0093,86,1,train,40.595,34.39499999999999,6.20000000000001,0.1527281684936571,5.500000000000007,0.1354846655992119,10,0.5500000000000007,0.15000000000000036,1.7000000000000028,3,2,0.02717484161257744,0.018421661108732224
0094,91,1,train,12.409,9.6,2.809000000000001,0.22636795873962454,2.200000000000001,0.17729067612216948,4,0.5500000000000003,0.5999999999999996,0.6000000000000014,3,0,0.028684934601187706,0.017134828492999077
0096,253,1,train,26.28,21.8,4.48,0.17047184170471844,2.299999999999999,0.08751902587519021,7,0.3285714285714284,0.3000000000000007,0.5,0,0,0.03619870916008949,0.029338710010051727
0098,97,1,train,26.959,14.0,12.959,0.48069290403946735,0.09999999999999964,0.0037093363997180774,1,0.09999999999999964,0.09999999999999964,0.09999999999999964,0,0,0.01824958436191082,0.008742243982851505
0099,301,1,train,13.924,10.0,3.9239999999999995,0.28181557023843723,1.2999999999999998,0.09336397586900315,3,0.4333333333333333,0.2999999999999998,0.8000000000000007,1,0,0.019096871837973595,0.010783795267343521
0101,327,1,train,41.013,36.8,4.213000000000001,0.10272352668666035,2.200000000000001,0.0536415282959062,9,0.24444444444444458,0.1999999999999993,0.40000000000000213,0,0,0.028613165020942688,0.015541707165539265
0102,280,1,train,60.526,55.300000000000004,5.225999999999999,0.08634305918117832,2.899999999999992,0.0479132934606614,12,0.241666666666666,0.1999999999999993,0.5,0,0,0.040391743183135986,0.035489652305841446
0103,304,1,train,60.526,49.29999999999999,11.226000000000013,0.18547401116875414,10.400000000000015,0.17182698344513125,25,0.4160000000000006,0.20000000000000284,1.3000000000000043,5,4,0.03335241973400116,0.023054897785186768
0104,317,1,train,30.041,24.499999999999996,5.541000000000004,0.18444792117439512,4.100000000000004,0.13648014380346873,10,0.4100000000000004,0.3000000000000007,1.1000000000000014,2,1,0.029963547363877296,0.02121058478951454
0105,165,1,train,7.524,3.4,4.1240000000000006,0.5481127060074429,0.0,0.0,0,0.0,0.0,0.0,0,0,0.004750011023133993,0.00026963179698213935
0106,301,1,train,12.592,9.0,3.5920000000000005,0.2852604828462516,1.2000000000000004,0.09529860228716648,4,0.3000000000000001,0.25000000000000044,0.5999999999999996,1,0,0.00922362506389618,0.004289844073355198
0108,93,1,train,60.526,51.0,9.526000000000003,0.15738690810560754,7.6999999999999975,0.12721805505072195,17,0.45294117647058807,0.4000000000000057,0.7999999999999972,6,0,0.03919603303074837,0.032699454575777054
0109,208,1,train,48.797,34.499999999999986,14.297000000000011,0.2929893231141261,11.400000000000013,0.23362091931881085,19,0.6000000000000006,0.30000000000000426,2.200000000000003,8,3,0.026973454281687737,0.008215627633035183
0110,254,1,train,18.13,16.5,1.629999999999999,0.08990623276337557,0.0,0.0,0,0.0,0.0,0.0,0,0,0.03984690085053444,0.027287812903523445
0111,175,1,train,24.425,16.000000000000004,8.424999999999997,0.34493346980552697,5.8999999999999995,0.24155578300921185,11,0.5363636363636363,0.5,1.0999999999999996,5,1,0.004093782044947147,0.002190993633121252
0113,64,1,train,60.526,52.099999999999994,8.426000000000009,0.1392129002412188,6.300000000000008,0.10408749958695449,15,0.42000000000000054,0.3999999999999986,1.5,2,1,0.03959597274661064,0.03198905661702156
0114,7,1,train,16.536,14.7,1.836000000000002,0.11103047895500737,0.9000000000000021,0.05442670537010172,3,0.3000000000000007,0.20000000000000107,0.5,0,0,0.01971658132970333,0.01335296779870987
0115,2,1,train,24.268,21.2,3.0680000000000014,0.12642162518542943,1.7000000000000008,0.07005109609362126,7,0.24285714285714297,0.19999999999999996,0.40000000000000036,0,0,0.03051350638270378,0.02366526797413826
0116,283,1,train,8.804,7.5,1.3040000000000003,0.14811449341208544,0.2999999999999998,0.034075420263516565,1,0.2999999999999998,0.2999999999999998,0.2999999999999998,0,0,0.036769527941942215,0.033077266067266464
0118,129,1,train,11.886,9.3,2.5859999999999985,0.21756688541140826,0.5,0.04206629648325762,2,0.25,0.25,0.40000000000000036,0,0,0.024943679571151733,0.018289783969521523
0119,190,1,train,24.373,21.599999999999998,2.7730000000000032,0.11377343782053925,1.6000000000000032,0.06564641201329352,5,0.3200000000000006,0.20000000000000107,0.9000000000000021,1,0,0.035942044109106064,0.0221116803586483
0120,300,1,train,12.644,10.1,2.5440000000000005,0.20120215121796903,0.8999999999999997,0.07118000632711165,3,0.2999999999999999,0.30000000000000004,0.40000000000000036,0,0,0.029971810057759285,0.013341573998332024
0121,55,1,train,6.087,4.8,1.287,0.2114342040413997,0.20000000000000018,0.03285690816494171,1,0.20000000000000018,0.20000000000000018,0.20000000000000018,0,0,0.027990859001874924,0.020430201664566994
0123,59,1,train,4.441,3.6,0.8409999999999997,0.18937176311641518,0.0,0.0,0,0.0,0.0,0.0,0,0,0.014010184444487095,0.008389640599489212
0124,310,1,train,8.83,6.500000000000001,2.329999999999999,0.2638731596828991,0.7999999999999996,0.0906002265005662,3,0.26666666666666655,0.20000000000000018,0.40000000000000013,0,0,0.021651050075888634,0.010262846946716309
0125,308,1,train,12.644,8.600000000000001,4.043999999999999,0.31983549509648834,1.0999999999999996,0.08699778551091424,2,0.5499999999999998,0.5499999999999998,0.9000000000000004,1,0,0.02426709420979023,0.00769797433167696
0127,59,1,train,4.441,3.8000000000000003,0.6409999999999996,0.1443368610673271,0.0,0.0,0,0.0,0.0,0.0,0,0,0.0104941725730896,0.007269958965480328
0128,77,1,train,5.904,3.500000000000001,2.403999999999999,0.407181571815718,1.8999999999999995,0.32181571815718146,2,0.9499999999999997,0.9499999999999997,1.7000000000000002,1,1,0.014270986430346966,0.002373991534113884
0130,142,1,train,13.088,10.399999999999999,2.6880000000000006,0.20537897310513453,1.7000000000000002,0.12988997555012227,3,0.5666666666666668,0.40000000000000036,1.0999999999999996,1,1,0.031090950593352318,0.015423398464918137
0131,12,1,train,21.317,17.499999999999996,3.8170000000000037,0.1790589670216261,2.000000000000001,0.09382183234038564,9,0.22222222222222232,0.1999999999999993,0.6999999999999993,1,0,0.027366425842046738,0.015399633906781673
0132,37,1,train,26.097,22.5,3.5970000000000013,0.13783193470513858,1.2999999999999998,0.049814154883703096,4,0.32499999999999996,0.3499999999999992,0.5,0,0,0.03187044709920883,0.023418627679347992
0133,223,1,train,43.286,0.0,43.286,1.0,0.0,0.0,0,0.0,0.0,0.0,0,0,3.3937812986550853e-06,3.4119689189537894e-06
0134,160,1,train,0.628,0.5,0.128,0.20382165605095542,0.0,0.0,0,0.0,0.0,0.0,0,0,0.017474347725510597,0.01846996881067753
0135,34,1,train,6.871,0.0,6.871,1.0,0.0,0.0,0,0.0,0.0,0.0,0,0,0.0,0.0
0137,231,1,train,23.877,5.8,18.076999999999998,0.7570884114419734,1.5,0.06282196255811032,2,0.75,0.75,1.0,1,0,0.008370754308998585,0.0020328075625002384
0141,196,1,train,10.423,6.300000000000001,4.122999999999999,0.39556749496306237,1.1,0.10553583421279862,3,0.3666666666666667,0.30000000000000027,0.5999999999999996,1,0,0.019245676696300507,0.006049624644219875
0142,292,1,train,13.219,11.400000000000002,1.8189999999999973,0.13760496255389948,0.29999999999999893,0.02269460624858151,1,0.29999999999999893,0.29999999999999893,0.29999999999999893,0,0,0.028404047712683678,0.017264850437641144
0143,73,1,train,12.696,7.6,5.096,0.40138626339004413,1.3000000000000003,0.10239445494643985,3,0.4333333333333334,0.49999999999999956,0.5,0,0,0.013452398590743542,0.004918592981994152
0145,277,1,train,20.246,18.6,1.6459999999999972,0.08130000987849438,1.0999999999999979,0.05433171984589538,5,0.21999999999999958,0.20000000000000018,0.3999999999999986,0,0,0.03122374601662159,0.018848462030291557
0146,58,1,train,13.192,10.399999999999999,2.7920000000000016,0.21164342025469993,0.10000000000000053,0.007580351728320235,1,0.10000000000000053,0.10000000000000053,0.10000000000000053,0,0,0.033884111791849136,0.020397625863552094
0147,12,1,train,21.317,17.499999999999996,3.8170000000000037,0.1790589670216261,2.000000000000001,0.09382183234038564,9,0.22222222222222232,0.1999999999999993,0.6999999999999993,1,0,0.027366425842046738,0.015399633906781673
0148,196,1,train,10.423,6.300000000000001,4.122999999999999,0.39556749496306237,1.1,0.10553583421279862,3,0.3666666666666667,0.30000000000000027,0.5999999999999996,1,0,0.019245676696300507,0.006049624644219875
0149,19,1,train,40.856,27.156,13.700000000000003,0.3353240650088115,12.500000000000002,0.30595261405913454,17,0.7352941176470589,0.5,1.8999999999999986,8,4,0.024574745446443558,0.012870550155639648
0150,276,1,train,37.277,29.000000000000004,8.276999999999997,0.2220404002468009,5.6999999999999975,0.15290930064114594,11,0.518181818181818,0.5,1.0999999999999996,4,1,0.02568734809756279,0.014448706060647964
0151,274,1,train,11.886,6.299999999999999,5.586,0.4699646643109541,0.20000000000000018,0.01682651859330306,1,0.20000000000000018,0.20000000000000018,0.20000000000000018,0,0,0.015602258034050465,0.004385985434055328
0152,202,1,train,14.368,8.1,6.268000000000001,0.43624721603563477,4.200000000000001,0.2923162583518932,5,0.8400000000000002,0.5999999999999996,2.4000000000000004,3,1,0.018835334107279778,0.0028036097064614296
0155,193,1,train,11.521,8.899999999999999,2.621000000000002,0.22749761305442254,0.7000000000000006,0.06075861470358481,3,0.23333333333333353,0.20000000000000107,0.39999999999999947,0,0,0.023320255801081657,0.018354743719100952
0156,177,1,train,13.61,12.3,1.3099999999999987,0.09625275532696538,0.6000000000000005,0.04408523144746514,2,0.30000000000000027,0.30000000000000027,0.40000000000000036,0,0,0.030577516183257103,0.015954453498125076
0157,241,1,train,14.316,10.300000000000002,4.015999999999998,0.280525286392847,0.6999999999999984,0.0488963397597093,2,0.3499999999999992,0.3499999999999992,0.39999999999999947,0,0,0.014387180097401142,0.008964231237769127
0159,311,1,train,42.319,37.49999999999999,4.81900000000001,0.11387320116259858,4.000000000000009,0.09452019187598971,8,0.5000000000000011,0.45000000000000284,0.8000000000000007,3,0,0.029484283179044724,0.02149762213230133
0160,325,1,train,40.647,35.60000000000001,5.04699999999999,0.12416660516151229,2.9999999999999925,0.07380618495829933,11,0.27272727272727204,0.20000000000000018,0.7000000000000011,1,0,0.037147898226976395,0.026878347620368004
0161,26,1,train,31.426,25.299999999999994,6.126000000000005,0.1949341309743526,5.000000000000005,0.15910392668491077,15,0.3333333333333337,0.3000000000000007,0.8000000000000007,1,0,0.02703383006155491,0.013474754989147186
0162,270,1,train,40.804,36.49999999999999,4.304000000000009,0.1054798549161849,2.8000000000000087,0.06862072345848468,12,0.23333333333333406,0.19999999999999973,0.9000000000000057,1,0,0.03219356760382652,0.022614041343331337
0163,127,1,train,42.032,36.199999999999996,5.832000000000001,0.13875142748382188,4.500000000000002,0.10706128663875147,14,0.32142857142857156,0.20000000000000195,0.8000000000000007,3,0,0.02207677625119686,0.017523977905511856
0164,89,1,train,43.573,29.799999999999994,13.773000000000007,0.31609023936841635,10.100000000000005,0.2317949188717785,13,0.7769230769230773,0.5999999999999979,2.7,7,2,0.011680897325277328,0.007125869859009981
0166,263,1,train,16.536,14.700000000000001,1.8360000000000003,0.11103047895500727,0.09999999999999964,0.006047411707789044,1,0.09999999999999964,0.09999999999999964,0.09999999999999964,0,0,0.038557618856430054,0.029602650552988052
0167,146,1,train,31.478,29.1,2.378,0.0755448249571129,0.6000000000000023,0.01906093144418331,3,0.20000000000000076,0.10000000000000142,0.40000000000000036,0,0,0.030462902039289474,0.02281242609024048
0168,298,1,train,57.914,54.60000000000001,3.313999999999993,0.05722277860275569,2.099999999999996,0.0362606623614324,9,0.2333333333333329,0.20000000000000107,0.40000000000000213,0,0,0.039939552545547485,0.03791669011116028
0170,236,1,train,16.771,12.400000000000002,4.370999999999999,0.26062846580406646,1.9999999999999982,0.11925347325740851,4,0.49999999999999956,0.4499999999999993,0.9000000000000004,2,0,0.03565095737576485,0.01747252605855465
0171,326,1,train,14.054,11.599999999999998,2.4540000000000024,0.1746122100469619,0.7000000000000002,0.04980788387647646,3,0.2333333333333334,0.20000000000000018,0.3000000000000007,0,0,0.02409580908715725,0.016170231625437737
0172,27,1,train,29.284,19.800000000000004,9.483999999999995,0.32386286026499095,6.399999999999995,0.21854937850020473,7,0.9142857142857136,0.5999999999999979,2.799999999999999,4,1,0.02488630823791027,0.0106415506452322
0173,54,1,train,11.364,7.7,3.6640000000000006,0.3224216825061598,1.4000000000000001,0.12319605772615276,4,0.35000000000000003,0.30000000000000027,0.5999999999999996,1,0,0.02297421172261238,0.012310821563005447
0175,4,1,train,12.566,10.666000000000002,1.8999999999999986,0.1512016552602259,1.2999999999999992,0.10345376412541772,6,0.21666666666666654,0.1499999999999999,0.40000000000000036,0,0,0.025600899010896683,0.015684666112065315
0176,130,1,train,32.706,29.299999999999997,3.406000000000006,0.10413991316578015,1.4000000000000021,0.0428056014187,3,0.4666666666666674,0.40000000000000213,0.8000000000000007,1,0,0.03131743520498276,0.018521875143051147
0177,299,1,train,14.76,12.199999999999998,2.5600000000000023,0.17344173441734434,1.200000000000001,0.08130081300813015,2,0.6000000000000005,0.6000000000000005,0.6000000000000014,2,0,0.032687585800886154,0.018580526113510132
0178,184,1,train,35.266,22.9,12.366,0.35064935064935066,9.5,0.269381273748086,14,0.6785714285714286,0.5999999999999988,2.400000000000002,8,2,0.025123637169599533,0.008754153735935688
0179,273,1,train,7.942,5.300000000000001,2.6419999999999995,0.3326617980357592,0.9999999999999996,0.1259128682951397,2,0.4999999999999998,0.4999999999999998,0.5999999999999996,1,0,0.026757989078760147,0.012272786349058151
0180,192,1,train,34.143,26.099999999999998,8.043000000000003,0.23556805201651884,7.0000000000000036,0.20502006267756212,14,0.5000000000000002,0.3500000000000003,1.3000000000000007,6,1,0.02836879901587963,0.016499964520335197
0181,54,1,train,11.364,7.7,3.6640000000000006,0.3224216825061598,1.4000000000000001,0.12319605772615276,4,0.35000000000000003,0.30000000000000027,0.5999999999999996,1,0,0.02297421172261238,0.012310821563005447
0185,136,1,train,57.444,50.699999999999996,6.744000000000007,0.11740129517443086,4.5,0.07833716315019845,14,0.32142857142857145,0.2500000000000009,1.0,2,0,0.03136174753308296,0.021059006452560425
0186,98,1,train,9.614,7.4,2.2140000000000004,0.23028916163927607,0.3999999999999999,0.04160599126274182,1,0.3999999999999999,0.3999999999999999,0.3999999999999999,0,0,0.016171524301171303,0.009209094569087029
0187,316,1,train,9.77,5.8,3.9699999999999998,0.406345957011259,0.40000000000000036,0.04094165813715459,1,0.40000000000000036,0.40000000000000036,0.40000000000000036,0,0,0.01710076816380024,0.004124618601053953
0188,124,1,train,32.706,18.0,14.706000000000003,0.44964226747385805,3.8999999999999995,0.11924417538066408,7,0.557142857142857,0.5,1.0,3,0,0.021091647446155548,0.0036457704845815897
0189,65,1,train,15.7,10.8,4.899999999999999,0.3121019108280254,1.6000000000000005,0.10191082802547774,4,0.40000000000000013,0.25000000000000044,0.8999999999999995,1,0,0.020052216947078705,0.008467627689242363
0190,252,1,train,13.637,12.8,0.8369999999999997,0.06137713573366574,0.5999999999999988,0.04399794676248432,2,0.2999999999999994,0.2999999999999994,0.39999999999999947,0,0,0.03882717713713646,0.027177102863788605
0192,35,1,train,15.491,11.600000000000001,3.8909999999999982,0.25117810341488594,1.6,0.10328577883932606,4,0.4,0.4500000000000002,0.6000000000000001,1,0,0.02478191629052162,0.013938995078206062
0194,328,76,train,11.834,7.300000000000001,4.533999999999999,0.3831333446003041,0.5,0.04225114078080108,1,0.5,0.5,0.5,0,0,0.010274151340126991,0.005517654120922089
0195,273,76,train,7.942,5.300000000000001,2.6419999999999995,0.3326617980357592,0.9999999999999996,0.1259128682951397,2,0.4999999999999998,0.4999999999999998,0.5999999999999996,1,0,0.026757989078760147,0.012272786349058151
0196,108,76,train,24.712,16.599999999999998,8.112000000000002,0.32826157332470063,6.000000000000002,0.24279702168986733,11,0.5454545454545456,0.6000000000000001,1.1000000000000014,6,1,0.026017749682068825,0.013766716234385967
0197,275,76,train,11.416,9.5,1.9160000000000004,0.1678346180798879,0.5000000000000004,0.04379817799579541,3,0.16666666666666682,0.20000000000000018,0.20000000000000018,0,0,0.031278010457754135,0.026980938389897346
0198,240,76,train,29.571,22.800000000000004,6.770999999999997,0.22897433296134717,4.799999999999997,0.1623211930607689,11,0.4363636363636361,0.5,0.7999999999999972,4,0,0.020674850791692734,0.009945746511220932
0199,303,76,train,12.592,9.1,3.492000000000001,0.27731893265565444,0.39999999999999947,0.03176620076238877,1,0.39999999999999947,0.39999999999999947,0.39999999999999947,0,0,0.030992573127150536,0.024582885205745697
0200,210,76,train,43.782,39.1,4.681999999999995,0.10693892467223963,2.2000000000000006,0.05024896076012975,7,0.3142857142857144,0.3999999999999986,0.3999999999999999,0,0,0.03924401104450226,0.03220304846763611
0201,46,76,train,8.882,6.700000000000001,2.1819999999999986,0.24566539067777513,0.19999999999999973,0.022517451024543993,1,0.19999999999999973,0.19999999999999973,0.19999999999999973,0,0,0.023974938318133354,0.01195206493139267
0202,329,76,train,10.894,10.094000000000001,0.7999999999999989,0.07343491830365328,0.1999999999999993,0.018358729575913283,1,0.1999999999999993,0.1999999999999993,0.1999999999999993,0,0,0.00877294596284628,0.00735130999237299
0203,50,76,train,41.117,32.90000000000001,8.216999999999985,0.19984434662061884,5.399999999999993,0.1313325388525426,11,0.4909090909090903,0.5,1.0999999999999979,5,1,0.03141210600733757,0.02159198746085167
0205,40,76,train,25.287,20.9,4.3870000000000005,0.17348835369952942,2.700000000000002,0.10677423181872116,5,0.5400000000000004,0.5,1.1000000000000014,2,1,0.03629371151328087,0.02854059636592865
0208,194,76,train,15.491,13.5,1.9909999999999997,0.12852624104318636,0.5,0.03227680588728939,1,0.5,0.5,0.5,0,0,0.03234259784221649,0.027074478566646576
0209,212,76,train,50.26,40.5,9.759999999999998,0.1941902109033028,4.200000000000001,0.08356545961002788,9,0.4666666666666668,0.5,0.7000000000000028,4,0,0.033588957041502,0.017928708344697952
0211,225,76,train,16.693,11.1,5.593000000000002,0.3350506200203679,2.8,0.16773497873360088,2,1.4,1.4,2.5,1,1,0.021954212337732315,0.010779524222016335
0212,284,76,train,18.391,13.7,4.690999999999999,0.2550704148768419,4.1,0.2229351313142298,5,0.82,0.5,2.299999999999999,1,1,0.023836970329284668,0.00666381698101759
0215,111,76,train,32.105,28.299999999999997,3.8049999999999997,0.11851736489643358,2.5,0.07786949073353061,6,0.4166666666666667,0.40000000000000036,0.6999999999999993,2,0,0.035397857427597046,0.030181804671883583
0217,28,76,train,14.054,10.700000000000001,3.353999999999999,0.23865091788814566,1.3999999999999986,0.09961576775295279,3,0.4666666666666662,0.5,0.6999999999999993,1,0,0.028619864955544472,0.019136380404233932
0218,99,76,train,14.681,9.599999999999998,5.081000000000001,0.3460935903548806,3.8000000000000016,0.25883795381785996,2,1.9000000000000008,1.9000000000000008,3.1000000000000005,2,1,0.019275538623332977,0.009647768922150135
0219,34,76,train,11.756,9.099999999999998,2.6560000000000024,0.2259271861177273,1.800000000000002,0.15311330384484537,5,0.36000000000000043,0.2999999999999998,0.8000000000000007,1,0,0.023815589025616646,0.010570814833045006
0220,296,76,train,13.036,9.0,4.036,0.3096041730592206,0.8000000000000007,0.06136851795029156,2,0.40000000000000036,0.40000000000000036,0.6000000000000005,1,0,0.024123666808009148,0.01868552342057228
0222,21,76,train,6.166,3.8,2.3660000000000005,0.3837171586117419,0.0,0.0,0,0.0,0.0,0.0,0,0,0.019115837290883064,0.008485320955514908
0223,319,76,train,29.571,22.700000000000006,6.870999999999995,0.23235602448344644,3.0999999999999965,0.10483243718507985,8,0.38749999999999957,0.5,0.5,0,0,0.02012578770518303,0.012007822282612324
0225,256,76,train,32.575,27.8,4.775000000000002,0.14658480429777443,2.3999999999999986,0.07367613200306979,8,0.2999999999999998,0.1999999999999993,0.6000000000000014,2,0,0.0373133160173893,0.028315981850028038
0226,46,76,train,8.882,6.700000000000001,2.1819999999999986,0.24566539067777513,0.19999999999999973,0.022517451024543993,1,0.19999999999999973,0.19999999999999973,0.19999999999999973,0,0,0.023974938318133354,0.01195206493139267
0227,331,76,train,35.292,28.700000000000003,6.591999999999999,0.18678454040575765,5.099999999999994,0.14450867052023106,11,0.4636363636363631,0.5,0.7999999999999972,5,0,0.03401189297437668,0.02203385718166828
0228,32,76,train,11.181,6.5,4.680999999999999,0.4186566496735533,2.499999999999999,0.2235935962794025,4,0.6249999999999998,0.44999999999999973,1.5,2,1,0.012795594520866871,0.006596924737095833
0229,313,76,train,13.976,11.600000000000001,2.3759999999999994,0.17000572409845444,1.3999999999999977,0.10017172295363463,5,0.2799999999999995,0.20000000000000018,0.5999999999999996,1,0,0.027353966608643532,0.01877932995557785
0230,306,76,train,30.564,24.700000000000003,5.863999999999997,0.1918597042271953,4.1999999999999975,0.13741656851197478,10,0.41999999999999976,0.39999999999999947,0.6000000000000014,2,0,0.0312420055270195,0.020487025380134583
0231,95,76,train,38.244,36.5,1.7439999999999998,0.045601924484886515,0.8999999999999986,0.023533103231879474,4,0.22499999999999964,0.15000000000000036,0.5,0,0,0.036145586520433426,0.02571493200957775
0232,326,76,train,22.257,16.299999999999997,5.957000000000004,0.26764613380060226,1.7000000000000046,0.07638046457294355,7,0.24285714285714352,0.20000000000000284,0.40000000000000036,0,0,0.027077067643404007,0.013811244629323483
0233,8,76,train,11.651,8.7,2.9510000000000005,0.2532829800017166,1.0000000000000007,0.08582954252853839,4,0.25000000000000017,0.25000000000000044,0.2999999999999998,0,0,0.030459173023700714,0.01160009577870369
0235,237,76,train,19.854,17.854,2.0,0.10073536818777074,1.0999999999999988,0.05540445250327384,4,0.2749999999999997,0.19999999999999973,0.5,0,0,0.034810978919267654,0.02843823842704296
0240,33,76,train,41.013,30.799999999999997,10.213000000000001,0.24901860385731356,6.799999999999999,0.1658010874600736,15,0.45333333333333325,0.2999999999999998,1.1999999999999993,5,2,0.027408957481384277,0.01156459841877222
0242,115,76,train,23.432,19.0,4.431999999999999,0.18914305223625805,2.599999999999999,0.11095937179924886,7,0.37142857142857133,0.2999999999999998,1.0,1,0,0.02301953360438347,0.014493639580905437
0243,309,76,train,39.654,34.49999999999999,5.154000000000011,0.12997427750037852,3.2000000000000055,0.08069803802895055,12,0.2666666666666671,0.2000000000000015,0.7000000000000028,1,0,0.05354951322078705,0.042129892855882645
0244,259,76,train,9.614,7.1,2.514000000000001,0.26149365508633254,0.40000000000000036,0.04160599126274187,2,0.20000000000000018,0.20000000000000018,0.20000000000000018,0,0,0.020416606217622757,0.01166277565062046
0245,6,76,train,45.637,37.9,7.737000000000002,0.16953349256086075,5.900000000000004,0.12928106580187138,15,0.3933333333333336,0.29999999999999716,1.0,5,0,0.028313705697655678,0.016863293945789337
0246,80,76,train,59.821,54.900000000000006,4.920999999999992,0.08226208187760138,4.399999999999988,0.07355276575115742,14,0.31428571428571345,0.29999999999999716,0.5,0,0,0.037678126245737076,0.028630252927541733
0247,38,76,train,54.884,45.99999999999999,8.884000000000007,0.16186866846439776,6.600000000000011,0.12025362582902141,17,0.38823529411764773,0.30000000000000426,1.0,3,0,0.035657234489917755,0.029580008238554
0248,179,76,train,39.184,35.6,3.583999999999996,0.09146590445079615,1.1999999999999993,0.03062474479379337,4,0.2999999999999998,0.2999999999999998,0.5,0,0,0.02843300811946392,0.016713541001081467
0249,218,76,train,31.217,26.9,4.317,0.13829003427619568,2.5000000000000018,0.08008456930518634,9,0.27777777777777796,0.10000000000000142,0.8000000000000007,2,0,0.0348321907222271,0.02489762380719185
0250,23,76,train,60.265,50.60000000000001,9.664999999999992,0.16037501037086188,7.099999999999991,0.11781299261594608,17,0.41764705882352887,0.29999999999999716,1.2999999999999972,4,1,0.036236125975847244,0.028230704367160797
0252,213,76,train,10.815,7.600000000000001,3.214999999999998,0.2972723069810447,1.299999999999999,0.12020342117429486,2,0.6499999999999995,0.6499999999999995,0.6999999999999993,2,0,0.007207512389868498,0.0037259431555867195
0255,248,76,train,47.543,35.300000000000004,12.242999999999995,0.2575142502576614,6.300000000000001,0.13251162105883096,14,0.45000000000000007,0.40000000000000124,1.0,3,0,0.028212357312440872,0.01710774004459381
0256,132,76,train,17.999,10.3,7.698999999999998,0.4277459858881048,3.7,0.20556697594310797,5,0.74,0.7000000000000011,1.6999999999999993,3,1,0.01577598601579666,0.008148625493049622
0257,17,76,train,15.5439375,12.999999999999998,2.543937500000002,0.16366107365009683,2.100000000000002,0.1351009034872922,6,0.3500000000000003,0.35000000000000053,0.5,0,0,0.023735521361231804,0.011964941397309303
0258,183,76,train,48.014,40.699999999999996,7.314000000000007,0.1523305702503438,4.6000000000000085,0.09580539009455592,13,0.3538461538461545,0.30000000000000426,0.6000000000000014,1,0,0.04594342038035393,0.03719557076692581
0259,234,76,train,21.839,17.0,4.838999999999999,0.22157607949081912,3.2,0.14652685562525758,6,0.5333333333333333,0.35000000000000053,1.5999999999999996,1,1,0.023453421890735626,0.013266698457300663
0261,10,76,train,22.44,13.299999999999997,9.140000000000004,0.40730837789661334,4.100000000000004,0.18270944741532993,7,0.5857142857142863,0.6000000000000014,1.1000000000000014,4,1,0.019985569640994072,0.007278828881680965
0264,63,76,train,11.077,8.999999999999998,2.0770000000000017,0.18750564232192848,0.8000000000000005,0.0722217206824953,2,0.40000000000000024,0.40000000000000024,0.6000000000000005,1,0,0.02699429914355278,0.013488433323800564
0265,185,76,train,18.783,13.4,5.383000000000001,0.2865889368045573,3.9999999999999982,0.21295852632699772,7,0.5714285714285712,0.3000000000000007,1.799999999999999,2,1,0.023687606677412987,0.006847133859992027
0267,36,76,train,14.708,12.100000000000001,2.6079999999999988,0.17731846614087562,1.2999999999999994,0.08838727223279844,4,0.32499999999999984,0.30000000000000004,0.5,0,0,0.03681890293955803,0.022989336401224136
0271,152,76,train,36.703,22.6,14.103000000000002,0.3842465193580906,11.099999999999998,0.302427594474566,16,0.6937499999999999,0.39999999999999947,2.0,7,4,0.007102761417627335,0.000876097590662539
0273,204,76,train,8.699,6.4,2.2989999999999995,0.26428325094838484,0.0,0.0,0,0.0,0.0,0.0,0,0,0.026877306401729584,0.018362466245889664
0275,147,76,train,42.789,38.100000000000016,4.688999999999986,0.10958423893991413,2.7999999999999856,0.06543737876557025,10,0.2799999999999986,0.24999999999999867,0.6999999999999993,1,0,0.038188159465789795,0.031875256448984146
0277,217,76,train,21.003,14.100000000000001,6.902999999999999,0.32866733323810876,5.099999999999998,0.242822453935152,6,0.8499999999999996,0.40000000000000013,2.200000000000001,2,2,0.02059146948158741,0.00793818011879921
0278,92,76,train,10.998,8.897999999999998,2.1000000000000014,0.1909438079650847,1.6000000000000016,0.1454809965448265,4,0.4000000000000004,0.4500000000000002,0.5999999999999999,1,0,0.030060626566410065,0.024096831679344177
0279,321,76,train,28.605,21.1,7.504999999999999,0.26236671910505155,5.499999999999998,0.19227407795839882,12,0.4583333333333332,0.40000000000000036,1.1000000000000014,3,1,0.026352403685450554,0.014800810255110264
0282,134,76,train,54.309,47.8,6.509,0.11985122171279163,3.7000000000000064,0.06812867112265014,10,0.37000000000000066,0.40000000000000036,0.6999999999999993,1,0,0.03781721740961075,0.03823469951748848
0284,219,76,train,19.723,13.999999999999996,5.7230000000000025,0.2901688384120064,1.700000000000002,0.08619378390711363,5,0.3400000000000004,0.3000000000000007,0.40000000000000036,0,0,0.12909094989299774,0.060535699129104614
0285,233,76,train,28.5,25.799999999999994,2.7000000000000064,0.09473684210526338,1.2000000000000055,0.04210526315789493,5,0.2400000000000011,0.20000000000000284,0.3000000000000007,0,0,0.03784899413585663,0.028557969257235527
0287,3,76,train,11.364,9.799999999999999,1.5640000000000018,0.1376275959169308,0.0,0.0,0,0.0,0.0,0.0,0,0,0.03726615384221077,0.02342139184474945
0288,251,76,train,56.425,34.199999999999996,22.225,0.39388568896765624,20.000000000000004,0.354452813469207,23,0.8695652173913045,0.30000000000000426,6.199999999999999,10,5,0.022115329280495644,0.004372431430965662
0290,233,76,train,28.5,25.799999999999994,2.7000000000000064,0.09473684210526338,1.2000000000000055,0.04210526315789493,5,0.2400000000000011,0.20000000000000284,0.3000000000000007,0,0,0.03784899413585663,0.028557969257235527
0293,331,76,train,45.166,36.46600000000001,8.699999999999989,0.1926227693397686,7.399999999999987,0.16384005667980311,17,0.43529411764705805,0.3000000000000007,1.5,5,1,0.019202440977096558,0.0099420715123415
0294,104,76,train,1.046,0.0,1.046,1.0,0.0,0.0,0,0.0,0.0,0.0,0,0,0.005408784840255976,0.00482723955065012
0296,215,76,train,42.293,30.2,12.093,0.285933842479843,10.500000000000002,0.2482680348993924,14,0.7500000000000001,0.4499999999999993,2.299999999999997,5,5,0.011159157380461693,0.007614340633153915
0297,128,76,train,51.201,48.79999999999999,2.4010000000000105,0.04689361535907522,0.8000000000000043,0.01562469483017918,3,0.2666666666666681,0.20000000000000284,0.3999999999999986,0,0,0.03268616646528244,0.025960199534893036
0298,228,76,train,48.301,41.40000000000001,6.900999999999989,0.14287488871865983,5.799999999999992,0.12008032959980107,14,0.4142857142857137,0.399999999999999,0.8999999999999986,3,0,0.03400736674666405,0.022759925574064255
0301,223,76,train,46.054,38.09999999999999,7.954000000000015,0.17271029660832968,6.000000000000011,0.13028184305380663,15,0.4000000000000007,0.30000000000000426,0.8000000000000043,3,0,0.03306528925895691,0.01873847097158432
0302,306,76,train,39.393,34.10000000000001,5.292999999999992,0.13436397329474759,4.899999999999992,0.12438758155002139,11,0.44545454545454477,0.3999999999999986,1.0,4,0,0.047183841466903687,0.028660563752055168
0303,251,76,train,56.425,34.199999999999996,22.225,0.39388568896765624,20.000000000000004,0.354452813469207,23,0.8695652173913045,0.30000000000000426,6.199999999999999,10,5,0.022115329280495644,0.004372431430965662
0305,300,76,train,20.637,19.0,1.6370000000000005,0.07932354508891798,1.0000000000000018,0.04845665552163598,3,0.3333333333333339,0.40000000000000036,0.5,0,0,0.03153415769338608,0.02872302010655403
0306,191,76,train,34.482,29.482,5.0,0.14500319007018156,4.500000000000002,0.13050287106316344,12,0.37500000000000017,0.35000000000000053,0.6999999999999993,3,0,0.02796737290918827,0.01595301553606987
0307,242,76,train,44.174,38.2,5.973999999999997,0.1352379227599945,2.79999999999999,0.06338570199664939,9,0.31111111111111,0.3000000000000007,0.5,0,0,0.03217573091387749,0.0175777655094862
0308,250,76,train,29.597,16.200000000000003,13.396999999999998,0.45264722775957017,11.8,0.398689056323276,8,1.475,1.0999999999999996,5.199999999999999,5,4,0.013823642395436764,0.005813402123749256
0309,135,76,train,11.286,7.400000000000001,3.8859999999999983,0.34432039695197575,1.3999999999999995,0.12404749246854506,1,1.3999999999999995,1.3999999999999995,1.3999999999999995,1,1,0.013288955204188824,0.0052141714841127396
0310,143,76,train,45.349,40.50000000000001,4.8489999999999895,0.10692628282872808,3.599999999999989,0.07938433041522391,13,0.27692307692307605,0.1999999999999993,0.7999999999999998,2,0,0.04157477244734764,0.029356196522712708
0311,330,76,train,0.628,0.0,0.628,1.0,0.0,0.0,0,0.0,0.0,0.0,0,0,0.025601239874958992,0.023937178775668144
0313,174,76,train,49.503,37.5,12.003,0.24247015332404098,10.2,0.20604811829586084,21,0.48571428571428565,0.40000000000000036,1.3999999999999986,7,1,0.20789171755313873,0.1339220106601715
0314,296,76,train,12.383,11.383,1.0,0.08075587498990552,0.6999999999999993,0.056529112492933804,2,0.34999999999999964,0.34999999999999964,0.40000000000000036,0,0,0.04621940851211548,0.030947696417570114
0315,102,76,train,12.644,12.0,0.6440000000000001,0.05093324897184436,0.09999999999999964,0.007908889591901268,1,0.09999999999999964,0.09999999999999964,0.09999999999999964,0,0,0.0389828234910965,0.030133889988064766
0317,158,76,train,15.073,9.700000000000001,5.372999999999999,0.3564652026802892,2.6999999999999997,0.17912824255290916,4,0.6749999999999999,0.34999999999999987,1.8000000000000007,1,1,0.058789387345314026,0.02452847547829151
0318,167,76,train,13.219,11.200000000000001,2.0189999999999984,0.15273470005295398,1.299999999999999,0.09834329374385346,2,0.6499999999999995,0.6499999999999995,0.6999999999999993,2,0,0.034044258296489716,0.015967177227139473
0320,307,76,train,10.397,7.900000000000002,2.496999999999998,0.24016543233625065,0.7999999999999989,0.07694527267480994,2,0.39999999999999947,0.39999999999999947,0.6999999999999993,1,0,0.034739408642053604,0.02004830352962017
0321,174,76,train,52.977,40.8,12.177,0.2298544651452517,10.4,0.19631160692375937,18,0.5777777777777778,0.40000000000000036,1.5,6,4,0.020727206021547318,0.010967737063765526
0322,135,76,train,11.286,7.400000000000001,3.8859999999999983,0.34432039695197575,1.3999999999999995,0.12404749246854506,1,1.3999999999999995,1.3999999999999995,1.3999999999999995,1,1,0.013288955204188824,0.0052141714841127396
0323,299,76,train,25.235,18.299999999999997,6.935000000000002,0.2748167228056272,2.500000000000002,0.09906875371507835,5,0.5000000000000004,0.40000000000000036,1.1,1,1,0.026516633108258247,0.012009434401988983
0325,287,76,train,30.799,26.09999999999999,4.699000000000009,0.1525698886327481,3.4000000000000066,0.11039319458423996,11,0.3090909090909097,0.3000000000000007,0.6000000000000014,1,0,0.03073831833899021,0.01621178723871708
0326,110,76,train,17.633,16.0,1.6329999999999991,0.09261044632223667,1.1000000000000014,0.06238303181534631,4,0.27500000000000036,0.25,0.5,0,0,0.02437889203429222,0.015783721581101418
0327,264,76,train,17.973,14.5,3.472999999999999,0.1932342958882768,2.3000000000000007,0.12796973237634235,6,0.38333333333333347,0.3999999999999999,0.5999999999999996,1,0,0.02959238737821579,0.02222919464111328
0329,181,76,train,17.137,15.6,1.5370000000000008,0.08968897706716467,0.5000000000000009,0.029176635350411442,2,0.25000000000000044,0.25000000000000044,0.40000000000000036,0,0,0.03671446815133095,0.028206977993249893
0330,324,76,train,7.811,6.199999999999999,1.6110000000000007,0.2062475995391116,0.20000000000000018,0.02560491614389965,1,0.20000000000000018,0.20000000000000018,0.20000000000000018,0,0,0.021557196974754333,0.01651206612586975
0331,318,76,train,11.024,7.1,3.9239999999999995,0.3559506531204644,0.2999999999999998,0.027213352685050783,1,0.2999999999999998,0.2999999999999998,0.2999999999999998,0,0,0.02809765189886093,0.015712087973952293
0332,226,76,train,48.745,43.000000000000014,5.744999999999983,0.11785824187096079,5.099999999999991,0.10462611549902535,13,0.3923076923076916,0.29999999999999716,1.1999999999999957,3,1,0.023681186139583588,0.014641608111560345
0333,66,76,train,34.169,31.068999999999996,3.1000000000000014,0.09072551142848786,2.400000000000002,0.07023910562205515,7,0.34285714285714314,0.29999999999999716,0.6000000000000014,1,0,0.03261421620845795,0.02410994842648506
0336,120,76,train,17.921,12.6,5.321,0.2969142346967245,4.399999999999999,0.24552201328050882,7,0.6285714285714283,0.6999999999999993,1.0999999999999996,4,1,0.02481817454099655,0.014088342897593975
0337,195,76,train,14.237,12.7,1.5370000000000008,0.10795813724801578,0.5999999999999996,0.04214371005127482,2,0.2999999999999998,0.2999999999999998,0.2999999999999998,0,0,0.03649595007300377,0.022654403001070023
0339,14,76,train,58.515,53.59999999999999,4.915000000000013,0.08399555669486479,3.3000000000000167,0.05639579594975676,14,0.2357142857142869,0.20000000000000107,0.4000000000000057,0,0,0.03586195409297943,0.02532091736793518
0341,109,76,train,17.921,15.0,2.9209999999999994,0.16299313654371964,0.7999999999999994,0.044640366051001586,4,0.19999999999999984,0.20000000000000018,0.29999999999999893,0,0,0.0264106635004282,0.01470049750059843
0342,43,76,train,9.901,7.500000000000002,2.400999999999998,0.2425007574992423,1.299999999999998,0.1312998687001311,5,0.2599999999999996,0.1999999999999993,0.5999999999999996,1,0,0.06539653241634369,0.03952815756201744
0343,71,76,train,12.174,10.774000000000001,1.3999999999999986,0.11499917857729576,0.4999999999999991,0.04107113520617703,3,0.16666666666666638,0.09999999999999964,0.2999999999999998,0,0,0.02872559428215027,0.025181183591485023
0344,178,76,train,16.275,12.300000000000002,3.974999999999996,0.2442396313364053,2.5999999999999988,0.15975422427035324,7,0.3714285714285713,0.40000000000000013,0.7999999999999998,1,0,0.02743072807788849,0.01853002794086933
0345,52,76,train,10.032,7.3,2.732,0.27232854864433814,0.0,0.0,0,0.0,0.0,0.0,0,0,0.02476321905851364,0.018045367673039436
0346,122,76,train,57.836,48.8,9.036000000000001,0.15623487101459302,6.600000000000003,0.11411577564146903,15,0.4400000000000002,0.3999999999999999,0.8000000000000007,6,0,0.03186585754156113,0.020242756232619286
0347,62,76,train,15.465,11.8,3.664999999999999,0.236986744261235,1.1999999999999993,0.07759456838021334,5,0.23999999999999985,0.29999999999999893,0.2999999999999998,0,0,0.028933236375451088,0.015319513157010078
0349,33,76,train,39.968,30.000000000000004,9.968,0.24939951961569254,6.699999999999994,0.1676341072858285,12,0.5583333333333328,0.399999999999999,1.6000000000000014,5,1,0.029934419319033623,0.01474100910127163
0350,187,76,train,24.582,20.799999999999997,3.7820000000000036,0.15385241233422844,1.8000000000000025,0.0732243104710765,4,0.4500000000000006,0.40000000000000124,0.8000000000000007,1,0,0.028249619528651237,0.015821244567632675
0351,156,76,train,57.574,45.499999999999986,12.074000000000012,0.20971271754611479,7.5000000000000115,0.13026713447042088,12,0.625000000000001,0.2000000000000015,3.0,3,2,0.030333595350384712,0.019923420622944832
0352,141,76,train,45.741,35.9,9.841000000000001,0.21514614896919615,5.8000000000000025,0.12680090072363967,15,0.3866666666666668,0.3000000000000007,0.8999999999999986,3,0,0.02332092635333538,0.009393058717250824
0353,155,76,train,29.571,23.300000000000004,6.270999999999997,0.2120658753508504,3.499999999999996,0.11835920327347725,8,0.4374999999999995,0.44999999999999973,0.9000000000000004,3,0,0.029872547835111618,0.024308975785970688
0354,20,76,train,34.561,26.700000000000003,7.860999999999997,0.22745290934868775,5.899999999999993,0.17071265299036467,14,0.42142857142857093,0.39999999999999925,0.9999999999999991,3,0,0.0806664228439331,0.06357632577419281
0356,262,76,train,40.177,30.5,9.677,0.2408591980486348,7.5,0.18667396769295866,14,0.5357142857142857,0.44999999999999885,1.6000000000000014,7,2,0.05751698464155197,0.025973930954933167
0358,226,76,train,48.745,43.000000000000014,5.744999999999983,0.11785824187096079,5.099999999999991,0.10462611549902535,13,0.3923076923076916,0.29999999999999716,1.1999999999999957,3,1,0.023681186139583588,0.014641608111560345
0359,294,76,train,28.056,21.9,6.156000000000002,0.21941830624465364,4.9,0.17465069860279442,9,0.5444444444444445,0.6000000000000014,1.0,5,0,0.02614712156355381,0.018531575798988342
0360,318,76,train,17.607,10.8,6.806999999999999,0.38660759925029814,1.6999999999999993,0.09655250752541598,5,0.33999999999999986,0.29999999999999893,0.6000000000000005,1,0,0.028962651267647743,0.012508430518209934
0362,278,76,train,14.185,11.299999999999999,2.8850000000000016,0.20338385618611218,0.40000000000000124,0.028198801550934172,2,0.20000000000000062,0.20000000000000062,0.3000000000000007,0,0,0.03325027599930763,0.024728313088417053
0363,198,76,train,18.391,12.900000000000004,5.490999999999994,0.29856995269425235,3.6999999999999984,0.20118536240552437,7,0.5285714285714284,0.40000000000000036,0.9000000000000004,3,0,0.03125755861401558,0.014730120077729225
0364,203,76,train,25.052,12.300000000000004,12.751999999999995,0.5090212358294746,3.499999999999998,0.13970940443876728,10,0.34999999999999976,0.3000000000000007,0.8999999999999995,1,0,0.018083471804857254,0.0021415508817881346
0365,44,76,train,11.494,10.0,1.4939999999999998,0.12998085957891073,0.9999999999999998,0.08700191404210891,4,0.24999999999999994,0.19999999999999984,0.5,0,0,0.029921384528279305,0.02058882638812065
0366,294,76,train,28.056,21.9,6.156000000000002,0.21941830624465364,4.9,0.17465069860279442,9,0.5444444444444445,0.6000000000000014,1.0,5,0,0.02614712156355381,0.018531575798988342
0368,331,76,train,43.625,33.2,10.424999999999997,0.2389684813753581,7.899999999999999,0.1810888252148997,15,0.5266666666666666,0.3999999999999986,1.6000000000000014,4,2,0.01963418908417225,0.009205951355397701
0369,294,76,train,28.056,21.9,6.156000000000002,0.21941830624465364,4.9,0.17465069860279442,9,0.5444444444444445,0.6000000000000014,1.0,5,0,0.02614712156355381,0.018531575798988342
0370,293,76,train,11.338,9.200000000000001,2.137999999999998,0.18856941259481375,0.6000000000000001,0.052919386135120844,3,0.20000000000000004,0.20000000000000018,0.20000000000000018,0,0,0.013160907663404942,0.008929561823606491
0375,69,76,train,20.82,15.899999999999999,4.920000000000002,0.23631123919308364,2.500000000000003,0.12007684918347758,7,0.3571428571428576,0.39999999999999947,0.6000000000000014,1,0,0.03273814171552658,0.027844620868563652
0377,48,76,train,52.246,47.7,4.545999999999999,0.08701144585231403,2.8999999999999977,0.0555066416567775,9,0.32222222222222197,0.30000000000000426,0.7000000000000028,2,0,0.03405104950070381,0.02024608477950096
0378,255,76,train,37.46,34.199999999999996,3.260000000000005,0.0870261612386547,2.400000000000003,0.06406833956219976,9,0.266666666666667,0.20000000000000107,0.6999999999999993,1,0,0.03473735973238945,0.03422284871339798
0379,126,76,train,18.521,15.000000000000002,3.520999999999999,0.19010852545758863,2.6999999999999966,0.14578046541763384,5,0.5399999999999994,0.2999999999999998,1.0,2,0,0.030903002247214317,0.019862666726112366
0380,290,76,train,27.586,24.799999999999997,2.7860000000000014,0.10099325744943093,0.5000000000000036,0.01812513593851967,2,0.2500000000000018,0.2500000000000018,0.3000000000000007,0,0,0.03838711604475975,0.022388149052858353
0381,84,76,train,20.01,17.2,2.8100000000000023,0.1404297851074464,1.4000000000000012,0.06996501749125443,3,0.46666666666666706,0.5,0.5000000000000009,1,0,0.02529280073940754,0.012766137719154358
0382,176,76,train,34.691,31.1,3.591000000000001,0.10351387968060882,2.4999999999999964,0.07206480066876124,7,0.35714285714285665,0.30000000000000426,0.5999999999999996,2,0,0.032438136637210846,0.021404055878520012
0383,206,76,train,60.526,57.3,3.226000000000006,0.05329940851865324,1.1000000000000023,0.018174007864388896,3,0.3666666666666674,0.39999999999999947,0.6000000000000014,1,0,0.03211366757750511,0.024544216692447662
0385,76,76,train,27.299,20.099999999999994,7.199000000000005,0.2637092933807101,5.700000000000004,0.20879885710099286,14,0.4071428571428574,0.30000000000000027,1.0,3,0,0.025105837732553482,0.01287815347313881
0387,325,10,train,51.41,45.8,5.609999999999999,0.10912273876677689,4.000000000000003,0.07780587434351299,10,0.40000000000000024,0.40000000000000213,1.0,2,0,0.0371333546936512,0.02512415312230587
0389,89,10,train,34.012,28.300000000000004,5.711999999999996,0.16794072680230496,3.499999999999997,0.10290485710925547,7,0.49999999999999956,0.5,0.8999999999999999,3,0,0.013808815740048885,0.008837085217237473
0390,270,10,train,27.612,24.400000000000002,3.211999999999996,0.11632623497030263,0.7999999999999978,0.028972910328842454,4,0.19999999999999946,0.1499999999999998,0.3999999999999986,0,0,0.030948175117373466,0.018351295962929726
0391,146,10,train,51.462,48.7,2.7620000000000005,0.05367066962030236,0.5999999999999979,0.011659088259298081,4,0.14999999999999947,0.10000000000000053,0.29999999999999716,0,0,0.029183685779571533,0.023979932069778442
0392,27,10,train,58.41,40.699999999999996,17.71,0.30320150659133716,15.500000000000002,0.2653655196028078,30,0.5166666666666667,0.45000000000000107,1.8000000000000007,10,3,0.02012789249420166,0.006579773034900427
0394,177,10,train,22.832,21.0,1.8320000000000007,0.08023826208829715,0.9000000000000012,0.03941836019621589,4,0.2250000000000003,0.20000000000000107,0.2999999999999998,0,0,0.036100007593631744,0.023898692801594734
0395,326,10,train,9.823,8.5,1.3230000000000004,0.13468390512063527,0.0,0.0,0,0.0,0.0,0.0,0,0,0.026044461876153946,0.01729745790362358
0396,241,10,train,19.723,13.899999999999999,5.823,0.2952390609947777,4.500000000000003,0.2281600162247124,8,0.5625000000000003,0.39999999999999947,1.4000000000000004,3,2,0.014821769669651985,0.009291447699069977
0397,311,10,train,42.162,39.262,2.8999999999999986,0.06878231582941982,2.5999999999999996,0.06166690384706607,12,0.21666666666666665,0.1500000000000008,0.5999999999999996,1,0,0.02949819155037403,0.019357023760676384
0398,26,10,train,53.186,49.8,3.386000000000003,0.06366337005979023,0.9000000000000012,0.016921746324220683,5,0.18000000000000024,0.1999999999999993,0.20000000000000284,0,0,0.03541252017021179,0.018986443057656288
0400,298,10,train,60.526,56.30000000000002,4.225999999999985,0.06982123384991548,1.7999999999999838,0.029739285596272407,10,0.17999999999999838,0.19999999999999574,0.3000000000000007,0,0,0.03574464097619057,0.030262716114521027
0401,193,10,train,4.833,3.9999999999999996,0.8330000000000006,0.17235671425615573,0.0,0.0,0,0.0,0.0,0.0,0,0,0.028521131724119186,0.0182527843862772
0402,127,10,train,33.046,31.000000000000004,2.045999999999996,0.061913696060037396,0.6999999999999993,0.021182593959934614,4,0.17499999999999982,0.15000000000000036,0.3000000000000007,0,0,0.027519062161445618,0.02097657136619091
0403,263,10,train,21.029,19.1,1.9289999999999985,0.09173046744971224,0.6999999999999984,0.03328736506728795,5,0.13999999999999968,0.10000000000000142,0.20000000000000018,0,0,0.034235090017318726,0.02344617433845997
0404,193,11,train,5.094,3.6999999999999997,1.3940000000000006,0.2736552807224186,0.0,0.0,0,0.0,0.0,0.0,0,0,0.04231538251042366,0.035690128803253174
0406,27,11,train,56.164,41.16399999999999,15.000000000000014,0.2670749946585004,12.700000000000014,0.22612349547753033,25,0.5080000000000006,0.3999999999999986,1.5999999999999979,10,2,0.019324900582432747,0.007455134764313698
0408,298,11,train,57.444,56.3,1.1440000000000055,0.019915047698628324,0.7999999999999989,0.013926606782257484,6,0.13333333333333316,0.10000000000000142,0.20000000000000107,0,0,0.039263319224119186,0.033013295382261276
0409,326,11,train,9.614,8.399999999999999,1.2140000000000022,0.1262741834824217,0.2999999999999998,0.031204493447056354,1,0.2999999999999998,0.2999999999999998,0.2999999999999998,0,0,0.027612540870904922,0.01717687025666237
0410,241,11,train,20.298,14.2,6.097999999999999,0.3004236870627648,3.8000000000000003,0.18721056261700664,8,0.47500000000000003,0.30000000000000027,1.6,2,1,0.011994277127087116,0.008155538700520992
0411,270,11,train,36.154,31.5,4.6540000000000035,0.12872711179952434,2.299999999999997,0.06361675056701878,11,0.20909090909090883,0.1999999999999993,0.5,0,0,0.03302990645170212,0.019849741831421852
0412,146,11,train,47.622,44.00000000000001,3.621999999999993,0.07605728444836404,2.599999999999995,0.05459661500986929,10,0.2599999999999995,0.1999999999999975,0.6000000000000014,2,0,0.027592217549681664,0.02222687005996704
0414,311,11,train,30.694,29.300000000000004,1.3939999999999948,0.04541604222323564,0.599999999999997,0.019547794357203264,4,0.14999999999999925,0.14999999999999947,0.20000000000000018,0,0,0.03451471030712128,0.02451005019247532
0415,177,11,train,29.284,27.883999999999997,1.4000000000000021,0.04780767654691989,1.200000000000002,0.040978008468788484,4,0.3000000000000005,0.25000000000000044,0.6000000000000014,1,0,0.039479270577430725,0.028786759823560715
0416,263,11,train,22.675,19.999999999999996,2.6750000000000043,0.1179713340683574,0.9000000000000021,0.03969128996692402,3,0.3000000000000007,0.3000000000000007,0.40000000000000213,0,0,0.039041537791490555,0.03147054463624954
0417,325,11,train,50.966,45.066,5.899999999999999,0.11576345014323271,5.199999999999998,0.10202880351606951,12,0.4333333333333332,0.399999999999999,0.8999999999999986,2,0,0.04222787544131279,0.028833754360675812
0418,26,11,train,58.489,54.99999999999999,3.4890000000000043,0.05965224230197139,2.2000000000000073,0.03761391030792127,11,0.20000000000000065,0.20000000000000018,0.3999999999999986,0,0,0.03712254762649536,0.023348024114966393
0419,127,11,train,50.312,46.1,4.211999999999996,0.08371760216250589,3.3,0.06559071394498331,13,0.25384615384615383,0.1999999999999993,0.5,0,0,0.019728895276784897,0.015925312414765358
0420,89,11,train,38.453,24.699999999999996,13.753000000000007,0.35765739994278745,1.2000000000000002,0.031206927938002237,7,0.17142857142857146,0.10000000000000142,0.40000000000000213,0,0,0.013577678240835667,0.006461310666054487
0421,108,12,train,38.74,30.1,8.64,0.22302529685080022,6.399999999999996,0.16520392359318523,13,0.492307692307692,0.40000000000000213,0.7999999999999998,6,0,0.02729245275259018,0.018328774720430374
0424,303,12,train,17.764,14.100000000000001,3.663999999999998,0.20625985138482314,0.9999999999999991,0.056293627561360006,3,0.33333333333333304,0.2999999999999998,0.5999999999999996,1,0,0.039693787693977356,0.01767243817448616
0425,35,12,train,29.832,21.7,8.132000000000001,0.2725931885223921,5.400000000000001,0.18101367658889786,10,0.5400000000000001,0.5,1.3999999999999986,5,1,0.02545556239783764,0.011492092162370682
0426,240,12,train,16.954,12.899999999999999,4.054000000000002,0.23911761236286433,2.000000000000001,0.11796626164916839,3,0.666666666666667,0.7999999999999998,0.8000000000000007,2,0,0.0208145659416914,0.011110805906355381
0427,4,12,train,31.034,24.1,6.9339999999999975,0.22343236450344775,5.699999999999999,0.18366952374814718,11,0.5181818181818181,0.3999999999999986,1.5,5,2,0.030786188319325447,0.015945447608828545
0429,184,12,train,29.441,20.299999999999994,9.141000000000005,0.31048537753473066,7.100000000000005,0.2411602866750452,14,0.5071428571428575,0.5000000000000009,0.9000000000000021,7,0,0.02296694554388523,0.008213616907596588
0431,136,12,train,48.301,43.30000000000001,5.000999999999991,0.10353822902217326,3.199999999999987,0.06625121633092455,12,0.26666666666666555,0.29999999999999716,0.6000000000000014,1,0,0.034740667790174484,0.025750169530510902
0432,65,12,train,5.486,3.5999999999999996,1.8860000000000001,0.3437841779074007,0.20000000000000018,0.036456434560699996,1,0.20000000000000018,0.20000000000000018,0.20000000000000018,0,0,0.016710694879293442,0.008875825442373753
0433,98,12,train,7.916,6.199999999999999,1.716000000000001,0.21677614957049027,0.8000000000000007,0.10106114199090459,3,0.2666666666666669,0.2999999999999998,0.3000000000000007,0,0,0.019296420738101006,0.009078023955225945
0435,54,12,train,21.734,17.299999999999997,4.434000000000005,0.20401214686666072,2.7,0.1242293181190761,10,0.27,0.2500000000000009,0.5,0,0,0.027827434241771698,0.01893984153866768
0436,275,12,train,32.34,22.999999999999996,9.340000000000007,0.2888064316635747,7.800000000000005,0.24118738404452703,18,0.4333333333333336,0.4499999999999993,1.1000000000000014,5,1,0.023581966757774353,0.010354823432862759
0437,316,12,train,23.276,19.5,3.776,0.162227186801856,1.6000000000000014,0.06874033339061701,5,0.3200000000000003,0.40000000000000036,0.40000000000000036,0,0,0.027499021962285042,0.013922704383730888
0438,299,12,train,12.278,9.900000000000002,2.3779999999999983,0.1936797524026713,0.6999999999999993,0.05701254275940701,3,0.2333333333333331,0.2999999999999998,0.2999999999999998,0,0,0.027142632752656937,0.013413406908512115
0439,252,12,train,11.129,10.0,1.1289999999999996,0.1014466708599155,0.8000000000000007,0.07188426633120683,2,0.40000000000000036,0.40000000000000036,0.5,0,0,0.03600538522005081,0.021641938015818596
0440,328,12,train,7.237,6.7,0.5369999999999999,0.07420201741052922,0.0,0.0,0,0.0,0.0,0.0,0,0,0.01334077026695013,0.0074507854878902435
0441,273,12,train,12.931,8.399999999999999,4.531000000000001,0.350398267728714,1.2999999999999998,0.10053360142293712,4,0.32499999999999996,0.30000000000000027,0.5,0,0,0.02434390038251877,0.009710622020065784
0442,124,12,train,38.374,22.500000000000007,15.873999999999995,0.4136655026841089,10.399999999999997,0.2710168343149006,16,0.6499999999999998,0.5999999999999999,1.7000000000000028,10,3,0.02304207719862461,0.004776765592396259
0443,192,12,train,27.481,23.1,4.381,0.15941923510789272,2.599999999999999,0.09461082202248823,7,0.37142857142857133,0.3999999999999986,0.5,0,0,0.03403780236840248,0.019144367426633835
0444,210,12,train,47.883,44.90000000000001,2.98299999999999,0.06229768393793183,1.0999999999999908,0.022972662531587217,6,0.1833333333333318,0.1499999999999977,0.40000000000000036,0,0,0.038388002663850784,0.030526403337717056
0446,136,13,train,57.026,51.5,5.526000000000003,0.09690316697646693,3.0999999999999996,0.054361168589766064,12,0.2583333333333333,0.1999999999999993,0.6000000000000014,1,0,0.03134552016854286,0.02050573006272316
0448,303,13,train,28.082,20.8,7.282,0.2593120148137597,4.199999999999999,0.14956199700876002,7,0.5999999999999999,0.5,1.3000000000000007,3,1,0.028155850246548653,0.013843197375535965
0449,273,13,train,9.405,7.6,1.8049999999999997,0.1919191919191919,0.6000000000000005,0.06379585326953754,3,0.20000000000000018,0.20000000000000018,0.3000000000000007,0,0,0.03168845549225807,0.01987937092781067
0451,316,13,train,12.2,9.2,3.0,0.24590163934426232,0.8000000000000007,0.06557377049180334,3,0.2666666666666669,0.20000000000000018,0.40000000000000036,0,0,0.01839643530547619,0.008683288469910622
0453,54,13,train,21.421,14.900000000000006,6.520999999999994,0.3044208953830351,4.199999999999996,0.1960692778114932,6,0.6999999999999993,0.6999999999999993,1.1999999999999993,4,1,0.024708492681384087,0.009556504897773266
0454,184,13,train,27.847,19.700000000000003,8.146999999999998,0.29256293317053894,7.199999999999995,0.2585556792473155,12,0.5999999999999995,0.5499999999999989,1.3999999999999986,6,2,0.025012241676449776,0.009269029833376408
0455,275,13,train,23.406,19.699999999999996,3.706000000000003,0.1583354695377255,2.400000000000004,0.10253781081773922,8,0.3000000000000005,0.25000000000000033,0.6000000000000014,1,0,0.028978386893868446,0.019831784069538116
0456,328,13,train,13.715,11.200000000000001,2.514999999999999,0.18337586584032073,1.0999999999999996,0.08020415603353989,2,0.5499999999999998,0.5499999999999998,0.5999999999999996,1,0,0.018000170588493347,0.010701382532715797
0458,4,13,train,49.999,37.2,12.799,0.255985119702394,10.200000000000001,0.20400408008160165,24,0.42500000000000004,0.3000000000000007,1.3000000000000007,5,3,0.03311972692608833,0.014221899211406708
0459,240,13,train,30.799,24.7,6.099,0.19802590993214067,4.099999999999999,0.13312120523393614,8,0.5124999999999998,0.4499999999999993,1.200000000000001,3,1,0.02877294272184372,0.018527932465076447
0460,210,13,train,60.526,56.400000000000006,4.125999999999998,0.06816905131678944,2.4999999999999964,0.041304563328156435,11,0.22727272727272696,0.1999999999999993,0.6000000000000014,1,0,0.040837280452251434,0.03377008065581322
0462,124,13,train,49.372,35.900000000000006,13.471999999999994,0.27286721218504406,11.499999999999996,0.23292554484323091,24,0.4791666666666665,0.40000000000000124,1.3000000000000043,8,2,0.03043283335864544,0.021370206028223038
0463,108,13,train,55.824,47.19999999999999,8.62400000000001,0.15448552593866455,6.700000000000009,0.12002006305531687,22,0.30454545454545495,0.20000000000000284,1.0,3,0,0.031153935939073563,0.02160327322781086
0464,35,13,train,20.716,15.399999999999999,5.3160000000000025,0.25661324580034767,2.999999999999999,0.14481560146746472,9,0.33333333333333326,0.3999999999999999,0.5,0,0,0.02725672721862793,0.01130597572773695
0465,252,13,train,20.272,18.672,1.5999999999999979,0.07892659826361474,1.1999999999999975,0.05919494869771101,5,0.2399999999999995,0.1999999999999993,0.5,0,0,0.03568486124277115,0.02527639828622341
0466,299,13,train,11.312,9.200000000000003,2.1119999999999965,0.1867043847241864,0.6999999999999984,0.06188118811881174,3,0.2333333333333328,0.1999999999999993,0.39999999999999947,0,0,0.04054694622755051,0.020377280190587044
0467,65,13,train,9.143,6.5,2.6430000000000007,0.28907360822487155,1.0,0.10937329104232746,2,0.5,0.5,0.7999999999999998,1,0,0.02142958901822567,0.01199420727789402
0468,192,13,train,30.459,25.6,4.858999999999998,0.1595259200893003,3.399999999999996,0.11162546373813967,7,0.48571428571428515,0.5999999999999996,1.0,4,0,0.031276315450668335,0.0187846552580595
0470,98,13,train,5.147,3.6000000000000005,1.5469999999999997,0.3005634350106858,0.09999999999999964,0.019428793471925325,1,0.09999999999999964,0.09999999999999964,0.09999999999999964,0,0,0.022154107689857483,0.0145142562687397
0472,98,14,train,3.893,1.9,1.9929999999999999,0.5119445157975854,0.0,0.0,0,0.0,0.0,0.0,0,0,0.019787607714533806,0.005774388089776039
0473,303,14,train,20.246,15.2,5.045999999999999,0.24923441667489873,1.0999999999999988,0.05433171984589543,3,0.36666666666666625,0.20000000000000018,0.6999999999999993,1,0,0.031504303216934204,0.016290346160531044
0474,275,14,train,29.963,23.8,6.163,0.2056870139839135,4.299999999999999,0.14351032940626768,12,0.3583333333333332,0.2500000000000009,1.1999999999999993,2,1,0.02585611678659916,0.017440835013985634
0475,328,14,train,7.001,4.9,2.101,0.30009998571632623,0.7999999999999994,0.11426939008713032,3,0.26666666666666644,0.2999999999999998,0.3999999999999999,0,0,0.008512132801115513,0.004305579699575901
0476,184,14,train,27.09,18.9,8.190000000000001,0.3023255813953489,7.3,0.26947212993724623,9,0.8111111111111111,0.6999999999999993,1.7000000000000002,5,3,0.025591092184185982,0.010921862907707691
0477,35,14,train,18.992,13.7,5.292000000000002,0.2786436394271273,2.0000000000000018,0.10530749789385013,5,0.40000000000000036,0.40000000000000036,0.7000000000000002,1,0,0.025601055473089218,0.01182542834430933
0479,299,14,train,8.203,7.6,0.6029999999999998,0.07350969157625256,0.09999999999999964,0.012190661952944002,1,0.09999999999999964,0.09999999999999964,0.09999999999999964,0,0,0.028959983959794044,0.01935250498354435
0480,192,14,train,40.752,31.900000000000002,8.852,0.21721633294071457,6.899999999999997,0.1693168433451118,20,0.34499999999999986,0.29999999999999893,1.2999999999999972,2,1,0.02606895938515663,0.015662331134080887
0481,65,14,train,3.867,3.167,0.7000000000000002,0.1810188776829584,0.10000000000000009,0.025859839668994074,1,0.10000000000000009,0.10000000000000009,0.10000000000000009,0,0,0.013525638729333878,0.008010647259652615
0482,124,14,train,24.556,15.8,8.756,0.35657273171526305,4.799999999999998,0.19547157517510988,5,0.9599999999999996,0.5,2.6999999999999993,2,2,0.02350502647459507,0.007922238670289516
0483,273,14,train,16.902,10.299999999999999,6.602000000000002,0.3906046621701575,3.7000000000000006,0.2189090048514969,5,0.7400000000000001,0.6999999999999993,1.700000000000001,3,1,0.023041807115077972,0.008009349927306175
0484,240,14,train,24.921,20.0,4.920999999999999,0.19746398619638053,2.800000000000002,0.11235504193250681,9,0.31111111111111134,0.3000000000000007,0.6000000000000001,1,0,0.023548804223537445,0.012888235971331596
0486,108,14,train,29.101,24.1,5.000999999999998,0.17184976461289983,2.8999999999999995,0.09965293288890414,10,0.2899999999999999,0.1999999999999993,0.8000000000000007,1,0,0.03248029574751854,0.020181186497211456
0487,252,14,train,14.394,11.699999999999998,2.6940000000000026,0.18716131721550663,1.9000000000000021,0.1319994442128666,4,0.47500000000000053,0.5,0.6000000000000014,1,0,0.03030366636812687,0.017558101564645767
0489,4,14,train,23.903,18.200000000000003,5.702999999999996,0.2385892984144248,4.499999999999997,0.18826088775467503,11,0.40909090909090884,0.3000000000000007,0.8999999999999995,3,0,0.026236191391944885,0.010323861613869667
0490,210,14,train,45.349,40.89999999999999,4.449000000000005,0.09810580167148131,2.200000000000003,0.04851264636485927,6,0.36666666666666714,0.30000000000000426,0.7999999999999972,2,0,0.03832231089472771,0.030411839485168457
0491,54,14,train,10.502,7.7,2.8020000000000005,0.2668063226052181,0.7999999999999994,0.07617596648257469,3,0.26666666666666644,0.2999999999999998,0.3999999999999999,0,0,0.022938197478652,0.010788045823574066
0495,136,14,train,31.635,27.800000000000004,3.8349999999999973,0.1212264896475422,2.299999999999997,0.07270428323059892,9,0.25555555555555526,0.1999999999999993,0.6000000000000014,2,0,0.03393720090389252,0.022637788206338882
0496,316,14,train,12.801,9.5,3.301,0.2578704788688384,0.9000000000000004,0.07030700726505744,2,0.4500000000000002,0.4500000000000002,0.5,0,0,0.021905969828367233,0.010407572612166405
0497,192,15,train,26.097,21.7,4.397000000000002,0.16848679924895588,3.3000000000000007,0.12645131624324638,6,0.5500000000000002,0.5,1.1000000000000014,2,1,0.03243205323815346,0.02317211404442787
0498,240,15,train,30.303,25.299999999999997,5.003000000000004,0.16509916509916522,2.2000000000000006,0.07260007260007262,5,0.4400000000000001,0.3000000000000007,1.0,2,0,0.02535870671272278,0.01472882553935051
0499,210,15,train,41.405,36.60000000000001,4.804999999999993,0.11604878637845653,0.1999999999999993,0.004830334500664154,1,0.1999999999999993,0.1999999999999993,0.1999999999999993,0,0,0.03740265965461731,0.024607431143522263
0500,35,15,train,20.716,15.599999999999998,5.116000000000003,0.24695887236918337,3.0000000000000018,0.14481560146746483,6,0.5000000000000003,0.5000000000000009,0.6999999999999993,3,0,0.025720102712512016,0.011668728664517403
0501,328,15,train,11.677,9.9,1.7769999999999992,0.1521794981587736,1.0999999999999996,0.09420227798235846,3,0.36666666666666653,0.5,0.5,0,0,0.017676474526524544,0.00834572035819292
0503,299,15,train,15.126,13.600000000000001,1.525999999999998,0.10088589184186157,0.9999999999999982,0.06611133148221594,2,0.4999999999999991,0.4999999999999991,0.6999999999999993,1,0,0.0499618798494339,0.026156630367040634
0504,252,15,train,19.697,16.700000000000003,2.9969999999999963,0.15215515053053746,0.799999999999998,0.04061532213027355,4,0.1999999999999995,0.1999999999999993,0.2999999999999998,0,0,0.03113044984638691,0.017868852242827415
0506,65,15,train,14.655,12.155000000000001,2.4999999999999982,0.17059024223814387,1.799999999999999,0.1228249744114636,5,0.35999999999999976,0.3000000000000007,0.6999999999999993,1,0,0.021938323974609375,0.014634665101766586
0507,303,15,train,23.615,16.500000000000004,7.114999999999995,0.3012915519796737,2.599999999999998,0.11009951302138463,4,0.6499999999999995,0.6999999999999993,1.0999999999999996,2,2,0.031067492440342903,0.017555881291627884
0511,210,15,train,41.405,36.60000000000001,4.804999999999993,0.11604878637845653,0.1999999999999993,0.004830334500664154,1,0.1999999999999993,0.1999999999999993,0.1999999999999993,0,0,0.03740265965461731,0.024607431143522263
0512,136,15,train,51.514,47.099999999999994,4.414000000000009,0.08568544473347067,3.200000000000003,0.06211903560197233,11,0.2909090909090912,0.20000000000000107,0.8999999999999986,1,0,0.035735707730054855,0.021430719643831253
0514,275,15,train,44.957,36.7,8.256999999999998,0.18366439041751,6.499999999999997,0.14458260115221205,16,0.40624999999999983,0.40000000000000036,0.7999999999999998,5,0,0.02955373376607895,0.02363733947277069
0515,192,15,train,26.097,21.7,4.397000000000002,0.16848679924895588,3.3000000000000007,0.12645131624324638,6,0.5500000000000002,0.5,1.1000000000000014,2,1,0.03243205323815346,0.02317211404442787
0516,273,15,train,25.183,15.000000000000005,10.182999999999995,0.40436008418377456,8.099999999999994,0.3216455545407614,10,0.8099999999999994,0.5999999999999988,1.9000000000000021,6,3,0.02612420916557312,0.0069902390241622925
0517,124,15,train,44.252,30.451999999999998,13.800000000000004,0.3118503118503119,12.100000000000003,0.27343396908614304,20,0.6050000000000002,0.4499999999999993,2.6000000000000014,7,2,0.025075865909457207,0.011159004643559456
0518,54,15,train,56.869,45.76899999999999,11.100000000000009,0.19518542615484727,10.400000000000007,0.18287643531625328,25,0.4160000000000003,0.39999999999999947,0.7000000000000028,6,0,0.027163323014974594,0.015631645917892456
0519,108,15,train,55.119,47.50000000000001,7.618999999999993,0.13822819717338836,6.199999999999991,0.11248389847421018,22,0.2818181818181814,0.19999999999999973,0.7999999999999998,3,0,0.03221287205815315,0.022953446954488754
0520,184,15,train,23.955,20.054999999999996,3.900000000000002,0.1628052598622418,3.200000000000002,0.13358380296389072,12,0.26666666666666683,0.20000000000000284,0.5999999999999996,1,0,0.02895570918917656,0.014279278926551342
0521,4,15,train,24.399,20.899000000000004,3.4999999999999964,0.14344850198778622,2.399999999999997,0.0983646870773391,9,0.26666666666666633,0.1999999999999993,0.6999999999999993,1,0,0.02855190448462963,0.018629074096679688
0522,98,15,train,8.151,6.3999999999999995,1.7510000000000003,0.21482026745184646,0.40000000000000036,0.049073733284259645,1,0.40000000000000036,0.40000000000000036,0.40000000000000036,0,0,0.023830188438296318,0.015263776294887066
0523,316,15,train,42.841,36.2,6.640999999999998,0.15501505567096935,5.999999999999993,0.14005275320370655,19,0.3157894736842102,0.29999999999999716,0.5999999999999996,1,0,0.028699370101094246,0.01750119961798191
0524,4,16,train,43.312,36.099999999999994,7.212000000000003,0.16651274473587005,6.800000000000004,0.157000369412634,17,0.40000000000000024,0.3999999999999986,0.8999999999999986,4,0,0.02899034135043621,0.01623208448290825
0525,54,16,train,50.626,41.4,9.225999999999999,0.18223837553826097,6.5000000000000036,0.1283925255797417,16,0.4062500000000002,0.40000000000000213,0.8000000000000007,3,0,0.029091639444231987,0.017425762489438057
0526,273,16,train,9.196,3.9000000000000012,5.2959999999999985,0.5759025663331881,1.1999999999999993,0.13049151805132658,3,0.39999999999999974,0.2999999999999998,0.7000000000000002,1,0,0.014978738501667976,0.002706290455535054
0527,35,16,train,30.172,22.200000000000006,7.971999999999994,0.2642184807105924,5.399999999999994,0.1789738830703962,10,0.5399999999999994,0.4500000000000002,1.3999999999999986,4,1,0.025046484544873238,0.009092641994357109
0528,303,16,train,20.82,16.6,4.219999999999999,0.20268972142170982,2.8999999999999995,0.1392891450528338,7,0.4142857142857142,0.29999999999999716,1.0999999999999996,2,1,0.03143870830535889,0.02001418173313141
0529,192,16,train,29.362,24.861999999999995,4.5000000000000036,0.15325931476057503,4.000000000000004,0.13623050200940007,9,0.4444444444444449,0.3000000000000007,1.5,2,1,0.03339147940278053,0.02308565191924572
0530,240,16,train,41.823,33.90000000000001,7.922999999999988,0.18944121655548352,5.19999999999999,0.12433350070535329,16,0.3249999999999994,0.29999999999999716,0.6999999999999993,3,0,0.02720049023628235,0.01620456948876381
0531,108,16,train,45.976,40.5,5.475999999999999,0.1191056203236471,3.8,0.08265181834000347,14,0.2714285714285714,0.20000000000000284,0.8000000000000007,1,0,0.03235556557774544,0.023288678377866745
0532,275,16,train,14.446,10.900000000000002,3.5459999999999976,0.2454658729059946,2.0999999999999983,0.14536896026581742,5,0.41999999999999965,0.3999999999999986,0.8999999999999995,2,0,0.021409783512353897,0.012298693880438805
0533,252,16,train,20.768,18.3,2.468,0.11883667180277349,0.9999999999999973,0.04815100154083192,4,0.24999999999999933,0.24999999999999956,0.29999999999999893,0,0,0.032831545919179916,0.020739998668432236
0534,65,16,train,11.442,9.499999999999998,1.942000000000002,0.16972557245236863,1.0000000000000018,0.08739730816290874,3,0.3333333333333339,0.3000000000000007,0.5999999999999996,1,0,0.038182664662599564,0.021476315334439278
0535,98,16,train,2.456,0.0,2.456,1.0,0.0,0.0,0,0.0,0.0,0.0,0,0,0.0037833908572793007,0.0037352596409618855
0536,136,16,train,54.727,50.599999999999994,4.1270000000000024,0.07541067480402731,2.800000000000008,0.0511630456630184,11,0.25454545454545524,0.20000000000000284,0.6000000000000014,1,0,0.03795361518859863,0.02388227917253971
0537,210,16,train,58.41,52.69999999999999,5.710000000000008,0.09775723335045383,2.6000000000000068,0.04451292586885819,9,0.28888888888888964,0.20000000000000284,0.9000000000000057,1,0,0.035408444702625275,0.024269193410873413
0539,316,16,train,38.035,34.099999999999994,3.9350000000000023,0.1034573419219141,1.9000000000000057,0.04995398974628647,9,0.21111111111111175,0.20000000000000284,0.30000000000000426,0,0,0.030997980386018753,0.018506234511733055
0542,184,16,train,37.094,26.799999999999997,10.294000000000004,0.2775111877931742,9.500000000000005,0.25610610880465856,13,0.7307692307692312,0.6000000000000014,1.5,7,3,0.027256151661276817,0.011807315051555634
0546,124,16,train,16.928,0.0,16.928,1.0,0.0,0.0,0,0.0,0.0,0.0,0,0,0.001753992517478764,0.0015986929647624493
0547,328,16,train,16.693,14.0,2.6930000000000014,0.1613251063319955,1.0,0.059905349547714606,4,0.25,0.25,0.40000000000000036,0,0,0.018373878672719002,0.01047589536756277
0548,299,16,train,21.186,17.7,3.4860000000000007,0.16454262248654775,2.4999999999999987,0.11800245445105252,5,0.4999999999999997,0.5999999999999996,0.6999999999999997,3,0,0.029808811843395233,0.013258916325867176
0549,32,17,train,48.04,39.4,8.64,0.1798501248959201,5.399999999999997,0.11240632805994998,14,0.3857142857142855,0.3000000000000007,1.3000000000000007,2,1,0.017562825232744217,0.012088309042155743
0550,34,17,train,15.543,13.4,2.142999999999999,0.13787557099659004,1.5,0.09650646593321753,5,0.3,0.2999999999999998,0.5,0,0,0.027283545583486557,0.018593382090330124
0551,212,17,train,46.107,35.49999999999999,10.607000000000006,0.2300518359468195,6.800000000000005,0.14748302860736992,16,0.4250000000000003,0.40000000000000036,0.8000000000000043,5,0,0.03201178461313248,0.014202538877725601
0552,313,17,train,8.778,7.1000000000000005,1.678,0.19115971747550692,0.20000000000000018,0.02278423331054912,1,0.20000000000000018,0.20000000000000018,0.20000000000000018,0,0,0.0261736698448658,0.014240313321352005
0553,21,17,train,6.296,4.6000000000000005,1.6959999999999997,0.2693773824650571,0.2999999999999998,0.0476493011435832,1,0.2999999999999998,0.2999999999999998,0.2999999999999998,0,0,0.023456795141100883,0.01177159883081913
0554,306,17,train,19.436,15.399999999999995,4.036000000000005,0.20765589627495395,2.4000000000000044,0.12348219798312432,6,0.40000000000000074,0.30000000000000115,0.8999999999999999,1,0,0.03152277693152428,0.018102601170539856
0555,319,17,train,32.053,25.800000000000004,6.252999999999993,0.19508314354350587,2.8999999999999972,0.0904751505319314,10,0.2899999999999997,0.29999999999999805,0.5999999999999979,1,0,0.023554639890789986,0.012045983225107193
0556,326,17,train,4.311,2.5,1.811,0.4200881466017165,0.0,0.0,0,0.0,0.0,0.0,0,0,0.028192220255732536,0.004055104684084654
0557,50,17,train,17.241,14.200000000000001,3.0409999999999986,0.17638188040136876,0.7999999999999994,0.04640102082245806,2,0.3999999999999997,0.3999999999999997,0.5999999999999996,1,0,0.035747285932302475,0.02473362162709236
0558,8,17,train,24.921,21.7,3.221,0.1292484250230729,1.5000000000000018,0.06019020103527153,5,0.3000000000000004,0.3000000000000007,0.5,0,0,0.03282208368182182,0.025194581598043442
0559,331,17,train,24.556,19.756,4.800000000000001,0.19547157517510996,4.599999999999999,0.18732692620948033,12,0.38333333333333325,0.30000000000000027,0.9000000000000004,2,0,0.02879878133535385,0.015394499525427818
0561,40,17,train,22.126,17.3,4.8260000000000005,0.21811443550573986,3.0,0.13558709210883124,4,0.75,0.6999999999999993,1.5,2,1,0.03289993479847908,0.025122972205281258
0562,28,17,train,10.006,7.1,2.9060000000000006,0.2904257445532681,1.1999999999999997,0.11992804317409551,3,0.3999999999999999,0.5,0.5999999999999996,1,0,0.026596492156386375,0.010039015673100948
0564,95,17,train,27.142,24.099999999999998,3.0420000000000016,0.11207722349126821,2.200000000000003,0.08105519121656483,7,0.31428571428571467,0.3000000000000007,0.6999999999999993,1,0,0.02881837822496891,0.0176105797290802
0565,99,17,train,5.591,3.8,1.7910000000000004,0.3203362546950457,0.7999999999999998,0.1430871042747272,1,0.7999999999999998,0.7999999999999998,0.7999999999999998,1,0,0.01637655682861805,0.008540681563317776
0566,46,17,train,16.823,13.100000000000001,3.722999999999999,0.2213041669143434,2.199999999999998,0.13077334601438495,5,0.4399999999999996,0.40000000000000036,0.6000000000000001,2,0,0.024264145642518997,0.01521640457212925
0567,194,17,train,4.076,1.0999999999999999,2.976,0.7301275760549559,0.0,0.0,0,0.0,0.0,0.0,0,0,0.01002763956785202,0.0015585031360387802
0568,284,17,train,34.665,22.900000000000002,11.764999999999997,0.33939131689023505,8.499999999999996,0.245204096350786,9,0.9444444444444441,0.5,3.6000000000000014,4,3,0.024991033598780632,0.006547628901898861
0569,296,17,train,17.921,15.100000000000001,2.820999999999998,0.15741309078734433,1.0,0.05580045756375202,2,0.5,0.5,0.5,0,0,0.025137217715382576,0.018377546221017838
0570,225,17,train,6.531,4.0,2.5309999999999997,0.3875363650283264,0.0,0.0,0,0.0,0.0,0.0,0,0,0.019280344247817993,0.008824484422802925
0573,329,17,train,2.639,2.2,0.4389999999999996,0.1663508904888214,0.0,0.0,0,0.0,0.0,0.0,0,0,0.005322030279785395,0.004084182903170586
0578,256,17,train,33.098,28.698000000000004,4.399999999999995,0.132938546135718,3.7999999999999945,0.11481056257175644,10,0.37999999999999945,0.30000000000000027,0.8000000000000007,4,0,0.03461518883705139,0.022942550480365753
0579,284,18,train,35.814,22.499999999999996,13.314000000000004,0.37175406265706157,11.600000000000005,0.32389568325235957,13,0.8923076923076927,0.9000000000000004,1.8999999999999986,9,4,0.02224142476916313,0.005057394504547119
0580,46,18,train,20.794,16.299999999999997,4.494000000000003,0.21612003462537285,2.9000000000000017,0.1394633067230933,8,0.3625000000000002,0.3500000000000003,0.5,0,0,0.03610321879386902,0.022700564935803413
0583,8,18,train,28.579,24.599999999999998,3.9790000000000028,0.13922810455229373,2.099999999999999,0.07348052766017002,8,0.2624999999999999,0.20000000000000018,0.5,0,0,0.03423678129911423,0.025284208357334137
0584,40,18,train,39.132,33.199999999999996,5.932000000000002,0.1515894919758766,3.900000000000005,0.09966268015946042,10,0.39000000000000046,0.39999999999999947,0.6999999999999957,2,0,0.039685484021902084,0.0357106551527977
0588,212,18,train,51.984,44.500000000000014,7.4839999999999876,0.14396737457679262,5.299999999999991,0.10195444752231438,14,0.37857142857142795,0.30000000000000027,1.1000000000000014,3,1,0.03695147484540939,0.02216024324297905
0590,319,18,train,40.438,31.800000000000004,8.637999999999998,0.21361095998812993,5.399999999999997,0.13353776151144953,13,0.41538461538461513,0.3000000000000007,1.5000000000000009,2,1,0.025079337880015373,0.01387723907828331
0591,194,18,train,8.752,7.352000000000002,1.3999999999999986,0.15996343692870182,1.0999999999999988,0.12568555758683714,2,0.5499999999999994,0.5499999999999994,0.8999999999999995,1,0,0.032307498157024384,0.015623408369719982
0592,32,18,train,52.481,42.000000000000014,10.480999999999987,0.19971037137249648,8.599999999999985,0.1638688287189647,16,0.5374999999999991,0.5,1.0999999999999999,6,1,0.019958890974521637,0.01288379542529583
0593,95,18,train,44.252,39.59999999999999,4.652000000000015,0.10512519208171416,3.8000000000000105,0.08587182500226001,9,0.4222222222222234,0.20000000000000107,1.0,4,0,0.03293151035904884,0.019608253613114357
0595,50,18,train,18.966,16.400000000000002,2.565999999999999,0.1352947379521248,0.40000000000000036,0.021090372245070144,2,0.20000000000000018,0.20000000000000018,0.20000000000000107,0,0,0.03606868535280228,0.029029713943600655
0596,326,18,train,9.457,6.8999999999999995,2.5570000000000013,0.27038172782066205,0.5,0.05287088928835783,2,0.25,0.25,0.2999999999999998,0,0,0.027743810787796974,0.018922556191682816
0597,225,18,train,12.722,9.399999999999999,3.322000000000001,0.26112246502122316,1.1000000000000014,0.08646439239113358,4,0.27500000000000036,0.25000000000000044,0.5,0,0,0.026928728446364403,0.01688399538397789
0598,28,18,train,26.045,22.5,3.5450000000000017,0.13611057784603575,1.5999999999999996,0.06143213668650411,5,0.31999999999999995,0.20000000000000107,0.5999999999999979,1,0,0.030071040615439415,0.02612476423382759
0599,306,18,train,29.049,22.2,6.849,0.23577403697201282,5.500000000000002,0.18933526111053745,11,0.5000000000000001,0.39999999999999947,1.5,4,1,0.03110765852034092,0.0178964976221323
0600,329,18,train,5.721875,5.2,0.5218749999999996,0.09120699071545597,0.0,0.0,0,0.0,0.0,0.0,0,0,0.005382946692407131,0.0036949384957551956
0601,34,18,train,12.592,11.592000000000002,0.9999999999999982,0.07941550190597191,0.5999999999999988,0.04764930114358313,2,0.2999999999999994,0.2999999999999994,0.39999999999999947,0,0,0.03237239643931389,0.023038998246192932
0602,296,18,train,13.454,11.4,2.0540000000000003,0.15266835141965215,0.0,0.0,0,0.0,0.0,0.0,0,0,0.02566666342318058,0.017608357593417168
0603,21,18,train,6.819,4.1000000000000005,2.7189999999999994,0.3987388180085056,0.49999999999999956,0.07332453438920657,2,0.24999999999999978,0.24999999999999978,0.2999999999999998,0,0,0.01753576286137104,0.00438613211736083
0604,256,18,train,30.877,29.277,1.5999999999999979,0.051818505683842275,0.9000000000000004,0.02914790944716133,3,0.3000000000000001,0.29999999999999893,0.5,0,0,0.037129562348127365,0.030045177787542343
0605,99,18,train,3.606,2.4,1.206,0.33444259567387685,0.5,0.13865779256794233,1,0.5,0.5,0.5,0,0,0.010083746165037155,0.0067875320091843605
0606,331,18,train,37.669,32.20000000000001,5.468999999999987,0.14518569646128082,3.7999999999999883,0.1008787066287926,14,0.2714285714285706,0.24999999999999822,0.5,0,0,0.0302809439599514,0.018666991963982582
0607,313,18,train,15.491,13.7,1.7910000000000004,0.11561551868827064,0.7000000000000002,0.04518752824220516,2,0.3500000000000001,0.3500000000000001,0.40000000000000036,0,0,0.03023744560778141,0.02059071697294712
0610,194,19,train,6.27,4.4,1.8699999999999992,0.2982456140350876,0.30000000000000027,0.04784688995215316,1,0.30000000000000027,0.30000000000000027,0.30000000000000027,0,0,0.02606194093823433,0.011840724386274815
0611,313,19,train,24.164,19.500000000000004,4.663999999999998,0.19301440158914077,2.299999999999997,0.09518291673563967,5,0.4599999999999994,0.40000000000000036,0.7999999999999989,1,0,0.028150320053100586,0.01962011121213436
0612,296,19,train,14.551,11.999999999999998,2.551000000000002,0.17531441138066126,0.7000000000000011,0.04810665933612818,2,0.35000000000000053,0.35000000000000053,0.5,0,0,0.025392383337020874,0.01927855983376503
0614,95,19,train,30.041,28.0,2.0410000000000004,0.06794048134216572,0.9000000000000004,0.029959055956858972,3,0.3000000000000001,0.20000000000000107,0.5,0,0,0.03554568812251091,0.022104360163211823
0615,50,19,train,23.72,21.400000000000006,2.319999999999993,0.09780775716694744,0.4999999999999982,0.02107925801011797,3,0.16666666666666607,0.1999999999999993,0.1999999999999993,0,0,0.03300562500953674,0.022794876247644424
0616,212,19,train,56.765,49.00000000000001,7.7649999999999935,0.13679203734695664,5.499999999999993,0.09689068968554554,17,0.32352941176470545,0.3000000000000007,0.5,0,0,0.03800666332244873,0.023646889254450798
0617,225,19,train,17.111,10.4,6.711,0.3922038454795161,4.899999999999999,0.2863654958798433,4,1.2249999999999996,1.0499999999999998,2.5999999999999996,2,2,0.020334353670477867,0.00484112836420536
0618,40,19,train,32.105,27.800000000000004,4.304999999999993,0.13409126304313948,2.6999999999999957,0.08409904999221293,6,0.4499999999999993,0.4499999999999993,0.5999999999999996,2,0,0.0361916720867157,0.03238580748438835
0619,329,19,train,8.308,7.4,0.9079999999999995,0.10929224843524307,0.40000000000000036,0.04814636494944636,1,0.40000000000000036,0.40000000000000036,0.40000000000000036,0,0,0.009316841140389442,0.007254286203533411
0620,319,19,train,55.772,46.871999999999986,8.900000000000013,0.15957828300939564,6.500000000000009,0.11654593702933388,18,0.3611111111111116,0.30000000000000426,0.8000000000000007,3,0,0.02732093632221222,0.014782711863517761
0621,256,19,train,33.019,30.400000000000002,2.618999999999996,0.07931796844241183,0.3000000000000007,0.009085677943002536,2,0.15000000000000036,0.15000000000000036,0.1999999999999993,0,0,0.03565223142504692,0.028510093688964844
0622,331,19,train,54.048,45.699999999999996,8.348000000000006,0.15445529899348737,7.000000000000007,0.12951450562463007,17,0.41176470588235337,0.40000000000000036,1.0,4,0,0.03435708209872246,0.0247064046561718
0624,8,19,train,29.676,26.775999999999996,2.900000000000002,0.09772206496832465,2.200000000000001,0.07413398032079799,8,0.27500000000000013,0.25,0.6000000000000014,1,0,0.03510492667555809,0.024570884183049202
0625,32,19,train,60.526,51.099999999999994,9.426000000000009,0.1557347255724814,8.200000000000003,0.13547896771635334,22,0.37272727272727285,0.3000000000000005,0.8000000000000043,4,0,0.019408682361245155,0.012430362403392792
0626,46,19,train,21.656,18.0,3.655999999999999,0.16882157369782042,2.000000000000001,0.09235315847801999,7,0.28571428571428586,0.20000000000000107,0.5,0,0,0.028885843232274055,0.016751930117607117
0627,306,19,train,19.201,14.1,5.101000000000001,0.26566324670590075,2.099999999999999,0.10936930368209985,6,0.34999999999999987,0.34999999999999987,0.5999999999999996,1,0,0.028094828128814697,0.01688304916024208
0629,284,19,train,46.812,28.799999999999983,18.012000000000015,0.3847731350935661,15.40000000000002,0.3289754763735799,17,0.9058823529411777,0.7000000000000028,3.1000000000000014,11,5,0.023572277277708054,0.005308757536113262
0632,21,19,train,15.726,10.5,5.226000000000001,0.33231590995803134,2.7,0.17169019458222054,5,0.54,0.40000000000000036,1.0999999999999996,1,1,0.023539314046502113,0.008006591349840164
0636,34,19,train,13.036,11.3,1.7359999999999989,0.13316968395213247,1.2000000000000002,0.09205277692543727,4,0.30000000000000004,0.2999999999999994,0.40000000000000036,0,0,0.03582971170544624,0.02150115743279457
0637,99,19,train,5.512,4.9,0.6119999999999992,0.11103047895500712,0.0,0.0,0,0.0,0.0,0.0,0,0,0.015887780115008354,0.009460953995585442
0638,28,19,train,25.313,22.6,2.7129999999999974,0.10717812981471961,0.7000000000000011,0.027653774740252088,4,0.17500000000000027,0.15000000000000036,0.3000000000000007,0,0,0.03146423399448395,0.024624092504382133
0639,249,2,train,6.427,0.49999999999999994,5.927,0.9222032052279446,0.0,0.0,0,0.0,0.0,0.0,0,0,0.016339920461177826,0.012039781548082829
0640,235,2,train,53.761,42.59999999999998,11.161000000000023,0.20760402522274551,8.400000000000018,0.1562470936180506,19,0.44210526315789567,0.29999999999999716,1.6000000000000014,3,3,0.023925863206386566,0.01355048269033432
0641,164,2,train,18.391,15.200000000000001,3.190999999999997,0.17350878146919677,1.0999999999999979,0.05981186449893959,5,0.21999999999999958,0.1999999999999993,0.5,0,0,0.03191272169351578,0.026260584592819214
0642,101,2,train,21.943,18.400000000000002,3.5429999999999993,0.16146379255343385,1.6000000000000005,0.07291619195187533,7,0.22857142857142865,0.20000000000000107,0.40000000000000036,0,0,0.03306116908788681,0.019569585099816322
0646,147,2,train,42.502,39.8,2.7020000000000053,0.06357347889511093,0.6000000000000059,0.014116982730224598,4,0.15000000000000147,0.1500000000000008,0.20000000000000284,0,0,0.03616531193256378,0.029289035126566887
0647,154,2,train,24.843,16.300000000000004,8.542999999999996,0.3438795636597833,6.899999999999993,0.2777442337881896,9,0.7666666666666659,0.6999999999999997,1.8000000000000007,6,2,0.020674586296081543,0.008142996579408646
0650,315,2,train,53.656,36.59999999999998,17.05600000000002,0.31787684508722264,8.40000000000002,0.15655285522588377,20,0.420000000000001,0.3000000000000025,1.799999999999999,4,1,0.019574178382754326,0.007877763360738754
0651,189,2,train,56.556,46.30000000000001,10.255999999999986,0.1813423863073765,8.59999999999999,0.15206167338567067,21,0.40952380952380907,0.3000000000000007,0.8999999999999986,6,0,0.03180237486958504,0.023927880451083183
0652,103,2,train,33.333,25.5,7.832999999999998,0.2349923499234992,6.500000000000004,0.19500195001950033,9,0.7222222222222228,0.6999999999999993,1.7000000000000028,5,3,0.021198291331529617,0.008209475316107273
0654,138,2,train,27.873,21.700000000000006,6.172999999999995,0.22146880493667687,3.099999999999995,0.1112187421519031,7,0.44285714285714217,0.3999999999999986,0.8000000000000007,2,0,0.024265868589282036,0.014656257815659046
0655,295,2,train,30.172,23.599999999999998,6.572000000000003,0.21781784435900844,3.900000000000001,0.12925891555084187,8,0.4875000000000001,0.5,0.9999999999999991,4,0,0.1161419227719307,0.07284876704216003
0656,323,2,train,59.743,50.899999999999984,8.843000000000018,0.1480173409437092,6.000000000000018,0.10043017592019178,17,0.35294117647058926,0.3000000000000007,0.7999999999999972,3,0,0.030923571437597275,0.016775382682681084
0657,103,2,train,33.333,25.5,7.832999999999998,0.2349923499234992,6.500000000000004,0.19500195001950033,9,0.7222222222222228,0.6999999999999993,1.7000000000000028,5,3,0.021198291331529617,0.008209475316107273
0659,137,2,train,57.287,45.5,11.786999999999999,0.20575348682947264,8.399999999999999,0.146630125508405,22,0.3818181818181818,0.25,1.1999999999999993,4,1,0.03533967211842537,0.02623821049928665
0660,180,2,train,45.506,43.5,2.0060000000000002,0.044082099063859716,1.0999999999999996,0.024172636575396644,5,0.21999999999999992,0.20000000000000107,0.5,0,0,0.027466213330626488,0.01965293474495411
0661,219,2,train,60.526,46.4,14.126000000000005,0.23338730462941554,12.400000000000002,0.20487063410765624,30,0.4133333333333334,0.3500000000000014,0.9000000000000021,8,0,0.06881167739629745,0.03538054600358009
0662,232,2,train,11.338,8.100000000000001,3.2379999999999978,0.2855882871758686,0.6999999999999988,0.06173928382430754,3,0.23333333333333295,0.20000000000000018,0.3999999999999986,0,0,0.019669542089104652,0.008650535717606544
0663,3,2,train,22.623,19.3,3.3230000000000004,0.14688591256685674,2.3999999999999995,0.10608672589842193,10,0.23999999999999994,0.20000000000000062,0.3999999999999986,0,0,0.043550919741392136,0.024371793493628502
0664,157,2,train,0.628,0.09999999999999998,0.528,0.8407643312101911,0.0,0.0,0,0.0,0.0,0.0,0,0,0.009448784403502941,0.002486149314790964
0665,258,2,train,59.455,51.00000000000001,8.454999999999991,0.14220839290219478,6.699999999999999,0.11269026995206458,19,0.3526315789473684,0.20000000000000284,1.7000000000000028,3,1,0.03215930610895157,0.024523276835680008
0667,247,2,train,23.563,18.0,5.562999999999999,0.23609048083860285,2.8000000000000016,0.11883036964732852,10,0.28000000000000014,0.30000000000000027,0.5999999999999996,1,0,0.025602582842111588,0.011049267835915089
0668,212,20,train,54.126,43.60000000000001,10.52599999999999,0.19447215755828973,5.699999999999992,0.10530983261279224,15,0.3799999999999995,0.40000000000000036,0.7000000000000028,4,0,0.035676561295986176,0.01819736137986183
0669,313,20,train,34.952,31.600000000000005,3.351999999999993,0.09590295262073682,2.599999999999998,0.074387731746395,6,0.43333333333333296,0.4499999999999993,0.6000000000000014,2,0,0.03138813003897667,0.023595966398715973
0670,50,20,train,32.993,30.6,2.3930000000000007,0.07253053678052922,0.7999999999999989,0.024247567665868483,4,0.19999999999999973,0.1999999999999993,0.29999999999999893,0,0,0.02978821098804474,0.02061041072010994
0671,32,20,train,45.663,36.863,8.799999999999997,0.1927162034907912,8.199999999999994,0.1795764623436917,20,0.4099999999999998,0.34999999999999964,0.9000000000000004,5,0,0.022498739883303642,0.015687666833400726
0674,319,20,train,51.122,43.099999999999994,8.022000000000006,0.1569187433981457,6.400000000000004,0.12519072023786246,16,0.40000000000000024,0.39999999999999947,0.7999999999999972,3,0,0.0315181203186512,0.01751999743282795
0675,21,20,train,16.118,11.4,4.717999999999998,0.29271621789303875,2.4999999999999996,0.15510609256731603,6,0.4166666666666666,0.3500000000000001,0.8000000000000007,2,0,0.025500677525997162,0.01604286953806877
0676,256,20,train,33.751,30.951,2.799999999999997,0.08296050487392959,1.9999999999999982,0.05925750348137828,8,0.24999999999999978,0.1999999999999993,0.6000000000000014,1,0,0.032861169427633286,0.022404754534363747
0677,225,20,train,23.563,17.899999999999995,5.663000000000004,0.24033442261172194,3.600000000000006,0.1527819038322797,5,0.7200000000000012,0.7000000000000011,1.7999999999999998,3,1,0.028016507625579834,0.02047189697623253
0678,8,20,train,48.51,42.70000000000001,5.809999999999988,0.11976911976911953,4.7999999999999945,0.0989486703772417,12,0.3999999999999995,0.39999999999999925,0.6000000000000001,1,0,0.03583119437098503,0.02741331234574318
0679,329,20,train,13.741,12.299999999999999,1.4410000000000007,0.10486864129248241,0.09999999999999964,0.0072774907211993044,1,0.09999999999999964,0.09999999999999964,0.09999999999999964,0,0,0.011183408088982105,0.009320976212620735
0680,34,20,train,20.272,15.8,4.471999999999998,0.22059984214680337,3.4999999999999982,0.17265193370165738,7,0.4999999999999997,0.5,0.7999999999999972,3,0,0.027535004541277885,0.017107944935560226
0681,306,20,train,24.373,19.273000000000003,5.099999999999998,0.20924793829237262,4.599999999999998,0.18873343453821842,10,0.4599999999999998,0.3500000000000001,1.0,4,0,0.026307957246899605,0.01718887872993946
0682,95,20,train,57.757,52.80000000000001,4.9569999999999865,0.08582509479370443,3.6999999999999873,0.06406149903907729,15,0.2466666666666658,0.1999999999999993,0.6999999999999957,1,0,0.037013377994298935,0.025275295600295067
0684,28,20,train,60.526,55.30000000000001,5.225999999999992,0.0863430591811782,3.799999999999986,0.06278293625879763,14,0.2714285714285704,0.1999999999999975,0.8000000000000043,2,0,0.03830258548259735,0.029433459043502808
0685,40,20,train,34.012,28.5,5.5120000000000005,0.16206044925320476,3.799999999999998,0.11172527343290597,10,0.3799999999999998,0.3000000000000007,0.8000000000000007,2,0,0.03532842546701431,0.034975629299879074
0686,99,20,train,10.084,7.683999999999999,2.4000000000000004,0.23800079333597782,1.9,0.18841729472431576,3,0.6333333333333333,0.39999999999999947,1.3000000000000003,1,1,0.013355673290789127,0.008013812825083733
0688,296,20,train,15.909,14.2,1.7090000000000014,0.10742347099126288,0.40000000000000036,0.025143000817147546,1,0.40000000000000036,0.40000000000000036,0.40000000000000036,0,0,0.03193974867463112,0.02568594552576542
0689,46,20,train,22.309,18.1,4.209,0.18866825048186828,3.5999999999999983,0.16136985073288798,9,0.3999999999999998,0.3999999999999986,0.5999999999999996,1,0,0.02743079513311386,0.013754668645560741
0692,331,20,train,60.526,48.29999999999998,12.22600000000002,0.20199583650001685,8.900000000000016,0.14704424544823738,16,0.556250000000001,0.45000000000000284,1.3000000000000043,7,2,0.03021957166492939,0.017566271126270294
0693,284,20,train,42.92,28.0,14.920000000000002,0.34762348555452005,13.2,0.3075489282385834,15,0.88,0.40000000000000213,3.4000000000000004,6,4,0.02040647156536579,0.006278959568589926
0695,194,20,train,10.345,9.8,0.5449999999999999,0.052682455292411785,0.0,0.0,0,0.0,0.0,0.0,0,0,0.03958269581198692,0.02900305949151516
0696,256,21,train,28.5,24.300000000000004,4.199999999999996,0.14736842105263143,3.6999999999999957,0.12982456140350862,9,0.41111111111111065,0.40000000000000036,0.8000000000000007,2,0,0.029864376410841942,0.022528979927301407
0697,225,21,train,8.961,7.000000000000001,1.9609999999999994,0.21883718335007246,0.5999999999999996,0.06695681285570802,1,0.5999999999999996,0.5999999999999996,0.5999999999999996,1,0,0.01984151266515255,0.01313361432403326
0698,50,21,train,12.383,9.6,2.7829999999999995,0.22474360009690703,0.5999999999999996,0.04845352499394329,1,0.5999999999999996,0.5999999999999996,0.5999999999999996,1,0,0.028995711356401443,0.016667786985635757
0700,329,21,train,7.315,5.300000000000001,2.0149999999999997,0.2754613807245386,0.5999999999999992,0.08202323991797665,2,0.2999999999999996,0.2999999999999996,0.39999999999999947,0,0,0.007423939183354378,0.0037005231715738773
0701,46,21,train,15.935,12.100000000000001,3.834999999999999,0.24066520238468772,2.5999999999999983,0.16316284907436449,6,0.43333333333333307,0.399999999999999,0.7999999999999998,1,0,0.024753469973802567,0.012400906533002853
0704,28,21,train,13.48,10.100000000000001,3.379999999999999,0.2507418397626112,1.1999999999999993,0.08902077151335307,5,0.23999999999999985,0.20000000000000018,0.40000000000000036,0,0,0.027298739179968834,0.016490444540977478
0707,32,21,train,27.638,23.2,4.438000000000002,0.16057601852521897,2.999999999999999,0.10854620450104924,6,0.49999999999999983,0.44999999999999973,0.8999999999999986,2,0,0.023712631314992905,0.01486073900014162
0708,8,21,train,22.779,20.200000000000003,2.578999999999997,0.11321831511479859,1.5999999999999988,0.07024013345625352,4,0.3999999999999997,0.4499999999999993,0.5,0,0,0.03347836062312126,0.023209411650896072
0709,95,21,train,21.212,17.400000000000006,3.811999999999994,0.17970959834056166,2.299999999999997,0.10842919102394857,5,0.4599999999999994,0.29999999999999716,1.5,1,1,0.03245064243674278,0.022030869498848915
0710,331,21,train,25.5749375,22.200000000000003,3.374937499999998,0.13196268808086034,2.8000000000000007,0.10948218348529691,6,0.4666666666666668,0.4500000000000002,1.1000000000000014,1,1,0.03419928625226021,0.017099350690841675
0711,40,21,train,31.008,24.2,6.808,0.2195562435500516,5.800000000000001,0.18704850361197115,14,0.4142857142857143,0.34999999999999964,0.7000000000000002,3,0,0.02942364662885666,0.02093367651104927
0713,284,21,train,14.002,9.600000000000001,4.401999999999999,0.31438365947721747,3.0999999999999988,0.22139694329381507,6,0.5166666666666665,0.2999999999999994,1.5999999999999996,2,1,0.025726953521370888,0.006498375907540321
0714,34,21,train,13.506,11.2,2.306000000000001,0.1707389308455502,1.6999999999999993,0.12586998371094324,3,0.5666666666666664,0.5999999999999996,0.5999999999999996,2,0,0.032513197511434555,0.023494888097047806
0715,194,21,train,7.289,5.7,1.5889999999999995,0.21799972561393877,0.0,0.0,0,0.0,0.0,0.0,0,0,0.038077931851148605,0.027495311573147774
0716,313,21,train,11.442,10.2,1.2420000000000009,0.10854745673833253,0.2999999999999998,0.02621919244887256,1,0.2999999999999998,0.2999999999999998,0.2999999999999998,0,0,0.030513014644384384,0.02164347842335701
0717,306,21,train,20.193,15.500000000000004,4.692999999999998,0.23240726984598611,2.899999999999997,0.14361412370623466,7,0.4142857142857138,0.3999999999999986,0.7000000000000002,2,0,0.03525660187005997,0.021920541301369667
0718,296,21,train,14.054,9.754000000000001,4.299999999999999,0.3059627152412124,3.3999999999999995,0.24192400740002842,5,0.6799999999999999,0.6999999999999993,1.200000000000001,3,1,0.02615770883858204,0.018995389342308044
0719,212,21,train,60.526,52.599999999999994,7.926000000000009,0.1309519875755875,6.600000000000008,0.10904404718633326,20,0.3300000000000004,0.2999999999999985,0.7000000000000028,3,0,0.039800263941287994,0.025748997926712036
0721,21,21,train,15.465,10.399999999999999,5.065000000000001,0.3275137407048174,2.900000000000002,0.18752020691884916,5,0.5800000000000004,0.5,1.0,2,0,0.01821756921708584,0.009562844410538673
0722,99,21,train,6.845,0.0,6.845,1.0,0.0,0.0,0,0.0,0.0,0.0,0,0,0.004196156747639179,0.003501561004668474
0723,319,21,train,50.156,38.15599999999999,12.000000000000007,0.23925352898955274,9.800000000000004,0.19539038200813472,19,0.5157894736842108,0.5,2.3,6,1,0.025643043220043182,0.014182060956954956
0724,6,22,train,23.641,19.800000000000004,3.840999999999994,0.16247197665073365,1.899999999999996,0.08036885072543445,8,0.2374999999999995,0.1999999999999993,0.40000000000000036,0,0,0.026972102001309395,0.013967083767056465
0726,17,22,train,17.8949375,16.0,1.894937500000001,0.10589237878031152,0.4999999999999999,0.027940863163115257,3,0.16666666666666663,0.20000000000000007,0.20000000000000018,0,0,0.056879643350839615,0.04645568132400513
0727,237,22,train,51.932,47.7,4.231999999999999,0.08149118077485941,1.4000000000000021,0.026958330124008358,3,0.4666666666666674,0.6000000000000014,0.7000000000000028,2,0,0.04080678150057793,0.03287205100059509
0728,248,22,train,50.365,45.0,5.365000000000002,0.10652238657798077,3.899999999999997,0.07743472649657493,14,0.27857142857142836,0.25,0.7999999999999972,1,0,0.03815753012895584,0.03169986978173256
0729,259,22,train,10.815,6.700000000000001,4.114999999999998,0.38049006010171044,0.6999999999999993,0.06472491909385107,2,0.34999999999999964,0.34999999999999964,0.5999999999999996,1,0,0.025863690301775932,0.006124497391283512
0731,309,22,train,41.352,35.70000000000001,5.651999999999987,0.1366802089378987,2.499999999999993,0.06045656800154752,12,0.20833333333333273,0.1999999999999993,0.3000000000000007,0,0,0.05093155801296234,0.03680916503071785
0732,6,22,train,23.641,19.800000000000004,3.840999999999994,0.16247197665073365,1.899999999999996,0.08036885072543445,8,0.2374999999999995,0.1999999999999993,0.40000000000000036,0,0,0.026972102001309395,0.013967083767056465
0734,179,22,train,22.205,20.1,2.104999999999997,0.09479846881333019,0.9000000000000004,0.04053141184417926,2,0.4500000000000002,0.4500000000000002,0.5,0,0,0.026748601347208023,0.014952336438000202
0735,183,22,train,24.608,19.899999999999995,4.7080000000000055,0.19131989596879087,2.1000000000000045,0.08533810143042932,8,0.26250000000000057,0.2500000000000018,0.40000000000000036,0,0,0.04752451181411743,0.027868641540408134
0736,33,22,train,32.993,22.499999999999993,10.49300000000001,0.3180371593974482,6.4000000000000075,0.19398054132694836,15,0.42666666666666714,0.5,0.7000000000000028,4,0,0.024892272427678108,0.008636683225631714
0737,38,22,train,37.121,29.49999999999999,7.621000000000013,0.20530158131515888,3.5000000000000098,0.09428625306430348,8,0.4375000000000012,0.2500000000000018,1.3000000000000043,2,1,0.032765425741672516,0.02721104770898819
0739,234,22,train,25.783,22.8,2.9830000000000005,0.11569638909358881,1.5999999999999996,0.062056393747818316,7,0.2285714285714285,0.20000000000000284,0.3000000000000007,0,0,0.03532806411385536,0.021610016003251076
0741,132,22,train,29.623,24.1,5.523,0.18644296661377982,3.0000000000000018,0.10127265975762083,8,0.3750000000000002,0.20000000000000062,1.0,2,0,0.023109070956707,0.01490884181112051
0742,213,22,train,17.503,9.599999999999998,7.903000000000002,0.45152259612637846,1.8000000000000016,0.10283951322630415,2,0.9000000000000008,0.9000000000000008,1.2000000000000002,2,1,0.009328431449830532,0.0010033219587057829
0744,23,22,train,34.822,30.2,4.622000000000003,0.13273218080523816,2.3999999999999995,0.06892194589627246,6,0.3999999999999999,0.19999999999999973,1.0,2,0,0.03415655717253685,0.0233759842813015
0746,218,22,train,25.366,23.9,1.466000000000001,0.05779389734289999,0.40000000000000213,0.015769139793424352,1,0.40000000000000213,0.40000000000000213,0.40000000000000213,0,0,0.03938637301325798,0.025177467614412308
0748,115,22,train,13.61,10.3,3.3099999999999987,0.2432035268185157,0.1999999999999993,0.01469507714915498,1,0.1999999999999993,0.1999999999999993,0.1999999999999993,0,0,0.022867215797305107,0.016554562374949455
0749,80,22,train,60.343,48.80000000000001,11.542999999999992,0.19128979334802698,7.19999999999999,0.11931789934209419,14,0.5142857142857136,0.3500000000000014,1.5,5,2,0.032908543944358826,0.01783357933163643
0750,132,23,train,28.605,15.499999999999998,13.105000000000002,0.4581366893899669,11.900000000000002,0.4160111868554449,13,0.9153846153846156,0.8999999999999986,2.0,9,5,0.016032125800848007,0.006501870695501566
0752,38,23,train,58.28,50.80000000000001,7.47999999999999,0.12834591626630043,3.799999999999991,0.06520247083047342,17,0.22352941176470534,0.1999999999999993,0.5,0,0,0.03635692596435547,0.031610891222953796
0754,237,23,train,37.93,37.0,0.9299999999999997,0.024518850514104924,0.7999999999999972,0.021091484313208467,3,0.2666666666666657,0.20000000000000284,0.5,0,0,0.03910954296588898,0.02999255433678627
0756,132,23,train,28.605,15.499999999999998,13.105000000000002,0.4581366893899669,11.900000000000002,0.4160111868554449,13,0.9153846153846156,0.8999999999999986,2.0,9,5,0.016032125800848007,0.006501870695501566
0757,213,23,train,1.411,0.0,1.411,1.0,0.0,0.0,0,0.0,0.0,0.0,0,0,1.6188256779514631e-07,0.0
0758,248,23,train,38.322,33.099999999999994,5.222000000000008,0.13626637440634642,2.9000000000000075,0.07567454725745022,8,0.36250000000000093,0.40000000000000124,0.5000000000000036,1,0,0.035581812262535095,0.0282557662576437
0759,183,23,train,6.61,5.6,1.0100000000000007,0.15279878971255684,0.0,0.0,0,0.0,0.0,0.0,0,0,0.036952584981918335,0.01485420111566782
0760,17,23,train,13.689,12.400000000000002,1.288999999999998,0.09416319672729914,0.1999999999999993,0.01461027102052738,2,0.09999999999999964,0.09999999999999964,0.09999999999999964,0,0,0.04222435504198074,0.02659103088080883
0761,23,23,train,40.125,35.7,4.424999999999997,0.11028037383177564,2.4999999999999982,0.06230529595015572,6,0.41666666666666635,0.45000000000000107,0.6999999999999957,1,0,0.034761544317007065,0.026179717853665352
0764,259,23,train,14.551,9.4,5.151,0.3539962889148512,1.8999999999999995,0.13057521819806195,4,0.47499999999999987,0.4500000000000002,0.6999999999999993,2,0,0.025883253663778305,0.007018611766397953
0766,33,23,train,22.518,16.200000000000003,6.317999999999998,0.28057553956834524,5.899999999999998,0.2620126121325161,10,0.5899999999999997,0.4500000000000002,1.3999999999999986,4,1,0.025568798184394836,0.010126781649887562
0767,80,23,train,34.378,30.6,3.7779999999999987,0.1098958636337192,2.0999999999999943,0.06108557798592106,6,0.34999999999999903,0.34999999999999964,0.5999999999999979,1,0,0.032107386738061905,0.019394010305404663
0768,115,23,train,28.474,21.199999999999996,7.2740000000000045,0.25546112242747787,3.400000000000004,0.11940717847861221,9,0.3777777777777782,0.20000000000000107,1.0,2,0,0.02414674684405327,0.013443782925605774
0769,309,23,train,34.482,28.900000000000006,5.581999999999994,0.1618815613943505,4.399999999999997,0.12760280726175968,16,0.2749999999999998,0.20000000000000195,0.7999999999999972,1,0,0.05726984515786171,0.04225639998912811
0771,234,23,train,27.612,24.4,3.2119999999999997,0.11632623497030277,0.9999999999999987,0.03621613791105312,6,0.16666666666666644,0.1999999999999993,0.20000000000000107,0,0,0.022231506183743477,0.015747781842947006
0772,218,23,train,22.466,20.200000000000003,2.2659999999999982,0.10086352710762922,1.3999999999999986,0.06231638921036226,5,0.2799999999999997,0.1999999999999993,0.6000000000000014,1,0,0.03525793179869652,0.023362426087260246
0773,6,23,train,36.624,29.599999999999998,7.0240000000000045,0.19178680646570564,4.600000000000003,0.1256006989951945,16,0.2875000000000002,0.2500000000000009,0.8000000000000007,2,0,0.02807658724486828,0.015855982899665833
0775,179,23,train,22.832,19.700000000000003,3.131999999999998,0.13717589348283102,0.09999999999999787,0.004379817799579444,1,0.09999999999999787,0.09999999999999787,0.09999999999999787,0,0,0.02541353926062584,0.015161551535129547
0776,309,24,train,40.334,32.3,8.034000000000006,0.1991867903009869,4.8999999999999995,0.12148559527941685,18,0.2722222222222222,0.2000000000000015,1.0,1,0,0.05309601500630379,0.03702637553215027
0777,38,24,train,44.801,39.5,5.301000000000002,0.11832325171313145,1.6000000000000014,0.035713488538202304,6,0.2666666666666669,0.20000000000000107,0.6000000000000014,1,0,0.03549008443951607,0.030389945954084396
0778,234,24,train,23.485,18.099999999999998,5.385000000000002,0.22929529486906544,3.9000000000000017,0.1660634447519694,7,0.5571428571428574,0.40000000000000036,1.8000000000000007,2,1,0.023480327799916267,0.01293361745774746
0779,237,24,train,30.015,28.6,1.4149999999999991,0.04714309511910708,0.5,0.016658337497917706,1,0.5,0.5,0.5,0,0,0.040370721369981766,0.03043907880783081
0780,23,24,train,42.632,37.7,4.931999999999995,0.11568774629386365,3.199999999999995,0.07506098705197961,9,0.35555555555555496,0.29999999999999893,1.0,1,0,0.03773157298564911,0.030013784766197205
0783,259,24,train,18.757,9.899999999999999,8.857000000000003,0.47219704643599736,5.900000000000001,0.31454923495228454,6,0.9833333333333335,0.7000000000000002,2.299999999999999,3,3,0.020057205110788345,0.0006892568198964
0784,218,24,train,24.425,22.9,1.5250000000000021,0.06243602865916078,1.4000000000000004,0.05731832139201639,4,0.3500000000000001,0.2500000000000009,0.6999999999999993,1,0,0.034665416926145554,0.021991409361362457
0786,6,24,train,35.632,31.000000000000004,4.631999999999994,0.12999550965424322,2.599999999999996,0.07296811854512787,11,0.236363636363636,0.1999999999999993,0.5999999999999979,1,0,0.02900025062263012,0.01753838360309601
0787,183,24,train,12.383,10.383,2.0,0.16151174997981105,1.0000000000000009,0.0807558749899056,3,0.33333333333333365,0.3000000000000007,0.40000000000000036,0,0,0.04406895861029625,0.023722264915704727
0788,17,24,train,25.235,19.1,6.134999999999998,0.24311472161680198,2.799999999999997,0.11095700416088755,5,0.5599999999999994,0.5,0.9000000000000004,2,0,0.045096587389707565,0.014657970517873764
0791,33,24,train,24.921,19.799999999999994,5.121000000000006,0.20548934633441698,4.500000000000004,0.18057060310581455,10,0.45000000000000046,0.35000000000000053,1.3000000000000007,2,1,0.022880680859088898,0.010334532707929611
0792,132,24,train,11.077,7.2,3.877,0.35000451385754267,0.8999999999999999,0.08124943576780716,4,0.22499999999999998,0.19999999999999996,0.40000000000000036,0,0,0.01679084450006485,0.007440213114023209
0793,80,24,train,58.175,53.8,4.375,0.07520412548345509,3.0000000000000053,0.05156854318865502,9,0.3333333333333339,0.20000000000000284,0.8000000000000043,2,0,0.038621027022600174,0.02530488930642605
0794,115,24,train,11.494,9.594,1.9000000000000004,0.165303636680007,0.0,0.0,0,0.0,0.0,0.0,0,0,0.02666495554149151,0.013882575556635857
0796,213,24,train,1.072,0.0,1.072,1.0,0.0,0.0,0,0.0,0.0,0.0,0,0,2.6034450684164767e-07,0.0
0799,179,24,train,23.354,20.799999999999997,2.554000000000002,0.10936028089406535,1.0000000000000036,0.04281921726470855,2,0.5000000000000018,0.5000000000000018,0.9000000000000021,1,0,0.03147025406360626,0.017973700538277626
0800,248,24,train,36.389,32.1,4.2890000000000015,0.11786528896094976,1.9000000000000004,0.05221358102723351,6,0.3166666666666667,0.29999999999999893,0.5,0,0,0.034979380667209625,0.02999010868370533
0801,23,25,train,42.476,38.2,4.275999999999996,0.10066861286373473,2.200000000000003,0.05179395423297869,9,0.24444444444444477,0.3000000000000007,0.3999999999999986,0,0,0.03751391917467117,0.02979973889887333
0802,259,25,train,31.583,19.5,12.082999999999998,0.3825792356647563,9.8,0.310293512332584,12,0.8166666666666668,0.5,2.900000000000002,6,4,0.030385270714759827,0.006851729936897755
0803,183,25,train,16.118,13.2,2.9179999999999993,0.18103983124457126,1.5000000000000018,0.09306365554038974,5,0.3000000000000004,0.2999999999999998,0.5,0,0,0.05490599572658539,0.04060998558998108
0804,33,25,train,31.191,22.999999999999996,8.191000000000003,0.2626078035330705,3.6000000000000036,0.11541790901221519,11,0.3272727272727276,0.29999999999999893,0.6999999999999993,2,0,0.025658555328845978,0.009278015233576298
0806,132,25,train,35.762,26.662,9.100000000000001,0.25446004138471007,7.9,0.2209048710922208,16,0.49375,0.44999999999999996,1.0999999999999996,6,1,0.01658105105161667,0.008471358567476273
0808,218,25,train,20.167,19.4,0.767000000000003,0.03803242921604616,0.3000000000000007,0.014875787177071487,1,0.3000000000000007,0.3000000000000007,0.3000000000000007,0,0,0.04147113859653473,0.029160723090171814
0809,248,25,train,48.197,44.19999999999999,3.997000000000014,0.08293047285100762,2.400000000000011,0.049795630433429695,11,0.21818181818181917,0.1999999999999993,0.4000000000000057,0,0,0.03605261817574501,0.028509147465229034
0811,237,25,train,43.651,42.3,1.3510000000000062,0.03095003550892319,0.7000000000000028,0.0160362878284576,2,0.3500000000000014,0.3500000000000014,0.6000000000000014,1,0,0.042534586042165756,0.031217357143759727
0813,309,25,train,30.094,24.599999999999994,5.494000000000007,0.18256130790190758,3.0000000000000067,0.0996876453778164,11,0.2727272727272733,0.20000000000000284,0.8000000000000007,1,0,0.04737395420670509,0.03150646761059761
0817,6,25,train,28.056,23.2,4.856000000000002,0.1730824066153408,2.3999999999999995,0.08554319931565438,10,0.23999999999999994,0.1999999999999995,0.5,0,0,0.02783927507698536,0.01737566664814949
0819,17,25,train,34.926,30.699999999999996,4.226000000000006,0.1209986829296228,3.000000000000001,0.0858958941762584,6,0.5000000000000001,0.4999999999999991,0.8000000000000007,3,0,0.056179437786340714,0.041925229132175446
0820,80,25,train,59.116,54.7,4.415999999999997,0.07470058867311721,3.199999999999993,0.05413086135733123,9,0.3555555555555548,0.1999999999999993,1.1999999999999957,2,1,0.03865070268511772,0.028369050472974777
0821,234,25,train,31.374,25.8,5.573999999999998,0.17766303308471978,2.5999999999999996,0.0828711672085166,8,0.32499999999999996,0.29999999999999805,0.6999999999999993,1,0,0.023342028260231018,0.014105905778706074
0822,179,25,train,53.29,49.0,4.289999999999999,0.08050290861324826,2.099999999999998,0.03940701820228932,6,0.34999999999999964,0.3500000000000014,0.7000000000000028,1,0,0.03331024572253227,0.022034473717212677
0823,115,25,train,18.835,15.700000000000001,3.135,0.16644544730554817,0.40000000000000036,0.021237058667374586,3,0.13333333333333344,0.09999999999999964,0.20000000000000107,0,0,0.029202500358223915,0.017621435225009918
0824,38,25,train,45.219,37.000000000000014,8.218999999999987,0.1817598796965874,6.099999999999989,0.1348990468608326,16,0.3812499999999993,0.30000000000000027,0.8999999999999995,4,0,0.031854577362537384,0.02381228841841221
0826,33,26,train,28.239,22.200000000000003,6.038999999999998,0.21385318176989263,4.399999999999996,0.15581288289245354,12,0.3666666666666663,0.30000000000000027,0.8000000000000007,2,0,0.03138342127203941,0.014514883980154991
0828,80,26,train,56.556,50.099999999999994,6.456000000000003,0.11415234457882459,3.500000000000007,0.06188556474998245,13,0.2692307692307698,0.20000000000000284,0.5999999999999996,1,0,0.03619217127561569,0.024755824357271194
0829,38,26,train,48.588,39.7,8.887999999999998,0.18292582530666004,4.4999999999999964,0.09261546060755735,13,0.34615384615384587,0.29999999999999716,1.0,2,0,0.03553904965519905,0.02519402652978897
0831,132,26,train,30.982,16.599999999999998,14.382000000000001,0.46420502227099614,11.600000000000001,0.374410948292557,9,1.288888888888889,1.1000000000000014,3.0999999999999996,6,6,0.018426191061735153,0.007032393477857113
0832,259,26,train,29.127,18.1,11.026999999999997,0.3785834449136539,7.6,0.2609262883235486,11,0.6909090909090909,0.5,1.9000000000000021,5,2,0.023375442251563072,0.006258323788642883
0834,218,26,train,23.563,21.700000000000003,1.862999999999996,0.07906463523320444,0.899999999999999,0.03819547595806982,4,0.22499999999999976,0.10000000000000075,0.5999999999999979,1,0,0.03960379958152771,0.02860420197248459
0835,234,26,train,26.619,22.299999999999997,4.319000000000003,0.16225252639092388,1.9000000000000021,0.07137758743754469,6,0.31666666666666704,0.2999999999999998,0.7000000000000028,1,0,0.01774933934211731,0.00893312506377697
0837,115,26,train,21.343,18.500000000000004,2.8429999999999964,0.1332052663636788,1.8999999999999977,0.08902216183291935,3,0.6333333333333325,0.29999999999999893,1.3999999999999986,1,1,0.022173136472702026,0.015437955036759377
0839,248,26,train,52.742,48.40000000000001,4.3419999999999845,0.08232528155928832,2.9999999999999916,0.05688066436615964,14,0.2142857142857137,0.1999999999999993,0.5,0,0,0.03610597550868988,0.02959323674440384
0840,6,26,train,24.948,21.3,3.6479999999999997,0.1462241462241462,1.4000000000000012,0.0561167227833895,6,0.23333333333333353,0.24999999999999956,0.40000000000000036,0,0,0.029895342886447906,0.01717512309551239
0841,309,26,train,39.472,33.60000000000001,5.871999999999993,0.1487636805837047,3.0999999999999934,0.07853668423186039,13,0.23846153846153795,0.1999999999999993,0.5999999999999979,1,0,0.05222348868846893,0.04113789647817612
0842,115,26,train,21.343,18.500000000000004,2.8429999999999964,0.1332052663636788,1.8999999999999977,0.08902216183291935,3,0.6333333333333325,0.29999999999999893,1.3999999999999986,1,1,0.022173136472702026,0.015437955036759377
0843,23,26,train,48.301,43.49999999999999,4.801000000000009,0.09939752800149083,3.800000000000006,0.07867331939297335,10,0.3800000000000006,0.30000000000000426,0.7999999999999989,2,0,0.036464396864175797,0.028491511940956116
0846,237,26,train,37.46,36.0,1.4600000000000009,0.03897490656700483,0.5,0.013347570742124932,1,0.5,0.5,0.5,0,0,0.04116620868444443,0.03125644475221634
0849,183,26,train,17.607,15.0,2.6069999999999993,0.14806611006985854,2.0000000000000004,0.11359118532401889,5,0.4000000000000001,0.3999999999999999,0.6000000000000014,1,0,0.05607350915670395,0.04340789094567299
0850,179,26,train,37.434,33.50000000000001,3.9339999999999904,0.10509162793182643,1.899999999999996,0.050755997221776886,6,0.316666666666666,0.1500000000000008,0.8999999999999986,1,0,0.02901189588010311,0.016619013622403145
0857,139,27,train,43.782,36.39999999999999,7.382000000000005,0.16860810378694455,6.100000000000008,0.13932666392581444,10,0.6100000000000008,0.3999999999999999,2.700000000000003,2,1,0.02873476967215538,0.019545776769518852
0858,134,27,train,59.795,52.295000000000016,7.499999999999986,0.12542854753741928,6.499999999999988,0.1087047411990967,20,0.3249999999999994,0.29999999999999805,0.7000000000000028,3,0,0.03361129015684128,0.027806440368294716
0859,92,27,train,13.584,11.1,2.484,0.18286219081272084,1.200000000000001,0.08833922261484108,3,0.40000000000000036,0.40000000000000036,0.40000000000000036,0,0,0.025769414380192757,0.017970561981201172
0861,152,27,train,17.894,9.4,8.493999999999998,0.47468425170448186,3.5999999999999996,0.20118475466636862,5,0.72,0.6999999999999993,1.5999999999999996,3,1,0.006645530462265015,3.0326244086609222e-05
0862,63,27,train,22.126,18.800000000000004,3.325999999999997,0.15032088945132407,1.2999999999999963,0.058754406580493364,4,0.32499999999999907,0.2999999999999994,0.5999999999999996,1,0,0.031247315928339958,0.018497824668884277
0866,36,27,train,20.428,17.599999999999998,2.828000000000003,0.13843743880947731,1.1000000000000005,0.0538476600744077,4,0.27500000000000013,0.1499999999999999,0.7000000000000011,1,0,0.0328076034784317,0.017206203192472458
0867,10,27,train,50.521,36.79999999999999,13.72100000000001,0.2715900318679363,10.800000000000008,0.21377249064745368,23,0.4695652173913047,0.3999999999999986,1.3000000000000043,8,1,0.024606244638562202,0.010928921401500702
0870,217,27,train,21.003,15.699999999999998,5.303000000000003,0.2524877398466887,2.1000000000000014,0.09998571632623918,5,0.42000000000000026,0.40000000000000036,0.5999999999999996,1,0,0.025428276509046555,0.01422913745045662
0871,321,27,train,14.681,11.581,3.0999999999999996,0.21115727811456983,1.0999999999999996,0.07492677610516993,3,0.36666666666666653,0.2999999999999998,0.5999999999999996,1,0,0.028158195316791534,0.01593254692852497
0872,204,27,train,19.958,16.8,3.1579999999999977,0.1582322878043891,1.299999999999999,0.06513678725323174,2,0.6499999999999995,0.6499999999999995,0.6999999999999993,2,0,0.030009407550096512,0.020814765244722366
0873,185,27,train,19.096,16.296,2.8000000000000007,0.14662756598240473,1.5999999999999988,0.08378718056137405,6,0.26666666666666644,0.25000000000000044,0.40000000000000036,0,0,0.03967859596014023,0.013206059113144875
0874,147,27,train,55.041,48.8,6.241,0.11338820152250141,2.399999999999997,0.04360385894151627,10,0.23999999999999969,0.10000000000000142,0.8000000000000007,1,0,0.03212606534361839,0.02229391597211361
0875,43,27,train,6.923,5.6,1.3230000000000004,0.19110212335692625,0.3000000000000007,0.04333381482016477,1,0.3000000000000007,0.3000000000000007,0.3000000000000007,0,0,0.07976043224334717,0.04142094403505325
0877,155,27,train,56.974,40.7,16.273999999999994,0.2856390634324428,12.499999999999996,0.21939832204163298,15,0.8333333333333331,0.6000000000000014,2.700000000000003,8,5,0.027900097891688347,0.018317295238375664
0878,187,27,train,28.291,21.4,6.891000000000002,0.24357569545085014,3.2000000000000033,0.11311017638118141,8,0.4000000000000004,0.3500000000000003,0.7999999999999998,2,0,0.02598760463297367,0.011221922934055328
0879,52,27,train,8.595,5.8999999999999995,2.695000000000001,0.3135543920884236,0.6000000000000005,0.06980802792321122,2,0.30000000000000027,0.30000000000000027,0.40000000000000036,0,0,0.02357526868581772,0.010980237275362015
0880,62,27,train,14.734,11.299999999999999,3.434000000000001,0.2330663770870097,0.8999999999999999,0.06108320890457445,3,0.3,0.2999999999999998,0.5,0,0,0.02511102706193924,0.0094230305403471
0883,71,27,train,14.002,11.100000000000001,2.9019999999999992,0.20725610627053273,1.2999999999999985,0.09284387944579335,5,0.2599999999999997,0.2999999999999998,0.39999999999999947,0,0,0.024312425404787064,0.013125164434313774
0884,14,27,train,57.026,50.9,6.126000000000005,0.107424683477712,3.199999999999999,0.05611475467330689,12,0.26666666666666655,0.25,0.7000000000000028,1,0,0.031110035255551338,0.01689830608665943
0887,141,27,train,45.375,38.575,6.799999999999997,0.149862258953168,5.399999999999993,0.11900826446280977,15,0.35999999999999954,0.3000000000000007,0.7999999999999989,2,0,0.02471391297876835,0.012726781889796257
0888,195,27,train,20.716,18.499999999999996,2.2160000000000046,0.10697045761730085,0.7000000000000022,0.03379030700907521,3,0.23333333333333406,0.20000000000000107,0.30000000000000004,0,0,0.03557388484477997,0.03048909828066826
0889,122,27,train,51.227,43.10000000000001,8.126999999999988,0.15864680734768752,6.0999999999999925,0.11907783005055914,12,0.5083333333333327,0.5,0.8999999999999986,6,0,0.03214920312166214,0.017977986484766006
0890,226,27,train,50.286,44.9,5.386000000000003,0.1071073459809888,3.8000000000000007,0.07556775245595197,11,0.3454545454545455,0.3000000000000007,0.5,0,0,0.02137782797217369,0.012861072085797787
0892,262,27,train,21.343,17.299999999999997,4.043000000000003,0.18942978962657558,1.6000000000000014,0.0749660310171954,3,0.5333333333333338,0.5,0.8000000000000007,1,0,0.0887521430850029,0.055195704102516174
0893,120,27,train,17.215,14.200000000000001,3.014999999999999,0.17513796108045301,0.6999999999999993,0.04066221318617481,1,0.6999999999999993,0.6999999999999993,0.6999999999999993,1,0,0.029045898467302322,0.020292792469263077
0894,156,27,train,29.963,26.5,3.463000000000001,0.1155758769148617,0.4999999999999991,0.01668724760537994,2,0.24999999999999956,0.24999999999999956,0.2999999999999998,0,0,0.03404201194643974,0.02204011380672455
0895,178,27,train,14.316,11.8,2.516,0.17574741547918413,1.5000000000000004,0.10477787091366306,4,0.3750000000000001,0.3500000000000003,0.5,0,0,0.03179038688540459,0.02488422952592373
0896,20,27,train,28.709,22.9,5.809000000000001,0.20234072938799683,4.500000000000002,0.15674527151764261,12,0.37500000000000017,0.35000000000000053,0.5999999999999996,1,0,0.07718189805746078,0.05732350796461105
0898,204,28,train,27.22,21.8,5.419999999999998,0.19911829537105064,2.8999999999999986,0.10653930933137394,5,0.5799999999999997,0.09999999999999964,2.400000000000002,1,1,0.03140239790081978,0.024153977632522583
0900,92,28,train,20.219,16.500000000000004,3.7189999999999976,0.18393590187447437,2.7999999999999963,0.13848360453039202,7,0.39999999999999947,0.40000000000000036,0.5,0,0,0.030796494334936142,0.02028636634349823
0901,185,28,train,20.454,15.599999999999996,4.8540000000000045,0.23731299501320058,3.700000000000003,0.18089371272122826,7,0.528571428571429,0.2999999999999998,2.1000000000000014,2,1,0.02575361169874668,0.007554409559816122
0903,217,28,train,18.13,13.0,5.129999999999999,0.2829564258135686,3.8000000000000007,0.20959735245449537,5,0.7600000000000001,0.5,1.6000000000000014,2,2,0.028735587373375893,0.01707170344889164
0905,134,28,train,45.48,39.379999999999995,6.100000000000001,0.13412489006156555,4.900000000000001,0.10773966578715923,12,0.40833333333333344,0.34999999999999964,1.0,3,0,0.0351741723716259,0.03734569624066353
0907,139,28,train,35.057,29.900000000000002,5.157,0.14710328892945773,4.1,0.11695239181903755,7,0.5857142857142856,0.3000000000000007,2.1000000000000014,2,1,0.030702190473675728,0.019529186189174652
0908,63,28,train,22.022,17.5,4.5219999999999985,0.20534011443102346,2.4000000000000004,0.10898192716374537,7,0.3428571428571429,0.3000000000000007,0.7000000000000002,1,0,0.027939755469560623,0.017151033505797386
0914,185,28,train,16.562,11.600000000000001,4.962,0.2996014974036952,2.7999999999999994,0.16906170752324592,5,0.5599999999999998,0.5999999999999996,0.8999999999999999,3,0,0.029990609735250473,0.009120283648371696
0915,10,28,train,37.042,25.099999999999998,11.942000000000004,0.3223907996328493,8.1,0.21867069812645104,16,0.50625,0.3999999999999986,1.6000000000000014,6,2,0.023491237312555313,0.008792060427367687
0918,36,28,train,28.213,24.000000000000004,4.212999999999997,0.1493283238223513,3.199999999999999,0.11342289015701977,7,0.45714285714285696,0.3000000000000007,1.0,3,0,0.03677491471171379,0.01871999353170395
0919,321,28,train,27.142,21.799999999999997,5.342000000000002,0.19681674158131318,3.000000000000006,0.11052980620440668,8,0.3750000000000008,0.35000000000000053,0.6000000000000014,2,0,0.03163400664925575,0.021626580506563187
0920,10,29,train,29.049,21.300000000000004,7.748999999999995,0.2667561706082824,4.799999999999995,0.16523804606010517,10,0.47999999999999954,0.40000000000000036,1.6999999999999993,2,1,0.023776603862643242,0.011395913548767567
0921,204,29,train,18.312,15.700000000000001,2.612,0.14263870685889035,0.0,0.0,0,0.0,0.0,0.0,0,0,0.03521289676427841,0.02302512899041176
0923,321,29,train,13.271,9.6,3.671000000000001,0.27661819003842975,1.7000000000000006,0.1280988621806948,6,0.28333333333333344,0.25,0.5999999999999996,1,0,0.02471799962222576,0.015188120305538177
0925,10,29,train,29.049,21.300000000000004,7.748999999999995,0.2667561706082824,4.799999999999995,0.16523804606010517,10,0.47999999999999954,0.40000000000000036,1.6999999999999993,2,1,0.023776603862643242,0.011395913548767567
0927,139,29,train,31.713,28.699999999999996,3.0130000000000052,0.09500835619462067,1.700000000000002,0.053605776810771666,6,0.28333333333333366,0.1999999999999993,0.6000000000000014,1,0,0.030615119263529778,0.02005690149962902
0932,92,29,train,14.551,11.399999999999999,3.1510000000000016,0.21654869081162817,1.0000000000000009,0.06872379905161163,3,0.33333333333333365,0.3000000000000007,0.40000000000000036,0,0,0.028809476643800735,0.015562018379569054
0934,134,29,train,42.241,38.0,4.241,0.10040008522525508,2.4000000000000004,0.05681683672261548,6,0.4000000000000001,0.45000000000000107,0.6000000000000014,1,0,0.03492414578795433,0.029368802905082703
0937,185,29,train,18.704,12.299999999999999,6.404000000000002,0.34238665526090684,4.8999999999999995,0.2619760479041916,7,0.7,0.29999999999999893,2.6999999999999993,2,2,0.027368741109967232,0.0034391586668789387
0938,63,29,train,25.783,22.000000000000004,3.7829999999999977,0.14672458596749788,2.499999999999998,0.09696311523096605,12,0.20833333333333315,0.1999999999999993,0.5,0,0,0.029826616868376732,0.017164647579193115
0940,36,29,train,24.53,21.400000000000006,3.1299999999999955,0.12759885854056238,1.6999999999999975,0.06930289441500194,7,0.2428571428571425,0.1999999999999993,0.40000000000000036,0,0,0.03739108145236969,0.022729037329554558
0941,217,29,train,9.744,3.8000000000000003,5.943999999999999,0.6100164203612478,0.3999999999999999,0.04105090311986863,2,0.19999999999999996,0.19999999999999996,0.2999999999999998,0,0,0.010121740400791168,0.0020223394967615604
0943,295,3,train,34.796,27.600000000000005,7.195999999999994,0.20680537992872727,5.299999999999995,0.15231635820209208,9,0.5888888888888884,0.3999999999999986,1.4000000000000004,4,1,0.11655121296644211,0.08104409277439117
0944,164,3,train,31.086,28.900000000000002,2.1859999999999964,0.07032104484333772,1.699999999999998,0.054686997362156535,5,0.3399999999999996,0.29999999999999716,0.5999999999999979,1,0,0.04319389536976814,0.03890564665198326
0945,157,3,train,0.628,0.09999999999999998,0.528,0.8407643312101911,0.0,0.0,0,0.0,0.0,0.0,0,0,0.006586445961147547,0.002709998283535242
0946,180,3,train,60.526,54.9,5.626000000000005,0.09295178931368345,4.700000000000003,0.07765257905693425,9,0.5222222222222226,0.3999999999999986,1.1000000000000014,2,2,0.03661567345261574,0.027739759534597397
0947,232,3,train,23.276,19.9,3.3760000000000012,0.1450421034542018,1.5000000000000027,0.0644440625537035,6,0.25000000000000044,0.30000000000000027,0.40000000000000213,0,0,0.022055694833397865,0.012548990547657013
0948,235,3,train,33.046,24.100000000000012,8.945999999999987,0.2707135508079643,7.6999999999999895,0.2330085335592807,17,0.4529411764705876,0.40000000000000036,1.1000000000000014,5,1,0.02398202382028103,0.01291470043361187
0953,147,3,train,35.475,30.0,5.475000000000001,0.15433403805496831,1.4999999999999991,0.04228329809725156,4,0.3749999999999998,0.3500000000000001,0.6999999999999993,1,0,0.03264521434903145,0.0264203492552042
0954,219,3,train,50.913,40.00000000000001,10.91299999999999,0.21434604128611534,10.299999999999994,0.20230589436882515,26,0.3961538461538459,0.3999999999999986,1.0999999999999979,3,1,0.06847333908081055,0.035646289587020874
0955,101,3,train,11.521,9.000000000000002,2.520999999999999,0.21881781095391015,1.2999999999999985,0.11283742730665727,5,0.2599999999999997,0.20000000000000018,0.3999999999999999,0,0,0.032749611884355545,0.012718376703560352
0957,138,3,train,60.004,46.6,13.403999999999996,0.22338510765948932,10.9,0.18165455636290914,22,0.4954545454545455,0.3999999999999986,1.6000000000000014,5,3,0.030079375952482224,0.016534551978111267
0958,3,3,train,20.846,17.499999999999996,3.3460000000000036,0.16051040967092026,1.700000000000002,0.08155041734625357,6,0.28333333333333366,0.3000000000000007,0.40000000000000036,0,0,0.048255592584609985,0.02662672847509384
0959,247,3,train,33.228,25.300000000000004,7.927999999999997,0.23859395690381596,5.399999999999998,0.16251354279523286,16,0.33749999999999986,0.3000000000000007,0.6000000000000014,3,0,0.0285540372133255,0.01447167620062828
0961,249,3,train,3.579,0.2,3.379,0.9441184688460463,0.0,0.0,0,0.0,0.0,0.0,0,0,0.03418434411287308,0.02121317759156227
0962,315,3,train,58.933,43.300000000000004,15.632999999999996,0.26526733748494047,11.299999999999997,0.19174316596813326,21,0.538095238095238,0.3999999999999986,1.5999999999999979,7,2,0.020292015746235847,0.009236161597073078
0965,137,3,train,48.458,37.300000000000004,11.157999999999994,0.23026125717115842,7.899999999999999,0.16302777663130957,18,0.43888888888888883,0.34999999999999964,1.3999999999999986,4,2,0.03286464884877205,0.023611895740032196
0966,103,3,train,22.361,18.3,4.061,0.18161084030231206,2.4000000000000004,0.10732972586199187,4,0.6000000000000001,0.5500000000000007,0.9000000000000004,2,0,0.029317153617739677,0.017111869528889656
0967,258,3,train,51.436,46.2,5.235999999999997,0.10179640718562868,4.3,0.08359903569484407,16,0.26875,0.29999999999999893,0.5,0,0,0.031768959015607834,0.022571716457605362
0968,189,3,train,59.377,47.49999999999999,11.87700000000001,0.20002694646075095,8.70000000000001,0.14652138033245213,22,0.3954545454545459,0.34999999999999787,1.0,5,0,0.02968348003923893,0.018788399174809456
0969,154,3,train,22.335,18.10000000000001,4.234999999999992,0.1896127154689945,3.699999999999993,0.16565927915827144,12,0.30833333333333274,0.29999999999999893,0.8000000000000007,1,0,0.020215045660734177,0.00880891177803278
0970,323,3,train,60.526,51.8,8.726000000000006,0.14416944784059751,5.999999999999999,0.09913095198757557,16,0.37499999999999994,0.3500000000000014,0.7999999999999972,3,0,0.030193772166967392,0.0164109505712986
0971,92,30,train,47.178,39.778,7.399999999999999,0.15685277035906564,6.5,0.13777608207215228,18,0.3611111111111111,0.3500000000000014,0.6999999999999993,3,0,0.03507555276155472,0.02641851268708706
0973,321,30,train,29.467,26.200000000000003,3.266999999999996,0.1108697865408761,1.8999999999999981,0.06447890860963106,5,0.3799999999999996,0.29999999999999893,1.0,1,0,0.032118845731019974,0.02285817451775074
0977,92,30,train,47.178,39.778,7.399999999999999,0.15685277035906564,6.5,0.13777608207215228,18,0.3611111111111111,0.3500000000000014,0.6999999999999993,3,0,0.03507555276155472,0.02641851268708706
0979,321,30,train,36.964,28.3,8.663999999999998,0.23439021750892755,4.200000000000002,0.1136240666594525,13,0.3230769230769232,0.2999999999999998,0.7999999999999989,2,0,0.03068997524678707,0.017735116183757782
0980,217,30,train,27.717,20.399999999999995,7.317000000000004,0.26398960926507214,3.300000000000005,0.11906050438359149,6,0.5500000000000008,0.20000000000000284,1.5999999999999996,2,1,0.02638145536184311,0.01595113053917885
0982,204,30,train,32.183,27.700000000000003,4.482999999999997,0.13929714445514704,2.599999999999996,0.08078799366124961,6,0.4333333333333327,0.34999999999999964,1.0,2,0,0.03633064031600952,0.025751523673534393
0984,63,30,train,24.216,20.400000000000006,3.8159999999999954,0.15758176412289376,1.5999999999999952,0.06607201850016498,5,0.31999999999999906,0.29999999999999716,0.5999999999999996,1,0,0.02771701104938984,0.016178859397768974
0986,10,30,train,56.712,40.79999999999999,15.912000000000013,0.2805755395683455,13.900000000000007,0.2450980392156864,27,0.5148148148148151,0.30000000000000426,1.6000000000000014,9,3,0.025120407342910767,0.010633789002895355
0987,185,30,train,25.783,20.7,5.083000000000002,0.19714540588760043,3.4000000000000012,0.13186983671411398,7,0.4857142857142859,0.40000000000000036,1.5,3,1,0.030026750639081,0.012454841285943985
0989,134,30,train,50.051,44.8,5.251000000000005,0.10491298875147359,2.900000000000002,0.05794090028171269,7,0.4142857142857146,0.3999999999999986,0.6000000000000014,3,0,0.035343803465366364,0.034613415598869324
0990,36,30,train,43.965,36.6,7.365000000000002,0.1675196178778574,5.299999999999994,0.12055043784828826,12,0.44166666666666615,0.4499999999999993,0.6999999999999993,5,0,0.035838622599840164,0.02179810032248497
0994,139,30,train,60.526,56.5,4.026000000000003,0.06651686878366327,3.3000000000000007,0.05452202359316658,10,0.33000000000000007,0.29999999999999893,0.7000000000000028,2,0,0.03314266726374626,0.02254926972091198
1000,185,31,train,23.354,19.300000000000004,4.053999999999995,0.17358910679112766,3.099999999999998,0.13273957352059595,9,0.3444444444444442,0.29999999999999893,0.7999999999999998,1,0,0.028263531625270844,0.013058922253549099
1001,63,31,train,31.53,25.900000000000002,5.629999999999999,0.1785601014906438,4.699999999999997,0.14906438312718034,11,0.42727272727272697,0.40000000000000036,0.8000000000000007,2,0,0.02770691178739071,0.012898001819849014
1002,321,31,train,16.954,14.600000000000001,2.353999999999999,0.1388462899610711,1.0999999999999994,0.06488144390704255,4,0.27499999999999986,0.2999999999999995,0.40000000000000036,0,0,0.03018597885966301,0.018604811280965805
1005,134,31,train,60.526,53.800000000000004,6.725999999999999,0.11112579717807221,4.199999999999999,0.0693916663913029,12,0.3499999999999999,0.29999999999999716,0.8999999999999986,3,0,0.03657519817352295,0.03265474736690521
1009,10,31,train,39.863,23.700000000000003,16.162999999999997,0.4054637132177708,12.399999999999995,0.31106539899154595,17,0.7294117647058821,0.5,4.100000000000001,8,2,0.019959941506385803,0.006978344172239304
1010,36,31,train,36.938,29.9,7.038000000000004,0.19053549190535501,4.6999999999999975,0.1272402404028371,13,0.36153846153846136,0.3999999999999986,0.7999999999999989,2,0,0.03291148319840431,0.016550980508327484
1011,204,31,train,32.915,28.8,4.114999999999998,0.12501898830320518,2.1000000000000023,0.06380069876955802,5,0.4200000000000005,0.3000000000000007,0.7999999999999989,2,0,0.03607936576008797,0.029501058161258698
1015,217,31,train,23.223,17.099999999999994,6.123000000000005,0.2636610257072732,5.5000000000000036,0.23683417301812873,6,0.9166666666666673,0.8500000000000005,1.6000000000000005,5,2,0.027964051812887192,0.018470507115125656
1017,139,31,train,60.526,55.8,4.726000000000006,0.07808214651554714,3.3000000000000043,0.054522023593166644,11,0.3000000000000004,0.2999999999999998,0.8000000000000007,1,0,0.03424399718642235,0.024238290265202522
1018,92,31,train,26.959,22.558999999999994,4.400000000000006,0.16321080158759618,4.000000000000004,0.14837345598872378,9,0.4444444444444449,0.40000000000000213,0.9000000000000004,4,0,0.031145447865128517,0.02209322154521942
1019,242,32,train,46.786,42.00000000000001,4.785999999999994,0.10229555850040598,2.2999999999999963,0.04916000512973959,5,0.45999999999999924,0.2999999999999998,1.1000000000000014,2,1,0.035551007837057114,0.0212582815438509
1020,233,32,train,22.675,18.7,3.9750000000000014,0.17530319735391406,1.200000000000002,0.05292171995589865,5,0.24000000000000038,0.1999999999999993,0.5999999999999996,1,0,0.032984521239995956,0.024251427501440048
1022,300,32,train,16.014,14.7,1.314,0.0820532034469839,0.6000000000000001,0.0374672161858374,3,0.20000000000000004,0.20000000000000107,0.29999999999999893,0,0,0.030015893280506134,0.02505275420844555
1023,228,32,train,12.801,10.300000000000002,2.5009999999999977,0.19537536129989827,1.1999999999999984,0.09374267635340977,4,0.2999999999999996,0.30000000000000027,0.3999999999999986,0,0,0.03391619399189949,0.023174375295639038
1024,215,32,train,52.977,34.376999999999995,18.6,0.35109575853672353,17.3,0.3265568076712536,24,0.7208333333333333,0.6000000000000005,2.5,13,4,0.012129438109695911,0.007319331634789705
1025,104,32,train,8.203,5.6,2.6029999999999998,0.3173229306351335,1.4,0.17066926734121662,2,0.7,0.7,0.8999999999999999,1,0,0.01749122142791748,0.007537787314504385
1027,251,32,train,28.735,17.499999999999996,11.235000000000003,0.39098660170523764,5.100000000000001,0.17748390464590227,10,0.5100000000000001,0.5,1.0,4,0,0.024363616481423378,0.0065815504640340805
1028,128,32,train,19.671,17.2,2.471,0.1256163896090692,0.39999999999999947,0.020334502567230923,2,0.19999999999999973,0.19999999999999973,0.20000000000000018,0,0,0.029651246964931488,0.02413848787546158
1029,242,32,train,46.786,42.00000000000001,4.785999999999994,0.10229555850040598,2.2999999999999963,0.04916000512973959,5,0.45999999999999924,0.2999999999999998,1.1000000000000014,2,1,0.035551007837057114,0.0212582815438509
1033,250,32,train,18.13,12.000000000000002,6.129999999999997,0.3381136238279094,3.499999999999999,0.19305019305019303,6,0.5833333333333331,0.5499999999999998,1.1999999999999993,3,1,0.012116550467908382,0.00596377719193697
1036,191,32,train,16.614,14.600000000000003,2.0139999999999976,0.12122306488503656,0.5999999999999979,0.036114120621162746,5,0.11999999999999958,0.09999999999999964,0.1999999999999993,0,0,0.029168153181672096,0.017018944025039673
1038,233,33,train,29.414,23.8,5.614000000000001,0.19086149452641601,3.599999999999998,0.1223906983069286,10,0.35999999999999976,0.3000000000000007,0.8999999999999986,1,0,0.03307097405195236,0.021620657294988632
1040,128,33,train,6.113,3.2,2.9130000000000003,0.47652543759201704,0.0,0.0,0,0.0,0.0,0.0,0,0,0.016442783176898956,0.00789229292422533
1042,228,33,train,10.815,6.999999999999999,3.8150000000000004,0.3527508090614887,1.3000000000000005,0.12020342117429501,4,0.3250000000000001,0.3500000000000003,0.5,0,0,0.019573723897337914,0.004986063577234745
1043,300,33,train,10.946,9.200000000000001,1.7459999999999987,0.15951032340581023,1.1999999999999993,0.10962908825141598,3,0.39999999999999974,0.2999999999999998,0.5999999999999996,1,0,0.025643829256296158,0.018847640603780746
1044,251,33,train,8.961,4.3999999999999995,4.561000000000001,0.5089833723914743,1.3000000000000005,0.14507309452070086,3,0.4333333333333335,0.20000000000000018,0.9000000000000004,1,0,0.020005932077765465,0.004817387089133263
1045,242,33,train,25.339,22.1,3.238999999999997,0.12782667035005318,0.40000000000000124,0.015785942618098632,2,0.20000000000000062,0.20000000000000062,0.3000000000000007,0,0,0.039493393152952194,0.023978160694241524
1046,104,33,train,7.263,6.3629999999999995,0.9000000000000004,0.12391573729863697,0.0,0.0,0,0.0,0.0,0.0,0,0,0.011338723823428154,0.00987999327480793
1048,250,33,train,17.189,13.689,3.5,0.20361859328640408,2.8000000000000007,0.1628948746291233,5,0.5600000000000002,0.3000000000000007,1.7000000000000002,1,1,0.01716233603656292,0.00957078393548727
1052,215,33,train,54.388,34.90000000000001,19.487999999999985,0.3583143340442742,18.39999999999999,0.3383099213061703,27,0.6814814814814811,0.5,3.6999999999999957,12,4,0.011336005292832851,0.007224528584629297
1054,128,34,train,20.663,19.2,1.463000000000001,0.07080288438271311,0.0,0.0,0,0.0,0.0,0.0,0,0,0.03504141420125961,0.031137224286794662
1055,242,34,train,21.264,16.0,5.263999999999999,0.2475545522949586,0.5999999999999996,0.028216704288939035,2,0.2999999999999998,0.2999999999999998,0.40000000000000036,0,0,0.034582410007715225,0.014715991914272308
1056,228,34,train,18.652,15.600000000000001,3.0519999999999996,0.16362856530130815,1.799999999999998,0.09650439631138741,4,0.4499999999999995,0.3999999999999999,0.7999999999999989,2,0,0.029291952028870583,0.013780256733298302
1058,104,34,train,7.733,5.4,2.3329999999999993,0.30169403853614374,0.20000000000000018,0.025863183757920623,1,0.20000000000000018,0.20000000000000018,0.20000000000000018,0,0,0.008174486458301544,0.006333017256110907
1061,191,34,train,21.029,17.7,3.3290000000000006,0.1583051975842884,2.6000000000000005,0.12363878453564128,8,0.32500000000000007,0.30000000000000027,0.5,0,0,0.030418360605835915,0.016064124181866646
1062,300,34,train,22.283,19.099999999999998,3.1830000000000034,0.14284432078265957,0.7000000000000011,0.0314140824844052,2,0.35000000000000053,0.35000000000000053,0.40000000000000036,0,0,0.035521499812603,0.030315091833472252
1063,250,34,train,32.471,25.10000000000001,7.370999999999988,0.2270025561270053,5.0999999999999925,0.15706322564750064,7,0.7285714285714275,0.5,1.8999999999999986,3,1,0.017877405509352684,0.008409081026911736
1064,215,34,train,10.241,0.0,10.241,1.0,0.0,0.0,0,0.0,0.0,0.0,0,0,0.004674076102674007,0.003765558823943138
1066,251,34,train,27.743,16.600000000000005,11.142999999999994,0.40165086688534024,8.099999999999996,0.29196554085715304,10,0.8099999999999996,0.6999999999999997,1.8000000000000007,6,2,0.02280740812420845,0.006202644668519497
1068,233,34,train,28.788,24.9,3.8880000000000017,0.13505627344726975,2.3000000000000007,0.07989440044462973,4,0.5750000000000002,0.5999999999999996,0.9000000000000021,2,0,0.03668730705976486,0.022804781794548035
1073,191,35,train,11.599,10.1,1.4990000000000006,0.1292352789033538,0.5999999999999996,0.05172859729287004,3,0.19999999999999987,0.20000000000000018,0.20000000000000018,0,0,0.03488725796341896,0.018844183534383774
1074,104,35,train,15.622,13.7,1.9220000000000006,0.12303162207143775,1.4000000000000004,0.08961720650364872,3,0.4666666666666668,0.40000000000000036,0.8000000000000007,1,0,0.01625000312924385,0.011108241975307465
1075,215,35,train,23.903,14.199999999999998,9.703000000000001,0.4059323097519141,6.3000000000000025,0.2635652428565453,9,0.7000000000000003,0.5999999999999979,1.4000000000000021,5,3,0.015776092186570168,0.008457785472273827
1077,251,35,train,25.862,19.699999999999992,6.162000000000006,0.23826463537236126,3.9000000000000075,0.150800402134406,9,0.4333333333333342,0.20000000000000107,1.9000000000000004,2,1,0.02642912045121193,0.014895705506205559
1078,300,35,train,18.783,16.2,2.583000000000002,0.13751796837565894,1.0,0.05323963158174945,2,0.5,0.5,0.5999999999999996,1,0,0.03820928558707237,0.029442336410284042
1080,242,35,train,28.317,23.4,4.917000000000002,0.17364127555885162,1.6000000000000023,0.056503160645548695,6,0.26666666666666705,0.25000000000000133,0.3999999999999986,0,0,0.03652624040842056,0.01922224462032318
1081,233,35,train,33.777,28.1,5.677,0.16807294904816886,3.3999999999999977,0.10066021257068412,9,0.37777777777777755,0.3999999999999986,0.6999999999999993,2,0,0.035548605024814606,0.021115213632583618
1083,228,35,train,35.292,29.600000000000005,5.691999999999997,0.16128301031395206,4.099999999999996,0.11617363708489165,12,0.34166666666666634,0.25000000000000044,1.3000000000000007,1,1,0.03034055233001709,0.014243691228330135
1084,250,35,train,46.29,38.3,7.990000000000002,0.1726074746165479,6.5000000000000036,0.14041909699719168,13,0.5000000000000002,0.5,1.2999999999999972,4,1,0.02024591527879238,0.010658232495188713
1087,233,36,train,34.378,30.2,4.178000000000001,0.12153121182151379,2.4999999999999982,0.0727209261737157,9,0.27777777777777757,0.20000000000000284,0.5,0,0,0.036028310656547546,0.021494179964065552
1091,300,36,train,8.072,6.9,1.1719999999999988,0.14519326065411287,0.09999999999999964,0.01238850346878093,1,0.09999999999999964,0.09999999999999964,0.09999999999999964,0,0,0.03426584228873253,0.02607811987400055
1093,215,36,train,19.436,15.999999999999996,3.4360000000000035,0.17678534677917285,2.600000000000002,0.13377238114838455,7,0.3714285714285717,0.3999999999999986,0.6999999999999997,2,0,0.010563735850155354,0.007038789801299572
1094,191,36,train,7.524,5.300000000000001,2.2239999999999993,0.29558745348219023,0.5999999999999996,0.0797448165869218,2,0.2999999999999998,0.2999999999999998,0.2999999999999998,0,0,0.02554054744541645,0.00940550584346056
1095,250,36,train,56.321,48.199999999999996,8.121000000000002,0.14419133183004568,6.400000000000006,0.11363434598107289,20,0.3200000000000003,0.29999999999999893,0.6000000000000014,2,0,0.02139366790652275,0.013098318129777908
1098,242,36,train,31.844,27.2,4.644000000000002,0.1458359502575054,2.0,0.06280618012812461,4,0.5,0.2999999999999994,1.3000000000000007,1,1,0.028630979359149933,0.014548690989613533
1099,104,36,train,13.401,12.399999999999999,1.0010000000000012,0.07469591821505867,0.4000000000000008,0.029848518767256235,2,0.2000000000000004,0.2000000000000004,0.3000000000000007,0,0,0.013998091220855713,0.00938481092453003
1101,251,36,train,25.574,17.700000000000003,7.873999999999999,0.30789082662078665,3.1999999999999993,0.12512708219285207,8,0.3999999999999999,0.2999999999999998,1.0,2,0,0.02515675686299801,0.012797008268535137
1103,228,36,train,28.97,24.66999999999999,4.300000000000008,0.14842940973420807,3.8000000000000087,0.13117017604418393,11,0.34545454545454624,0.39999999999999947,0.6000000000000014,2,0,0.03201776370406151,0.018040426075458527
1104,324,37,train,8.804,8.3,0.5039999999999996,0.05724670604270781,0.40000000000000036,0.045433893684688816,1,0.40000000000000036,0.40000000000000036,0.40000000000000036,0,0,0.019217321649193764,0.015043795108795166
1106,296,37,train,16.667,13.200000000000003,3.4669999999999987,0.20801583968320625,1.0999999999999974,0.06599868002639932,3,0.3666666666666658,0.3999999999999986,0.3999999999999999,0,0,0.0329749658703804,0.020839005708694458
1107,181,37,train,29.493,28.1,1.3929999999999971,0.04723154646865348,0.3000000000000007,0.01017190519784358,2,0.15000000000000036,0.15000000000000036,0.1999999999999993,0,0,0.0366540290415287,0.031884390860795975
1109,143,37,train,42.711,35.80000000000001,6.910999999999987,0.1618084334246444,4.79999999999999,0.11238322680339936,12,0.3999999999999992,0.3000000000000025,1.6999999999999993,1,1,0.04799109697341919,0.028486791998147964
1110,174,37,train,46.603,37.5,9.103000000000002,0.1953307726970367,7.299999999999999,0.15664227624831017,13,0.5615384615384614,0.3999999999999986,2.6999999999999993,3,1,0.020102083683013916,0.011219628155231476
1111,264,37,train,8.778,6.7,2.0780000000000003,0.23672818409660518,0.7999999999999998,0.09113693324219638,2,0.3999999999999999,0.3999999999999999,0.7000000000000002,1,0,0.028356820344924927,0.016526585444808006
1112,109,37,train,15.909,12.000000000000002,3.908999999999999,0.24570997548557413,1.9999999999999982,0.12571500408573752,5,0.39999999999999963,0.2999999999999998,1.0,1,0,0.02741210162639618,0.015452437102794647
1113,158,37,train,35.214,29.200000000000006,6.013999999999992,0.17078434713466215,2.599999999999998,0.0738342704606122,9,0.28888888888888864,0.20000000000000018,0.5999999999999996,1,0,0.028159406036138535,0.019363239407539368
1114,102,37,train,19.984,17.884,2.1000000000000014,0.1050840672538031,0.6000000000000001,0.0300240192153723,3,0.20000000000000004,0.1999999999999993,0.3000000000000007,0,0,0.03616810217499733,0.027704862877726555
1115,287,37,train,30.486,26.199999999999996,4.286000000000005,0.14058912287607442,2.400000000000002,0.07872466049990166,7,0.34285714285714314,0.40000000000000036,0.5,0,0,0.029942041262984276,0.019402245059609413
1116,110,37,train,13.088,11.0,2.087999999999999,0.15953545232273833,1.4,0.1069682151589242,4,0.35,0.24999999999999956,0.8000000000000007,1,0,0.030541542917490005,0.01592155359685421
1117,318,37,train,25.235,19.7,5.535,0.21933822072518327,2.0000000000000018,0.07925500297206269,4,0.5000000000000004,0.5000000000000009,0.5999999999999996,2,0,0.03847424313426018,0.02671823278069496
1119,135,37,train,18.521,16.000000000000004,2.5209999999999972,0.13611576048809443,1.7999999999999954,0.0971869769450891,6,0.2999999999999992,0.2499999999999991,0.5999999999999996,1,0,0.027362950146198273,0.018962670117616653
1120,167,37,train,17.764,17.064,0.6999999999999993,0.039405539292952,0.29999999999999893,0.016888088268407958,1,0.29999999999999893,0.29999999999999893,0.29999999999999893,0,0,0.02980879321694374,0.01735183224081993
1121,307,37,train,42.972,34.372,8.600000000000001,0.20013031741599183,7.700000000000004,0.17918644698873692,15,0.5133333333333335,0.6000000000000014,1.3000000000000007,8,1,0.023260394111275673,0.012080439366400242
1123,307,38,train,34.09,29.000000000000004,5.09,0.1493106482839542,3.3999999999999977,0.09973599295981218,9,0.37777777777777755,0.2999999999999998,1.0,2,0,0.02824978344142437,0.01613003760576248
1124,135,38,train,19.775,17.2,2.5749999999999993,0.13021491782553726,2.0000000000000036,0.10113780025284469,7,0.2857142857142862,0.20000000000000107,0.7000000000000011,1,0,0.029117144644260406,0.019337959587574005
1125,264,38,train,30.224,26.3,3.9239999999999995,0.12983059820010587,2.3999999999999995,0.07940709370037055,8,0.29999999999999993,0.34999999999999964,0.5,0,0,0.037246204912662506,0.025573071092367172
1126,287,38,train,53.708,49.59999999999999,4.108000000000011,0.07648767408952133,3.500000000000015,0.06516720041707036,16,0.21875000000000094,0.20000000000000284,0.39999999999999947,0,0,0.03427400439977646,0.02204560488462448
1127,110,38,train,36.677,31.477,5.199999999999999,0.14177822613627067,4.8,0.13087220874117295,17,0.2823529411764706,0.30000000000000027,0.5,0,0,0.026899605989456177,0.015982016921043396
1128,324,38,train,10.006,6.9,3.106,0.3104137517489506,1.2999999999999998,0.1299220467719368,3,0.4333333333333333,0.2999999999999998,0.7000000000000002,1,0,0.04072452336549759,0.011053825728595257
1129,143,38,train,59.821,55.099999999999994,4.721000000000004,0.07891877434345805,3.2000000000000064,0.05349292054629656,12,0.2666666666666672,0.25,0.5,0,0,0.04946216568350792,0.03544365614652634
1130,296,38,train,24.451,21.199999999999996,3.2510000000000048,0.13295979714531123,1.0000000000000036,0.04089812277616472,3,0.33333333333333454,0.3000000000000007,0.40000000000000213,0,0,0.03465138003230095,0.0294025931507349
1131,174,38,train,50.574,41.300000000000004,9.273999999999994,0.18337485664570716,7.900000000000001,0.1562067465496105,20,0.3950000000000001,0.3500000000000014,1.5999999999999996,3,1,0.023402711376547813,0.012645234353840351
1132,181,38,train,36.415,35.2,1.2149999999999963,0.03336537141287921,0.5,0.013730605519703419,3,0.16666666666666666,0.19999999999999574,0.20000000000000284,0,0,0.03857376053929329,0.03514368087053299
1134,167,38,train,17.424,16.5,0.9239999999999995,0.053030303030303004,0.39999999999999947,0.02295684113865929,2,0.19999999999999973,0.19999999999999973,0.20000000000000018,0,0,0.03135920688509941,0.019585341215133667
1135,318,38,train,36.023,26.4,9.623000000000005,0.2671348860450269,4.2,0.11659217722010937,11,0.38181818181818183,0.3000000000000007,0.7000000000000002,3,0,0.04188855364918709,0.026844490319490433
1136,158,38,train,60.526,55.59999999999999,4.926000000000016,0.08138651158179983,3.3000000000000114,0.054522023593166755,14,0.23571428571428651,0.1999999999999993,0.6000000000000014,1,0,0.03574599325656891,0.029180238023400307
1138,109,38,train,22.806,19.5,3.306000000000001,0.14496185214417262,1.5999999999999996,0.07015697623432428,7,0.2285714285714285,0.1999999999999993,0.5,0,0,0.03136826306581497,0.01806287281215191
1139,102,38,train,25.392,22.8,2.5919999999999987,0.10207939508506611,1.0999999999999988,0.04332073093887834,5,0.21999999999999975,0.20000000000000018,0.3999999999999999,0,0,0.03753781318664551,0.03373446315526962
1141,264,39,train,12.879,11.179,1.6999999999999993,0.1319978259181613,0.9999999999999991,0.07764577995185955,2,0.49999999999999956,0.49999999999999956,0.6999999999999993,1,0,0.0289410762488842,0.019561342895030975
1142,287,39,train,47.543,44.3,3.243000000000002,0.0682119344593316,2.6000000000000068,0.05468733567507324,12,0.21666666666666723,0.1999999999999975,0.5,0,0,0.032823022454977036,0.02355024591088295
1143,307,39,train,43.155,35.599999999999994,7.555000000000007,0.17506662032209494,5.900000000000002,0.13671648708145062,13,0.453846153846154,0.40000000000000036,1.3999999999999986,3,1,0.027738429605960846,0.01369350217282772
1144,318,39,train,45.976,36.79999999999999,9.176000000000009,0.19958239081259807,7.000000000000008,0.1522533495736908,13,0.5384615384615391,0.40000000000000036,1.2999999999999998,6,2,0.040836650878190994,0.028831273317337036
1145,167,39,train,14.551,13.0,1.5510000000000002,0.10659061232904955,0.40000000000000036,0.027489519620644654,1,0.40000000000000036,0.40000000000000036,0.40000000000000036,0,0,0.030265813693404198,0.018648210912942886
1147,324,39,train,8.961,6.6000000000000005,2.3609999999999998,0.2634750585872112,0.2999999999999998,0.03347840642785401,1,0.2999999999999998,0.2999999999999998,0.2999999999999998,0,0,0.022904835641384125,0.018831701949238777
1148,296,39,train,15.726,13.599999999999998,2.126000000000003,0.13519013099325974,0.9000000000000021,0.05723006486074031,3,0.3000000000000007,0.20000000000000107,0.5,0,0,0.04210417717695236,0.0266465712338686
1150,181,39,train,33.986,31.400000000000002,2.585999999999995,0.07609015476961087,0.5999999999999961,0.017654328252809867,4,0.14999999999999902,0.14999999999999947,0.1999999999999993,0,0,0.03527184948325157,0.02611663192510605
1151,158,39,train,58.802,52.3,6.5020000000000024,0.11057447025611378,3.900000000000004,0.06632427468453461,14,0.27857142857142886,0.20000000000000284,0.5999999999999996,1,0,0.03325365111231804,0.022376643493771553
1152,135,39,train,18.678,15.9,2.7780000000000005,0.14873112752971412,1.5000000000000004,0.08030838419531001,5,0.3000000000000001,0.3000000000000007,0.5,0,0,0.029917296022176743,0.014996579848229885
1153,109,39,train,14.525,12.6,1.9250000000000007,0.13253012048192775,0.2999999999999994,0.02065404475043025,2,0.1499999999999997,0.1499999999999997,0.19999999999999973,0,0,0.030902743339538574,0.016495903953909874
1154,143,39,train,60.526,55.600000000000016,4.925999999999988,0.08138651158179935,3.899999999999987,0.06443511879192391,17,0.2294117647058816,0.1999999999999993,0.3999999999999986,0,0,0.04414520412683487,0.02973209321498871
1155,264,39,train,12.879,11.179,1.6999999999999993,0.1319978259181613,0.9999999999999991,0.07764577995185955,2,0.49999999999999956,0.49999999999999956,0.6999999999999993,1,0,0.0289410762488842,0.019561342895030975
1156,110,39,train,25.209,24.099999999999998,1.1090000000000018,0.04399222499900836,0.3000000000000007,0.011900511722004075,2,0.15000000000000036,0.15000000000000036,0.1999999999999993,0,0,0.026551952585577965,0.016573620960116386
1158,174,39,train,47.282,38.90000000000001,8.381999999999984,0.177276764942261,6.19999999999999,0.1311281248678142,16,0.3874999999999994,0.25000000000000155,1.5999999999999996,2,1,0.02282097563147545,0.011574439704418182
1159,102,39,train,32.183,28.399999999999995,3.783000000000005,0.1175465307771185,3.1000000000000028,0.09632414628841322,11,0.2818181818181821,0.2999999999999998,0.5,0,0,0.036657895892858505,0.024398256093263626
1160,189,4,train,54.727,48.09999999999999,6.6270000000000095,0.12109196557457946,6.1000000000000165,0.11146234948014722,15,0.4066666666666678,0.3999999999999986,1.0,4,0,0.03473620116710663,0.027989089488983154
1163,164,4,train,24.686,21.599999999999998,3.086000000000002,0.12501012719760196,1.4000000000000017,0.056712306570525874,4,0.3500000000000004,0.40000000000000013,0.5,0,0,0.035857539623975754,0.03007415682077408
1164,101,4,train,16.014,13.0,3.0139999999999993,0.18821031597352314,1.200000000000001,0.07493443237167485,3,0.40000000000000036,0.40000000000000036,0.5,0,0,0.025502551347017288,0.011406621895730495
1165,232,4,train,21.761,18.700000000000003,3.0609999999999964,0.14066449152152918,1.0999999999999979,0.050549147557557,6,0.183333333333333,0.1999999999999993,0.29999999999999893,0,0,0.020963476970791817,0.010886095464229584
1168,315,4,train,53.029,38.9,14.129000000000005,0.26643911821833344,11.000000000000002,0.2074336683701371,16,0.6875000000000001,0.6999999999999993,2.299999999999997,9,4,0.01917576789855957,0.009792896918952465
1169,323,4,train,44.905,35.899999999999984,9.005000000000017,0.200534461641243,6.500000000000014,0.14475002783654412,17,0.38235294117647145,0.3000000000000007,1.0999999999999979,3,1,0.028770877048373222,0.013826200738549232
1170,154,4,train,23.903,16.7,7.202999999999999,0.30134292766598336,5.6000000000000005,0.23428021587248465,10,0.56,0.3999999999999999,1.4000000000000021,4,2,0.022174464538693428,0.008374951779842377
1171,147,4,train,36.311,34.199999999999996,2.111000000000004,0.05813665280493526,0.10000000000000142,0.0027539863953072465,1,0.10000000000000142,0.10000000000000142,0.10000000000000142,0,0,0.03976583480834961,0.03059712052345276
1174,180,4,train,38.166,31.899999999999995,6.266000000000002,0.16417754021904318,4.100000000000005,0.10742545721322658,10,0.4100000000000005,0.34999999999999964,0.9000000000000021,3,0,0.03221661224961281,0.02261403389275074
1175,295,4,train,24.086,18.2,5.885999999999999,0.24437432533421904,3.0,0.12455368263721665,4,0.75,0.6999999999999997,1.0000000000000009,4,1,0.10934726893901825,0.07258625328540802
1176,249,4,train,4.624,0.40000000000000013,4.223999999999999,0.9134948096885812,0.0,0.0,0,0.0,0.0,0.0,0,0,0.02296077087521553,0.015757957473397255
1178,103,4,train,18.312,16.6,1.7119999999999997,0.09349060725207513,0.9000000000000004,0.04914809960681522,4,0.2250000000000001,0.25,0.3000000000000007,0,0,0.030882833525538445,0.01487851981073618
1179,235,4,train,7.472,6.6,0.8720000000000008,0.11670235546038554,0.19999999999999973,0.026766595289079192,1,0.19999999999999973,0.19999999999999973,0.19999999999999973,0,0,0.016784273087978363,0.011184465140104294
1180,219,4,train,52.246,40.90000000000002,11.345999999999982,0.2171649504268266,10.599999999999982,0.20288634536615208,25,0.42399999999999927,0.3000000000000007,0.8999999999999986,9,0,0.06962530314922333,0.038894280791282654
1181,137,4,train,33.516,27.899999999999995,5.616000000000003,0.16756176154672406,4.900000000000005,0.14619883040935688,11,0.4454545454545459,0.3999999999999986,0.8000000000000007,5,0,0.03277330473065376,0.018830502405762672
1182,138,4,train,52.951,42.699999999999996,10.251000000000005,0.19359407754338925,7.500000000000007,0.1416403845064306,14,0.5357142857142863,0.3500000000000032,1.2999999999999972,5,1,0.027409784495830536,0.01615605317056179
1183,157,4,train,0.628,0.09999999999999998,0.528,0.8407643312101911,0.0,0.0,0,0.0,0.0,0.0,0,0,0.005153057165443897,0.002506677759811282
1185,258,4,train,56.765,49.50000000000001,7.2649999999999935,0.12798379283008884,5.899999999999995,0.10393728529903981,17,0.3470588235294115,0.3000000000000007,0.7999999999999972,2,0,0.03494497388601303,0.02432439848780632
1186,3,4,train,21.552,16.8,4.751999999999999,0.22048997772828502,2.1999999999999993,0.10207869339272455,5,0.43999999999999984,0.2999999999999998,1.0999999999999996,1,1,0.051489878445863724,0.029607057571411133
1187,247,4,train,28.082,21.100000000000005,6.981999999999996,0.24862901502741955,2.9999999999999964,0.10682999786339992,12,0.2499999999999997,0.19999999999999973,0.5,0,0,0.029206274077296257,0.013111526146531105
1188,181,40,train,37.251,34.79999999999999,2.4510000000000076,0.06579689135862145,0.5000000000000071,0.013422458457491265,5,0.10000000000000142,0.10000000000000142,0.10000000000000142,0,0,0.03579925000667572,0.03408339247107506
1189,158,40,train,55.223,48.8,6.423000000000002,0.11631023305506767,4.1999999999999975,0.07605526682722774,10,0.41999999999999976,0.3000000000000007,0.8999999999999986,2,0,0.0376405343413353,0.03023555502295494
1190,264,40,train,25.836,21.6,4.235999999999997,0.1639572689270784,2.7999999999999985,0.1083759095835268,6,0.4666666666666664,0.5000000000000002,0.6999999999999993,3,0,0.035733457654714584,0.027082914486527443
1191,167,40,train,16.85,15.4,1.450000000000001,0.08605341246290807,0.0,0.0,0,0.0,0.0,0.0,0,0,0.030355190858244896,0.018101036548614502
1192,135,40,train,14.002,11.2,2.8020000000000014,0.20011426939008722,0.8999999999999997,0.06427653192401082,4,0.22499999999999992,0.19999999999999984,0.40000000000000036,0,0,0.0219587255269289,0.011301559396088123
1193,102,40,train,20.037,18.699999999999996,1.3370000000000033,0.06672655587163764,0.5000000000000018,0.024953835404501763,2,0.2500000000000009,0.2500000000000009,0.3000000000000007,0,0,0.038065314292907715,0.02575194090604782
1194,296,40,train,19.828,18.9,0.9280000000000008,0.04680250151301195,0.40000000000000213,0.020173492031470754,2,0.20000000000000107,0.20000000000000107,0.3000000000000007,0,0,0.03416028618812561,0.03000481240451336
1196,307,40,train,57.078,46.39999999999999,10.678000000000011,0.1870773327726972,9.300000000000002,0.1629349311468517,21,0.44285714285714295,0.3999999999999986,1.0,7,0,0.02688029035925865,0.013594728894531727
1197,174,40,train,35.449,28.5,6.948999999999998,0.19602809670230467,4.8,0.13540579423961183,10,0.48,0.4500000000000002,1.1000000000000014,3,1,0.018661705777049065,0.010766599327325821
1198,324,40,train,7.446,6.2,1.2459999999999996,0.16733816814396987,0.0,0.0,0,0.0,0.0,0.0,0,0,0.022443782538175583,0.0194197166711092
1199,143,40,train,57.366,50.099999999999994,7.266000000000005,0.1266603911724716,5.400000000000006,0.09413241292751814,21,0.2571428571428574,0.20000000000000284,0.5,0,0,0.04358862712979317,0.030889470130205154
1200,110,40,train,27.246,23.9,3.346,0.12280701754385966,2.8999999999999986,0.10643764222271154,6,0.4833333333333331,0.40000000000000036,1.1999999999999993,2,1,0.02722865156829357,0.018304096534848213
1201,318,40,train,25.104,17.000000000000004,8.103999999999996,0.3228170809432758,4.099999999999995,0.16332058636073915,10,0.40999999999999953,0.34999999999999787,0.9000000000000004,3,0,0.033198561519384384,0.01675453409552574
1203,109,40,train,28.944,25.499999999999996,3.4440000000000026,0.11898839137645117,1.400000000000003,0.04836926478717534,8,0.17500000000000038,0.15000000000000036,0.3999999999999986,0,0,0.029672205448150635,0.017299681901931763
1205,110,41,train,33.072,25.79999999999999,7.272000000000013,0.2198838896952108,6.000000000000007,0.18142235123367217,17,0.35294117647058865,0.3000000000000007,1.0,3,0,0.01958662085235119,0.008956922218203545
1206,324,41,train,5.512,2.8000000000000003,2.7119999999999993,0.49201741654571834,0.8999999999999998,0.16328011611030477,2,0.4499999999999999,0.4499999999999999,0.4999999999999999,0,0,0.033439911901950836,0.0008093015057966113
1207,307,41,train,59.638,50.20000000000001,9.437999999999988,0.15825480398403682,8.299999999999986,0.13917301049666297,19,0.4368421052631572,0.3999999999999986,1.0,6,0,0.032017096877098083,0.018471479415893555
1208,109,41,train,11.286,9.399999999999999,1.886000000000001,0.16710969342548299,0.8999999999999995,0.0797448165869218,3,0.2999999999999998,0.29999999999999893,0.40000000000000036,0,0,0.042217791080474854,0.022641343995928764
1209,264,41,train,20.272,16.300000000000004,3.971999999999994,0.19593528018942358,2.799999999999998,0.1381215469613259,5,0.5599999999999996,0.5999999999999996,0.7999999999999998,3,0,0.03109217993915081,0.02328469417989254
1210,296,41,train,15.596,13.796,1.8000000000000007,0.11541420877147991,1.7000000000000002,0.10900230828417544,7,0.24285714285714288,0.20000000000000107,0.40000000000000036,0,0,0.03342953696846962,0.028639480471611023
1211,158,41,train,60.526,55.6,4.926000000000002,0.08138651158179959,4.599999999999999,0.07600039652380793,11,0.41818181818181804,0.29999999999999716,1.1000000000000014,3,1,0.03884686902165413,0.02999783307313919
1214,135,41,train,18.025,14.6,3.424999999999999,0.19001386962552005,3.0999999999999996,0.17198335644937587,7,0.4428571428571428,0.3999999999999986,1.0,2,0,0.02595660276710987,0.014398716390132904
1215,102,41,train,35.24,29.699999999999996,5.540000000000006,0.1572077185017028,4.000000000000002,0.11350737797956871,10,0.4000000000000002,0.3000000000000007,0.9000000000000004,2,0,0.03684277459979057,0.029557906091213226
1216,167,41,train,12.357,11.257000000000001,1.0999999999999979,0.0890183701545681,0.7999999999999972,0.06474063283968579,4,0.1999999999999993,0.1999999999999993,0.29999999999999893,0,0,0.02974286675453186,0.01802142523229122
1218,181,41,train,32.601,28.8,3.8009999999999984,0.11659151559768101,1.9999999999999982,0.06134781141682765,7,0.2857142857142855,0.1999999999999993,0.6999999999999997,1,0,0.037214551120996475,0.029426926746964455
1219,143,41,train,36.624,33.10000000000001,3.523999999999994,0.09622105723023136,2.6999999999999926,0.07372214941022259,12,0.2249999999999994,0.1999999999999993,0.40000000000000036,0,0,0.050631120800971985,0.04040958732366562
1220,174,41,train,47.961,36.49999999999999,11.461000000000006,0.23896499238965005,9.800000000000008,0.2043326869748339,17,0.5764705882352946,0.5,1.5,6,1,0.02110949344933033,0.012045331299304962
1221,318,41,train,53.578,36.29999999999999,17.278000000000013,0.3224831087386616,14.20000000000001,0.2650341558102208,20,0.7100000000000005,0.7500000000000018,1.3000000000000007,13,5,0.038268912583589554,0.020154666155576706
1222,66,42,train,23.824,20.799999999999997,3.0240000000000045,0.12693082605775707,1.3000000000000043,0.05456682337139037,5,0.26000000000000084,0.20000000000000284,0.5999999999999996,1,0,0.03060559555888176,0.020517155528068542
1223,262,42,train,60.526,47.000000000000014,13.52599999999999,0.2234742094306577,12.699999999999989,0.2098271817070348,26,0.488461538461538,0.399999999999999,1.1999999999999993,10,1,0.08037557452917099,0.03967590630054474
1224,187,42,train,29.832,23.000000000000004,6.831999999999997,0.2290158219361758,4.899999999999997,0.16425315097881457,11,0.44545454545454516,0.3000000000000007,1.1000000000000014,4,1,0.024033023044466972,0.010533738881349564
1227,14,42,train,56.503,48.19999999999999,8.303000000000011,0.1469479496663896,7.100000000000008,0.12565704475868553,22,0.3227272727272731,0.3000000000000007,0.7000000000000011,3,0,0.028586309403181076,0.01383437030017376
1228,195,42,train,29.78,25.9,3.8800000000000026,0.1302887844190733,2.700000000000003,0.09066487575554072,8,0.33750000000000036,0.3000000000000007,0.6999999999999993,1,0,0.03598180040717125,0.02303275093436241
1229,122,42,train,58.985,52.08500000000001,6.8999999999999915,0.11697889293888263,6.299999999999991,0.10680681529202324,13,0.4846153846153839,0.5,0.6999999999999993,6,0,0.03413964435458183,0.01936854049563408
1230,62,42,train,13.375,11.875,1.5,0.11214953271028037,1.100000000000001,0.08224299065420568,3,0.366666666666667,0.40000000000000036,0.40000000000000036,0,0,0.02736208401620388,0.014591775834560394
1231,141,42,train,52.063,37.8,14.263000000000005,0.27395655263815,7.8000000000000025,0.14981848913815957,21,0.37142857142857155,0.3000000000000007,0.8000000000000007,5,0,0.02137218788266182,0.007999258115887642
1232,155,42,train,52.037,39.900000000000006,12.136999999999993,0.23323788842554324,11.099999999999998,0.21330976036281873,15,0.7399999999999999,0.5,2.1000000000000005,7,3,0.02988172508776188,0.019509539008140564
1233,226,42,train,57.026,52.8,4.226000000000006,0.07410654789043604,3.999999999999999,0.07014344334163362,12,0.33333333333333326,0.3000000000000007,0.6000000000000014,2,0,0.023828892037272453,0.014477910473942757
1235,43,42,train,15.648,11.3,4.347999999999999,0.2778629856850715,3.2,0.20449897750511248,5,0.64,0.5,1.7000000000000002,2,1,0.03541861101984978,0.011870126239955425
1236,71,42,train,18.26,13.3,4.960000000000001,0.27163198247535597,2.0999999999999988,0.11500547645125951,4,0.5249999999999997,0.39999999999999947,1.1000000000000005,1,1,0.026561496779322624,0.014689000323414803
1237,62,42,train,13.375,11.875,1.5,0.11214953271028037,1.100000000000001,0.08224299065420568,3,0.366666666666667,0.40000000000000036,0.40000000000000036,0,0,0.02736208401620388,0.014591775834560394
1238,156,42,train,47.23,40.900000000000006,6.329999999999991,0.13402498412026237,2.2999999999999967,0.048697861528689323,8,0.2874999999999996,0.19999999999999973,0.8000000000000007,1,0,0.03440723568201065,0.02227509580552578
1239,52,42,train,8.987,6.799999999999999,2.187000000000001,0.2433515077333928,0.7000000000000002,0.07789028596862137,1,0.7000000000000002,0.7000000000000002,0.7000000000000002,1,0,0.029430627822875977,0.019134914502501488
1241,178,42,train,16.092,13.3,2.791999999999998,0.1735023614218244,1.5999999999999996,0.09942828734775042,3,0.5333333333333332,0.6999999999999993,0.6999999999999993,2,0,0.03275444731116295,0.027898933738470078
1242,187,42,train,19.645,14.9,4.744999999999999,0.24153728684143544,2.2,0.111987783150929,3,0.7333333333333334,0.7000000000000002,1.0,2,0,0.028226086869835854,0.014901692047715187
1244,120,42,train,17.085,11.299999999999999,5.785000000000002,0.3386011120866258,1.700000000000001,0.09950248756218912,3,0.566666666666667,0.40000000000000036,0.9000000000000004,1,0,0.025215569883584976,0.01154586486518383
1245,20,42,train,38.218,30.7,7.518000000000004,0.19671359045475964,6.300000000000002,0.16484379088387674,17,0.3705882352941177,0.3999999999999986,0.6000000000000014,2,0,0.07887957990169525,0.06293214112520218
1246,66,42,train,23.824,20.799999999999997,3.0240000000000045,0.12693082605775707,1.3000000000000043,0.05456682337139037,5,0.26000000000000084,0.20000000000000284,0.5999999999999996,1,0,0.03060559555888176,0.020517155528068542
1248,156,43,train,58.306,47.0,11.305999999999997,0.19390800260693578,8.199999999999996,0.1406373272047473,17,0.4823529411764703,0.3999999999999986,1.1999999999999993,6,1,0.03383318707346916,0.022162413224577904
1250,141,43,train,60.526,52.100000000000016,8.425999999999988,0.13921290024121843,4.899999999999984,0.08095694412318646,17,0.28823529411764615,0.29999999999999716,0.7000000000000011,1,0,0.028186708688735962,0.014283853583037853
1253,120,43,train,24.817,21.300000000000004,3.516999999999996,0.1417173711568681,1.299999999999998,0.052383446830801386,5,0.2599999999999996,0.20000000000000018,0.5,0,0,0.029509346932172775,0.020004969090223312
1254,262,43,train,52.298,43.0,9.298000000000002,0.1777888255765039,7.000000000000002,0.13384833072010405,12,0.5833333333333335,0.5999999999999996,1.0,7,0,0.08113875985145569,0.05432524532079697
1255,226,43,train,56.582,51.69999999999999,4.882000000000012,0.08628185642077008,3.9000000000000106,0.06892651373228253,14,0.2785714285714293,0.20000000000000284,0.6000000000000014,1,0,0.02619723416864872,0.017616111785173416
1256,178,43,train,28.448,23.200000000000003,5.2479999999999976,0.1844769403824521,3.6999999999999997,0.13006186726659166,9,0.4111111111111111,0.5,0.7000000000000011,3,0,0.033732444047927856,0.025611715391278267
1257,195,43,train,38.322,33.20000000000001,5.121999999999993,0.1336569072595374,3.1999999999999904,0.08350294869787564,9,0.3555555555555545,0.2999999999999998,0.8999999999999986,2,0,0.03660127893090248,0.026273353025317192
1258,20,43,train,50.626,44.2,6.425999999999995,0.1269308260577568,5.699999999999994,0.11259036858531178,18,0.3166666666666663,0.3000000000000025,0.5,0,0,0.08603466302156448,0.08080951869487762
1260,62,43,train,25.81,20.400000000000006,5.409999999999993,0.2096086788066638,2.399999999999996,0.09298721425803937,6,0.3999999999999993,0.39999999999999947,0.6999999999999993,1,0,0.028586510568857193,0.01146165281534195
1261,71,43,train,28.97,25.369999999999997,3.6000000000000014,0.12426648256817403,2.0000000000000036,0.06903693476009677,10,0.20000000000000034,0.1999999999999993,0.5,0,0,0.030238602310419083,0.026967493817210197
1262,52,43,train,23.014,19.300000000000004,3.713999999999995,0.1613800295472319,2.9999999999999964,0.1303554358216736,8,0.37499999999999956,0.29999999999999893,1.0,2,0,0.03320777416229248,0.02168065495789051
1263,66,43,train,55.641,51.2,4.440999999999995,0.07981524415449032,3.099999999999996,0.05571431138908352,12,0.258333333333333,0.20000000000000195,0.4000000000000057,0,0,0.037014130502939224,0.029593314975500107
1265,155,43,train,54.074,46.30000000000001,7.773999999999987,0.14376595036431533,5.89999999999999,0.10910973850649092,13,0.45384615384615307,0.3999999999999986,0.9000000000000004,5,0,0.03478943929076195,0.023478824645280838
1266,122,43,train,59.403,53.09999999999998,6.303000000000019,0.10610575223473594,5.400000000000019,0.09090449977273907,13,0.41538461538461685,0.40000000000000036,0.7000000000000028,4,0,0.0359746478497982,0.02438570186495781
1267,14,43,train,59.743,56.29999999999999,3.443000000000012,0.05763018261553675,2.1000000000000076,0.03515056157206715,12,0.17500000000000063,0.19999999999999973,0.29999999999999716,0,0,0.03248313441872597,0.017198193818330765
1268,187,43,train,21.081,18.1,2.980999999999998,0.14140695412931067,0.4999999999999991,0.023718039941179218,3,0.16666666666666638,0.1999999999999993,0.20000000000000018,0,0,0.03915070369839668,0.02651568502187729
1269,187,43,train,28.004,21.599999999999998,6.4040000000000035,0.22868161691186983,3.400000000000004,0.1214112269675762,9,0.3777777777777782,0.20000000000000018,0.8000000000000007,4,0,0.036053743213415146,0.017710896208882332
1270,43,43,train,13.61,10.500000000000002,3.1099999999999977,0.2285084496693606,0.7999999999999989,0.058780308596620055,3,0.26666666666666633,0.2999999999999998,0.39999999999999947,0,0,0.06103858724236488,0.041920412331819534
1272,71,44,train,11.442,9.5,1.9420000000000002,0.16972557245236847,0.5999999999999996,0.05243838489774512,2,0.2999999999999998,0.2999999999999998,0.3000000000000007,0,0,0.026962168514728546,0.023987431079149246
1273,156,44,train,53.891,49.699999999999996,4.1910000000000025,0.07776808743574999,0.8000000000000007,0.014844779276688144,4,0.20000000000000018,0.1999999999999993,0.3000000000000007,0,0,0.03561751917004585,0.026307951658964157
1274,262,44,train,39.602,28.899999999999995,10.702000000000002,0.2702388768244029,7.900000000000003,0.1994848745012879,16,0.4937500000000002,0.40000000000000036,1.2999999999999998,4,1,0.0666535347700119,0.029446423053741455
1276,52,44,train,8.673,5.900000000000001,2.772999999999999,0.31972789115646244,1.4999999999999993,0.17295053614666198,5,0.2999999999999999,0.20000000000000018,0.5999999999999996,1,0,0.019888335838913918,0.009282208047807217
1277,122,44,train,57.862,51.300000000000004,6.561999999999998,0.11340776329888351,5.099999999999997,0.08814074867788871,13,0.3923076923076921,0.3999999999999986,0.7000000000000028,3,0,0.033160172402858734,0.022745877504348755
1280,71,44,train,11.442,9.5,1.9420000000000002,0.16972557245236847,0.5999999999999996,0.05243838489774512,2,0.2999999999999998,0.2999999999999998,0.3000000000000007,0,0,0.026962168514728546,0.023987431079149246
1282,14,44,train,38.923,32.899999999999984,6.0230000000000175,0.15474141253243628,3.4000000000000137,0.08735195128844163,11,0.30909090909091036,0.29999999999999716,0.6000000000000014,2,0,0.030245965346693993,0.016005754470825195
1283,43,44,train,4.232,2.4000000000000004,1.8319999999999999,0.4328922495274102,0.0,0.0,0,0.0,0.0,0.0,0,0,0.09105456620454788,0.007702665403485298
1284,62,44,train,18.521,15.0,3.521000000000001,0.19010852545758872,1.3999999999999986,0.07558987095729164,4,0.34999999999999964,0.34999999999999964,0.5,0,0,0.026458000764250755,0.012172656133770943
1285,178,44,train,17.659,13.700000000000003,3.958999999999996,0.22419163033014305,2.1999999999999984,0.12458236593238567,6,0.3666666666666664,0.34999999999999964,0.5999999999999996,1,0,0.031385231763124466,0.02419721893966198
1286,195,44,train,21.682,17.9,3.782,0.1744304030993451,1.8000000000000007,0.08301817175537315,5,0.36000000000000015,0.3000000000000007,0.6999999999999993,1,0,0.031016694381833076,0.01914784125983715
1287,66,44,train,45.062,37.36199999999999,7.70000000000001,0.17087568239314746,6.800000000000008,0.1509032000355068,15,0.45333333333333387,0.3999999999999986,1.0,4,0,0.026934374123811722,0.017853332683444023
1288,226,44,train,54.675,43.57500000000001,11.099999999999987,0.20301783264746207,10.799999999999988,0.19753086419753066,17,0.6352941176470581,0.29999999999999716,4.5,5,2,0.019267821684479713,0.010767053812742233
1290,20,44,train,41.196,32.99599999999999,8.20000000000001,0.19904845130595228,7.700000000000007,0.18691135061656491,16,0.48125000000000046,0.5499999999999998,0.7999999999999972,8,0,0.07864612340927124,0.0623549222946167
1291,141,44,train,46.838,32.6,14.238,0.30398394466031853,10.499999999999998,0.2241769503394679,20,0.5249999999999999,0.5,1.7000000000000028,6,2,0.021402660757303238,0.007235230877995491
1292,155,44,train,49.189,36.00000000000001,13.188999999999993,0.26812905324361125,11.299999999999994,0.22972615828742185,14,0.8071428571428567,0.6499999999999977,1.9000000000000004,8,5,0.0316682830452919,0.021756306290626526
1293,187,44,train,15.7,11.5,4.199999999999999,0.2675159235668789,1.1999999999999997,0.07643312101910826,3,0.3999999999999999,0.5,0.5999999999999996,1,0,0.03365141898393631,0.015531528741121292
1295,120,44,train,21.656,17.599999999999998,4.056000000000001,0.1872922053934245,2.300000000000001,0.106206132249723,7,0.32857142857142874,0.20000000000000107,0.9000000000000004,1,0,0.027876777574419975,0.014911266043782234
1296,155,45,train,58.672,52.772000000000006,5.8999999999999915,0.10055904008726466,5.399999999999988,0.09203708753749638,12,0.449999999999999,0.34999999999999964,1.1999999999999993,3,1,0.03742665797472,0.027936669066548347
1297,14,45,train,52.063,47.062999999999995,5.000000000000007,0.09603749303728189,4.000000000000006,0.07682999442982552,14,0.28571428571428614,0.25,0.6000000000000014,1,0,0.03253885731101036,0.02080816775560379
1298,43,45,train,18.652,15.0,3.652000000000001,0.19579669740510405,3.2,0.17156337122024448,7,0.4571428571428572,0.40000000000000036,0.7000000000000011,2,0,0.034215543419122696,0.013681534677743912
1299,20,45,train,39.8378125,31.900000000000006,7.937812499999993,0.1992532220487757,6.19999999999999,0.15563103521309035,14,0.44285714285714217,0.4499999999999993,0.7999999999999998,5,0,0.08140567690134048,0.06942590326070786
1300,71,45,train,25.783,21.0,4.783000000000001,0.18550983205988447,3.600000000000001,0.13962688593259126,11,0.3272727272727274,0.3000000000000007,0.7999999999999989,1,0,0.025270091369748116,0.017608942463994026
1301,178,45,train,20.716,17.200000000000003,3.5159999999999982,0.16972388491986862,1.699999999999998,0.0820621741648966,5,0.3399999999999996,0.2999999999999998,0.6999999999999993,1,0,0.03336469829082489,0.029450003057718277
1302,187,45,train,18.704,17.3,1.404,0.07506415739948673,0.7999999999999998,0.04277159965782719,6,0.1333333333333333,0.10000000000000009,0.20000000000000107,0,0,0.04682833328843117,0.02888435125350952
1303,195,45,train,43.939,40.400000000000006,3.5389999999999944,0.08054348073465474,2.8999999999999906,0.06600059172944288,10,0.28999999999999904,0.2500000000000018,0.6999999999999993,1,0,0.03788672387599945,0.027123132720589638
1306,52,45,train,21.317,17.2,4.117000000000001,0.19313224187268382,2.1999999999999993,0.10320401557442413,7,0.31428571428571417,0.3000000000000007,0.5999999999999996,1,0,0.02900066040456295,0.01983950287103653
1309,262,45,train,48.562,38.4,10.161999999999999,0.20925826778139284,8.499999999999998,0.17503397718380623,19,0.4473684210526316,0.3000000000000007,1.3999999999999986,5,1,0.08509398996829987,0.04750999063253403
1310,66,45,train,26.933,22.900000000000006,4.032999999999994,0.14974195225188408,3.099999999999996,0.11510043441131683,6,0.516666666666666,0.4499999999999993,1.0,2,0,0.030648289248347282,0.02378631755709648
1311,141,45,train,59.717,48.49999999999998,11.21700000000002,0.1878359596094918,9.000000000000016,0.15071085285597094,21,0.4285714285714293,0.30000000000000426,1.0,6,0,0.028728865087032318,0.014252696186304092
1312,122,45,train,57.313,50.7,6.6129999999999995,0.11538394430582938,5.199999999999998,0.09072985186606874,14,0.37142857142857133,0.3500000000000014,0.6999999999999993,2,0,0.03481694683432579,0.022510655224323273
1313,120,45,train,26.541,21.5,5.041,0.18993255717569046,2.899999999999998,0.10926491089258122,9,0.322222222222222,0.1999999999999993,0.8999999999999986,2,0,0.02735230326652527,0.014590172097086906
1314,226,45,train,55.38,47.9,7.480000000000004,0.13506681112314922,5.800000000000004,0.1047309498013724,14,0.4142857142857146,0.3999999999999986,1.2000000000000028,4,1,0.022743910551071167,0.014242688193917274
1315,156,45,train,55.459,47.599999999999994,7.859000000000009,0.1417082890062931,3.900000000000002,0.070322220018392,11,0.3545454545454547,0.3000000000000007,0.7000000000000011,2,0,0.036424968391656876,0.025547754019498825
1319,84,46,train,13.036,10.7,2.3360000000000003,0.17919607241485122,1.0999999999999996,0.08438171218165079,2,0.5499999999999998,0.5499999999999998,0.5999999999999996,1,0,0.022455936297774315,0.011106043122708797
1320,331,46,train,58.802,47.799999999999976,11.002000000000024,0.18710247950750014,8.700000000000024,0.14795415121934669,21,0.4142857142857154,0.3999999999999986,1.0000000000000018,5,1,0.018939848989248276,0.01019903551787138
1321,318,46,train,13.924,9.1,4.824,0.3464521689169779,0.40000000000000036,0.028727377190462536,2,0.20000000000000018,0.20000000000000018,0.3000000000000007,0,0,0.02915162593126297,0.011368131265044212
1324,76,46,train,31.635,24.3,7.335000000000001,0.2318634423897582,6.100000000000001,0.19282440335071918,15,0.4066666666666668,0.3000000000000007,1.2000000000000002,4,1,0.02446979098021984,0.014767037704586983
1325,44,46,train,27.272,22.672000000000004,4.599999999999994,0.1686711645643882,3.7999999999999954,0.13933704898797286,13,0.29230769230769194,0.1999999999999993,0.8000000000000007,2,0,0.028463825583457947,0.015420209616422653
1326,290,46,train,23.668,20.300000000000004,3.367999999999995,0.14230184214973784,1.7999999999999976,0.07605205340544184,6,0.2999999999999996,0.2999999999999985,0.5,0,0,0.03303375467658043,0.01744510792195797
1327,203,46,train,37.983,18.7,19.282999999999998,0.5076744859542427,7.800000000000001,0.20535502724903248,12,0.65,0.5999999999999996,1.8999999999999986,6,2,0.018251165747642517,0.0025017373263835907
1328,198,46,train,12.461,9.461000000000002,2.9999999999999982,0.24075114356793179,2.0999999999999974,0.16852580049755214,5,0.4199999999999995,0.3999999999999999,0.5999999999999996,1,0,0.03395577892661095,0.011823832988739014
1330,278,46,train,9.352,6.7,2.652,0.28357570573139435,0.0,0.0,0,0.0,0.0,0.0,0,0,0.032219111919403076,0.016895294189453125
1331,48,46,train,46.211,43.1,3.110999999999997,0.06732163337733434,2.4000000000000004,0.05193568630845471,8,0.30000000000000004,0.29999999999999893,0.6000000000000014,1,0,0.03256439417600632,0.019243406131863594
1333,126,46,train,19.462,16.162,3.3000000000000007,0.1695611961771658,3.1000000000000014,0.15928476004521638,9,0.3444444444444446,0.3999999999999986,0.7000000000000011,1,0,0.03318627178668976,0.022649699822068214
1334,293,46,train,23.432,20.5,2.9319999999999986,0.1251280300443837,1.5000000000000018,0.06401502219187444,4,0.37500000000000044,0.25,0.9000000000000021,1,0,0.018505271524190903,0.012227049097418785
1335,176,46,train,33.62,31.800000000000004,1.8199999999999932,0.05413444378346203,0.8999999999999986,0.026769779892920842,3,0.29999999999999954,0.29999999999999716,0.40000000000000213,0,0,0.0359107181429863,0.024734966456890106
1339,176,46,train,33.62,31.800000000000004,1.8199999999999932,0.05413444378346203,0.8999999999999986,0.026769779892920842,3,0.29999999999999954,0.29999999999999716,0.40000000000000213,0,0,0.0359107181429863,0.024734966456890106
1340,206,46,train,47.961,45.29999999999999,2.6610000000000085,0.055482579595921865,0.7000000000000046,0.014595191926773934,5,0.14000000000000093,0.10000000000000142,0.20000000000000107,0,0,0.032838836312294006,0.024917079135775566
1341,255,46,train,11.756,8.700000000000003,3.0559999999999974,0.25995236474991473,1.0999999999999988,0.0935692412385164,4,0.2749999999999997,0.24999999999999956,0.5,0,0,0.03302152454853058,0.018544377759099007
1344,48,47,train,46.655,42.8,3.855000000000004,0.08262779980709471,3.0000000000000053,0.06430178973314768,9,0.3333333333333339,0.3000000000000007,0.6000000000000014,1,0,0.033032484352588654,0.019389335066080093
1346,290,47,train,31.452,28.0,3.4520000000000017,0.10975454661070844,2.199999999999998,0.0699478570520157,9,0.24444444444444421,0.1999999999999993,0.5,0,0,0.03192597255110741,0.01674192026257515
1347,255,47,train,18.626,15.4,3.226000000000001,0.17319875442929242,1.899999999999999,0.10200794588210023,5,0.3799999999999998,0.1999999999999993,1.1000000000000014,1,1,0.033323075622320175,0.029737863689661026
1349,203,47,train,29.467,18.5,10.966999999999999,0.3721790477483286,8.600000000000001,0.29185190212780404,15,0.5733333333333335,0.40000000000000213,1.6999999999999993,6,2,0.018878206610679626,0.006003492046147585
1350,48,47,train,53.917,46.199999999999996,7.717000000000006,0.14312739952148684,6.800000000000009,0.1261197766938073,16,0.42500000000000054,0.30000000000000426,1.0,4,0,0.02837415412068367,0.013297254219651222
1352,48,47,train,46.655,42.8,3.855000000000004,0.08262779980709471,3.0000000000000053,0.06430178973314768,9,0.3333333333333339,0.3000000000000007,0.6000000000000014,1,0,0.033032484352588654,0.019389335066080093
1353,206,47,train,51.148,46.6,4.548000000000002,0.08891843278329556,3.2999999999999954,0.06451865175568927,11,0.2999999999999996,0.29999999999999716,0.6000000000000014,2,0,0.03241017833352089,0.02278219908475876
1354,278,47,train,8.386,5.7,2.685999999999999,0.32029573098020503,0.20000000000000018,0.02384927259718581,1,0.20000000000000018,0.20000000000000018,0.20000000000000018,0,0,0.02712305448949337,0.013099749572575092
1355,293,47,train,31.034,28.400000000000006,2.6339999999999932,0.08487465360572254,1.099999999999996,0.03544499581104583,5,0.21999999999999922,0.1999999999999993,0.40000000000000036,0,0,0.02070809155702591,0.012387700378894806
1358,76,47,train,23.276,18.4,4.876000000000001,0.2094861660079052,2.4000000000000044,0.10311050008592561,6,0.40000000000000074,0.40000000000000124,0.8000000000000007,3,0,0.024730060249567032,0.01334361918270588
1359,126,47,train,20.533,13.200000000000005,7.332999999999997,0.3571324209808599,3.799999999999997,0.18506793941460073,7,0.5428571428571425,0.5999999999999996,0.8999999999999986,4,0,0.022053688764572144,0.009119552560150623
1361,318,47,train,15.831,11.600000000000001,4.230999999999998,0.26726043838039276,0.799999999999998,0.05053376287031761,3,0.266666666666666,0.29999999999999893,0.39999999999999947,0,0,0.0312203299254179,0.017955170944333076
1362,84,47,train,23.197,21.0,2.196999999999999,0.09471052291244554,1.299999999999999,0.05604172953399142,6,0.21666666666666648,0.15000000000000036,0.5,0,0,0.029309356585144997,0.014976171776652336
1363,176,47,train,39.132,36.5,2.631999999999998,0.06725953184094853,0.700000000000002,0.017888173361954463,3,0.23333333333333398,0.2999999999999998,0.3000000000000007,0,0,0.03393279388546944,0.027328984811902046
1366,44,47,train,9.744,8.099999999999998,1.644000000000002,0.1687192118226603,0.7000000000000006,0.07183908045977018,4,0.17500000000000016,0.15000000000000036,0.2999999999999998,0,0,0.033957742154598236,0.021040167659521103
1369,126,48,train,20.716,18.000000000000004,2.7159999999999975,0.1311063911952113,0.9999999999999973,0.048271867155821456,5,0.19999999999999946,0.1999999999999993,0.39999999999999947,0,0,0.030964022502303123,0.024508662521839142
1370,44,48,train,32.837,24.899999999999988,7.937000000000015,0.24170904772055957,6.500000000000009,0.19794743734202297,13,0.5000000000000007,0.29999999999999893,1.9000000000000021,4,2,0.02694125473499298,0.01667487621307373
1374,48,48,train,54.1,50.699999999999996,3.4000000000000057,0.06284658040665445,2.1999999999999984,0.04066543438077631,9,0.24444444444444427,0.20000000000000284,0.40000000000000213,0,0,0.032045114785432816,0.01790502294898033
1375,255,48,train,12.774,11.674,1.0999999999999996,0.08611241584468449,0.6999999999999993,0.054798810082981,1,0.6999999999999993,0.6999999999999993,0.6999999999999993,1,0,0.04583987966179848,0.04704008623957634
1378,76,48,train,55.067,46.000000000000014,9.066999999999986,0.16465396698567175,6.79999999999999,0.12348593531516135,15,0.45333333333333264,0.29999999999999893,1.2999999999999972,4,2,0.029955273494124413,0.021994777023792267
1380,84,48,train,38.427,36.800000000000004,1.6269999999999953,0.04234002133916245,0.6999999999999957,0.018216358289744078,1,0.6999999999999957,0.6999999999999957,0.6999999999999957,1,0,0.03233747556805611,0.021609004586935043
1381,293,48,train,34.665,32.49999999999999,2.1650000000000063,0.06245492571758276,1.000000000000008,0.028847540747151536,7,0.142857142857144,0.10000000000000142,0.20000000000000284,0,0,0.02297982946038246,0.014451148919761181
1382,318,48,train,45.95,27.6,18.35,0.39934711643090315,12.400000000000002,0.2698585418933624,18,0.688888888888889,0.5999999999999996,1.4000000000000004,10,3,0.03114509955048561,0.006472398526966572
1383,278,48,train,23.694,19.599999999999998,4.094000000000001,0.17278635941588594,2.3999999999999995,0.10129146619397314,4,0.5999999999999999,0.6000000000000001,0.8000000000000007,2,0,0.03140901401638985,0.0256260484457016
1384,290,48,train,40.438,37.800000000000004,2.637999999999998,0.06523566941985257,1.2999999999999945,0.03214797962312663,3,0.4333333333333315,0.2999999999999998,0.6999999999999957,1,0,0.034170255064964294,0.019634556025266647
1385,206,48,train,53.421,49.10000000000001,4.320999999999991,0.08088579397615153,1.999999999999995,0.03743846053050289,9,0.22222222222222165,0.1999999999999993,0.5,0,0,0.03325900062918663,0.02480822615325451
1386,203,48,train,41.692,28.40000000000001,13.291999999999991,0.3188141609901178,11.499999999999995,0.275832293965269,24,0.47916666666666646,0.3000000000000007,1.799999999999999,6,2,0.022064024582505226,0.009067203849554062
1387,206,49,train,60.526,55.79999999999998,4.72600000000002,0.07808214651554737,3.0000000000000107,0.049565475993787966,9,0.33333333333333454,0.30000000000000426,0.6000000000000014,2,0,0.036974143236875534,0.0278845876455307
1389,255,49,train,61.388,57.188,4.199999999999996,0.0684172802502117,3.2999999999999936,0.05375643448230914,12,0.27499999999999947,0.1999999999999993,0.6999999999999993,1,0,0.04340502992272377,0.048744138330221176
1390,318,49,train,22.309,15.800000000000004,6.508999999999997,0.2917656551167689,1.599999999999996,0.07171993365906118,4,0.399999999999999,0.4499999999999993,0.5999999999999979,1,0,0.03542770445346832,0.019379211589694023
1391,48,49,train,53.813,48.699999999999996,5.113000000000007,0.09501421589578739,4.6000000000000085,0.08548120342668145,13,0.3538461538461545,0.3999999999999986,0.6000000000000014,2,0,0.035055484622716904,0.019836056977510452
1392,278,49,train,22.623,19.5,3.123000000000001,0.13804535207532162,0.9000000000000012,0.03978252221190829,3,0.30000000000000043,0.3000000000000007,0.40000000000000036,0,0,0.02980247139930725,0.022155769169330597
1394,290,49,train,60.761,57.161,3.6000000000000014,0.05924853113016575,0.9000000000000057,0.014812132782541525,5,0.18000000000000113,0.1999999999999993,0.3000000000000007,0,0,0.03062683716416359,0.01855098083615303
1397,126,49,train,44.539,33.4,11.139000000000003,0.25009542198971696,10.300000000000002,0.23125799860796162,15,0.6866666666666669,0.40000000000000036,2.6000000000000014,6,3,0.02947396971285343,0.01770622469484806
1398,44,49,train,22.753,18.700000000000003,4.052999999999997,0.17813035643651376,1.7000000000000002,0.07471542214213511,5,0.34,0.3000000000000007,0.5999999999999996,1,0,0.029343873262405396,0.020618977025151253
1400,84,49,train,19.932,19.0,0.9319999999999986,0.04675898053381491,0.20000000000000107,0.010034115994380949,1,0.20000000000000107,0.20000000000000107,0.20000000000000107,0,0,0.027597106993198395,0.017663538455963135
1402,203,49,train,43.338,32.99999999999999,10.338000000000008,0.2385435414647655,8.90000000000001,0.20536249942313925,17,0.5235294117647065,0.5,1.9000000000000021,7,1,0.02685297466814518,0.013893283903598785
1404,76,49,train,37.094,31.2,5.894000000000002,0.15889362160996393,3.1000000000000014,0.08357146708362542,10,0.31000000000000016,0.19999999999999973,1.0,2,0,0.02962862327694893,0.024668116122484207
1405,293,49,train,29.336,26.799999999999997,2.5360000000000014,0.0864466866648487,1.6000000000000014,0.05454049631851655,6,0.2666666666666669,0.3000000000000007,0.5,0,0,0.020717309787869453,0.01338694617152214
1407,315,5,train,60.526,43.800000000000004,16.726,0.27634405049069816,13.999999999999998,0.23130555463767632,30,0.4666666666666666,0.30000000000000027,1.6000000000000014,9,3,0.018442662432789803,0.008287372998893261
1409,189,5,train,58.410875,46.6,11.810874999999996,0.20220335682353666,10.600000000000001,0.18147305617318696,26,0.40769230769230774,0.2999999999999998,1.3999999999999986,6,2,0.02825411967933178,0.018589328974485397
1410,249,5,train,8.595,0.0,8.595,1.0,0.0,0.0,0,0.0,0.0,0.0,0,0,0.03027089685201645,0.018497904762625694
1412,3,5,train,12.357,8.5,3.8569999999999993,0.3121307760783361,0.8999999999999995,0.07283321194464672,2,0.44999999999999973,0.44999999999999973,0.5999999999999996,1,0,0.03246944770216942,0.007122803013771772
1413,295,5,train,10.162,7.199999999999999,2.9620000000000015,0.2914780555008858,0.3000000000000007,0.029521747687463164,1,0.3000000000000007,0.3000000000000007,0.3000000000000007,0,0,0.08178440481424332,0.026111774146556854
1414,157,5,train,0.628,0.09999999999999998,0.528,0.8407643312101911,0.0,0.0,0,0.0,0.0,0.0,0,0,0.005570023320615292,0.0028212263714522123
1417,103,5,train,31.53,26.0,5.530000000000001,0.1753885188709166,3.9000000000000004,0.12369172216936251,10,0.39,0.25000000000000044,0.8000000000000007,4,0,0.033214811235666275,0.017419299110770226
1418,232,5,train,59.821,53.4,6.420999999999999,0.10733688838367797,4.3000000000000025,0.0718811119840859,13,0.330769230769231,0.3000000000000007,0.6999999999999993,1,0,0.02849520929157734,0.018136313185095787
1419,154,5,train,30.564,19.799999999999997,10.764000000000003,0.35217903415783286,9.299999999999999,0.30427954456223005,15,0.62,0.5999999999999996,1.9000000000000004,8,1,0.018342111259698868,0.006783736869692802
1421,235,5,train,36.572,31.272000000000016,5.2999999999999865,0.14491961063108352,4.699999999999988,0.12851361697473443,13,0.3615384615384606,0.29999999999999716,1.1000000000000014,2,1,0.02770209312438965,0.018570924177765846
1422,219,5,train,57.157,46.199999999999974,10.957000000000022,0.19170005423657685,9.300000000000018,0.16270972934198819,21,0.4428571428571437,0.3999999999999986,1.5,6,2,0.044235143810510635,0.02740529179573059
1423,180,5,train,59.821,53.10000000000001,6.720999999999989,0.11235184968489309,4.599999999999989,0.07689607328530097,9,0.5111111111111099,0.4000000000000057,1.1999999999999957,4,1,0.038583919405937195,0.032610565423965454
1424,137,5,train,40.386,30.9,9.486000000000004,0.2348833754271283,7.8,0.19313623532907442,16,0.4875,0.3000000000000007,1.6000000000000014,5,1,0.030227862298488617,0.01591361314058304
1426,258,5,train,55.067,45.7,9.366999999999997,0.17010187589663495,8.7,0.15798935841792724,27,0.3222222222222222,0.3000000000000007,0.8999999999999986,2,0,0.030158186331391335,0.019612018018960953
1427,247,5,train,48.954,37.599999999999994,11.354000000000006,0.23193201781264056,8.500000000000009,0.17363238959022775,23,0.3695652173913047,0.3000000000000007,1.7,4,1,0.028857024386525154,0.014336383901536465
1428,101,5,train,17.215,12.499999999999998,4.715000000000002,0.2738890502468778,2.9000000000000012,0.16845774034272445,4,0.7250000000000003,0.6500000000000004,1.4000000000000004,2,1,0.027492301538586617,0.014367863535881042
1429,323,5,train,60.108,53.1,7.007999999999996,0.11659013775204626,4.900000000000002,0.08151993079124246,16,0.30625000000000013,0.29999999999999805,0.6000000000000014,1,0,0.034110307693481445,0.01918073184788227
1430,138,5,train,34.874,28.800000000000004,6.073999999999998,0.17416986867006934,3.799999999999999,0.10896369788381025,6,0.6333333333333332,0.40000000000000124,1.3999999999999986,2,1,0.025618968531489372,0.014882989227771759
1432,164,5,train,39.158,34.50000000000001,4.657999999999994,0.11895398130650171,1.9999999999999982,0.051075131518463615,6,0.33333333333333304,0.24999999999999822,0.7000000000000028,1,0,0.04031060263514519,0.03811046481132507
1434,147,5,train,42.267,39.6,2.6670000000000016,0.06309887146000429,0.3000000000000007,0.007097735822272712,1,0.3000000000000007,0.3000000000000007,0.3000000000000007,0,0,0.04046470671892166,0.03422350808978081
1435,255,50,train,35.083,31.3,3.7829999999999977,0.10783000313542165,2.899999999999997,0.0826611179203602,9,0.32222222222222185,0.3999999999999986,0.5,0,0,0.03706744313240051,0.041132308542728424
1436,76,50,train,51.592,45.800000000000004,5.7919999999999945,0.1122654675143432,4.1999999999999975,0.08140797022794227,10,0.41999999999999976,0.2999999999999985,1.3000000000000007,2,1,0.031049856916069984,0.026839902624487877
1439,48,50,train,44.043,40.8,3.243000000000002,0.07363258633608069,2.6999999999999993,0.061303725904229944,9,0.29999999999999993,0.29999999999999716,0.6999999999999993,1,0,0.03443264588713646,0.020565126091241837
1440,318,50,train,34.822,27.4,7.422000000000004,0.21314111768422273,4.099999999999999,0.11774165757279877,10,0.40999999999999986,0.34999999999999876,0.8000000000000007,3,0,0.044142868369817734,0.027266569435596466
1442,203,50,train,40.072,28.999999999999996,11.072000000000006,0.27630265522060304,9.000000000000004,0.2245957276901578,20,0.4500000000000002,0.3999999999999986,1.1000000000000014,5,2,0.02304329350590706,0.009262174367904663
1443,84,50,train,30.825,28.400000000000006,2.4249999999999936,0.0786699107866989,0.5999999999999979,0.019464720194647133,5,0.11999999999999958,0.09999999999999964,0.1999999999999993,0,0,0.03376609459519386,0.021964842453598976
1444,290,50,train,29.728,27.199999999999996,2.528000000000006,0.08503767491926822,0.9000000000000021,0.03027448869752429,4,0.22500000000000053,0.15000000000000036,0.5,0,0,0.03268072381615639,0.020500902086496353
1445,293,50,train,22.806,20.2,2.6060000000000016,0.11426817504165578,1.4000000000000008,0.061387354205033794,6,0.23333333333333348,0.25000000000000044,0.3999999999999999,0,0,0.027576934546232224,0.01567259058356285
1448,126,50,train,29.049,23.4,5.649000000000001,0.1944645254569865,4.100000000000003,0.14114083100967342,8,0.5125000000000004,0.3000000000000007,1.5,2,1,0.029565930366516113,0.019088631495833397
1451,44,50,train,1.228,0.0,1.228,1.0,0.0,0.0,0,0.0,0.0,0.0,0,0,0.05825735628604889,0.009856309741735458
1452,278,50,train,20.533,18.4,2.1330000000000027,0.10388155651877477,1.5,0.07305313397944771,5,0.3,0.3000000000000007,0.4999999999999999,0,0,0.028992844745516777,0.023277143016457558
1453,206,50,train,59.534,55.300000000000004,4.233999999999995,0.07111902442301869,2.2999999999999927,0.03863338596432279,12,0.19166666666666607,0.19999999999999574,0.3999999999999986,0,0,0.035595107823610306,0.0266250129789114
1456,56,51,train,39.811,31.100000000000005,8.710999999999995,0.21880887191982104,5.799999999999997,0.14568837758408473,11,0.527272727272727,0.40000000000000036,1.1,4,1,0.027280345559120178,0.011546721681952477
1459,330,51,train,15.308,13.700000000000001,1.6079999999999988,0.105043114711262,1.1,0.07185785210347531,4,0.275,0.20000000000000018,0.5,0,0,0.030430639162659645,0.02090773545205593
1460,302,51,train,51.305,36.0,15.305,0.29831400448299383,10.100000000000001,0.19686190429782674,30,0.3366666666666667,0.20000000000000195,2.299999999999997,5,1,0.02756979689002037,0.008830303326249123
1461,220,51,train,23.354,19.954,3.3999999999999986,0.1455853387000085,2.5999999999999996,0.11132996488824183,7,0.3714285714285714,0.3000000000000007,0.9000000000000004,1,0,0.028224345296621323,0.014624242670834064
1464,153,51,train,43.312,36.599999999999994,6.712000000000003,0.15496859992611756,5.000000000000004,0.11544144809752505,11,0.454545454545455,0.40000000000000213,0.8999999999999986,5,0,0.02831234224140644,0.02068443037569523
1467,125,51,train,25.026,19.6,5.425999999999998,0.2168145129065771,3.299999999999997,0.1318628626228721,5,0.6599999999999995,0.5999999999999996,1.5,3,1,0.047020357102155685,0.023150095716118813
1469,79,51,train,60.526,45.9,14.626000000000005,0.24164821729504682,13.900000000000004,0.22965337210455017,29,0.47931034482758633,0.5,1.1999999999999957,11,1,0.029160788282752037,0.017398139461874962
1470,216,51,train,51.854,44.99999999999999,6.854000000000006,0.13217880973502538,5.600000000000004,0.10799552589964138,21,0.2666666666666669,0.20000000000000284,0.6999999999999993,2,0,0.031039314344525337,0.01988516002893448
1471,223,51,train,31.034,26.0,5.033999999999999,0.16220918992073208,3.3,0.10633498743313785,7,0.4714285714285714,0.4999999999999982,0.6999999999999993,3,0,0.034544531255960464,0.02155139297246933
1472,268,51,train,30.668,25.999999999999996,4.668000000000003,0.15221077344463294,2.8000000000000016,0.0913003782444242,10,0.28000000000000014,0.2500000000000009,0.5,0,0,0.02987738512456417,0.01980801299214363
1473,94,51,train,51.906,36.599999999999994,15.306000000000004,0.29487920471621787,13.100000000000001,0.2523793010441953,19,0.6894736842105263,0.40000000000000213,2.1999999999999993,9,4,0.024384113028645515,0.012162500061094761
1474,162,51,train,36.076,33.4,2.676000000000002,0.07417673799756076,1.0000000000000036,0.027719259341390495,4,0.2500000000000009,0.2500000000000009,0.3000000000000007,0,0,0.03419046476483345,0.02917081117630005
1475,78,51,train,12.513,8.599999999999998,3.913000000000002,0.31271477663230257,2.1000000000000005,0.16782546152001923,2,1.0500000000000003,1.0500000000000003,1.1000000000000005,2,1,0.03077786974608898,0.019616305828094482
1476,111,51,train,52.637,45.4,7.237000000000002,0.1374888386496191,4.700000000000001,0.08929080304728615,14,0.3357142857142858,0.29999999999999805,0.8000000000000007,2,0,0.03717128559947014,0.027944695204496384
1478,133,51,train,34.09,31.299999999999997,2.7900000000000063,0.08184218245819906,0.9999999999999982,0.029334115576415316,5,0.19999999999999965,0.1999999999999993,0.3999999999999986,0,0,0.03445817157626152,0.02234656736254692
1479,169,51,train,28.317,25.000000000000004,3.3169999999999966,0.11713811491330284,1.9999999999999947,0.07062895080693557,7,0.285714285714285,0.1999999999999993,0.5999999999999979,1,0,0.03427545726299286,0.021471912041306496
1480,220,52,train,15.57,12.9,2.67,0.17148362235067435,1.2999999999999998,0.08349389852280024,4,0.32499999999999996,0.3500000000000001,0.5,0,0,0.0320645235478878,0.013120099902153015
1482,302,52,train,23.589,17.400000000000006,6.188999999999993,0.2623680529060152,5.1999999999999975,0.22044173131544353,13,0.3999999999999998,0.3000000000000007,0.8999999999999995,4,0,0.0270744189620018,0.007924696430563927
1483,78,52,train,9.352,5.8,3.5520000000000005,0.3798118049615056,1.3999999999999995,0.14970059880239514,2,0.6999999999999997,0.6999999999999997,1.0,1,0,0.031902674585580826,0.010819835588335991
1484,162,52,train,15.961,14.399999999999999,1.5610000000000017,0.09780088966856725,0.0,0.0,0,0.0,0.0,0.0,0,0,0.033987559378147125,0.02949858270585537
1485,111,52,train,38.845,30.499999999999996,8.345000000000002,0.21482816321276876,3.4000000000000057,0.08752735229759315,9,0.37777777777777843,0.29999999999999893,1.0,1,0,0.03599884733557701,0.02503049559891224
1487,330,52,train,8.752,6.952000000000001,1.7999999999999998,0.20566727605118826,1.2999999999999998,0.1485374771480804,2,0.6499999999999999,0.6499999999999999,0.7999999999999998,1,0,0.0159185528755188,0.01109742745757103
1488,223,52,train,42.894,35.900000000000006,6.993999999999993,0.16305310766074493,5.199999999999996,0.12122907632769142,14,0.3714285714285711,0.3999999999999986,0.8000000000000007,3,0,0.03580676391720772,0.022126993164420128
1489,94,52,train,46.551,25.69999999999998,20.85100000000002,0.44791733797340594,16.90000000000002,0.36304268436768317,19,0.8894736842105274,0.9000000000000004,1.8000000000000043,12,7,0.018234655261039734,0.00304625672288239
1490,216,52,train,53.865,46.2,7.664999999999999,0.14230019493177387,6.299999999999994,0.11695906432748526,14,0.44999999999999957,0.40000000000000036,1.0,4,0,0.030898472294211388,0.020136091858148575
1491,79,52,train,53.891,42.99099999999998,10.90000000000002,0.20226011764487614,9.40000000000002,0.1744261565010859,20,0.470000000000001,0.350000000000005,2.1000000000000014,6,1,0.02921428717672825,0.021085459738969803
1492,133,52,train,37.643,34.0,3.6430000000000007,0.09677762133730045,2.4000000000000012,0.06375687378795529,8,0.30000000000000016,0.2999999999999985,0.5,0,0,0.02901463955640793,0.01884138211607933
1493,220,52,train,15.57,12.9,2.67,0.17148362235067435,1.2999999999999998,0.08349389852280024,4,0.32499999999999996,0.3500000000000001,0.5,0,0,0.0320645235478878,0.013120099902153015
1497,56,52,train,34.221,25.8,8.420999999999996,0.24607697028140604,5.000000000000002,0.14610911428654927,10,0.5000000000000002,0.4499999999999993,0.9000000000000004,4,0,0.024485379457473755,0.00831405259668827
1498,268,52,train,32.21,28.000000000000007,4.209999999999994,0.13070475007761545,2.199999999999992,0.06830176963675852,7,0.31428571428571317,0.3000000000000007,0.5999999999999979,1,0,0.03736697882413864,0.023472964763641357
1501,125,52,train,24.686,21.886,2.8000000000000007,0.11342461314105164,2.6000000000000005,0.10532285505954794,8,0.32500000000000007,0.20000000000000018,0.7000000000000002,1,0,0.05673760175704956,0.031266309320926666
1503,153,52,train,21.734,15.599999999999998,6.134000000000004,0.28223060642311604,5.4,0.2484586362381522,8,0.675,0.5,1.5999999999999996,3,2,0.023331092670559883,0.01082255132496357
1504,216,53,train,40.673,37.772999999999996,2.9000000000000057,0.07130037125365736,2.3000000000000096,0.05654857030462492,8,0.2875000000000012,0.2500000000000009,0.6000000000000014,1,0,0.03176313638687134,0.02230619639158249
1505,56,53,train,22.388,16.2,6.188000000000002,0.2763980703948545,2.8999999999999995,0.12953367875647664,5,0.5799999999999998,0.5999999999999996,0.8000000000000007,3,0,0.02407829463481903,0.011538034304976463
1506,268,53,train,31.452,28.000000000000004,3.451999999999998,0.10975454661070831,1.7999999999999963,0.05723006486074005,5,0.35999999999999927,0.3999999999999986,0.4999999999999991,0,0,0.03543931990861893,0.028056010603904724
1508,94,53,train,54.701,36.699999999999996,18.001000000000005,0.32907990713149676,16.1,0.29432734319299464,21,0.7666666666666667,0.5,2.1000000000000014,10,6,0.025984207168221474,0.009004035964608192
1509,302,53,train,28.84,20.5,8.34,0.28918169209431344,6.399999999999999,0.22191400832177527,13,0.4923076923076922,0.3999999999999986,1.3000000000000007,4,1,0.03255371004343033,0.010301540605723858
1512,220,53,train,9.352,7.800000000000001,1.5519999999999996,0.1659538066723695,0.6999999999999993,0.07485029940119753,2,0.34999999999999964,0.34999999999999964,0.5,0,0,0.036150116473436356,0.022436561062932014
1514,216,53,train,40.673,37.772999999999996,2.9000000000000057,0.07130037125365736,2.3000000000000096,0.05654857030462492,8,0.2875000000000012,0.2500000000000009,0.6000000000000014,1,0,0.03176313638687134,0.02230619639158249
1515,330,53,train,5.199,3.4,1.799,0.3460280823235238,0.19999999999999973,0.03846893633391032,1,0.19999999999999973,0.19999999999999973,0.19999999999999973,0,0,0.02216118387877941,0.01329752802848816
1516,162,53,train,15.805,13.900000000000002,1.9049999999999976,0.12053147738057561,0.09999999999999964,0.006327111673521016,1,0.09999999999999964,0.09999999999999964,0.09999999999999964,0,0,0.031664371490478516,0.026595069095492363
1517,79,53,train,31.896,23.89999999999999,7.996000000000009,0.2506897416603966,6.800000000000006,0.2131928768497619,15,0.45333333333333375,0.3000000000000007,1.6000000000000014,3,1,0.028210842981934547,0.02072863094508648
1518,223,53,train,38.766,30.1,8.665999999999997,0.2235464066449981,5.799999999999995,0.14961564257338894,14,0.414285714285714,0.3999999999999986,0.9000000000000021,3,0,0.030090998858213425,0.013699153438210487
1520,78,53,train,6.714,5.2,1.5140000000000002,0.2254989574024427,0.1999999999999993,0.029788501638367482,1,0.1999999999999993,0.1999999999999993,0.1999999999999993,0,0,0.037283238023519516,0.02454248070716858
1521,153,53,train,36.807,29.8,7.0070000000000014,0.19037139674518436,4.700000000000001,0.12769310185562532,8,0.5875000000000001,0.5499999999999989,1.2000000000000028,4,1,0.02848510630428791,0.020502477884292603
1523,133,53,train,32.523,27.900000000000002,4.623000000000001,0.1421455585278111,2.199999999999997,0.06764443624511875,11,0.19999999999999973,0.1999999999999993,0.3999999999999999,0,0,0.030355140566825867,0.01822284236550331
1525,111,53,train,37.356,31.700000000000003,5.655999999999999,0.15140807366955772,2.9999999999999982,0.08030838419530995,8,0.3749999999999998,0.34999999999999964,0.8000000000000007,1,0,0.03957563266158104,0.029237769544124603
1527,223,54,train,47.57,38.40000000000002,9.16999999999998,0.19276855160815598,8.299999999999981,0.1744797141055283,19,0.4368421052631569,0.3999999999999999,0.7999999999999972,6,0,0.03405475616455078,0.02057514525949955
1528,268,54,train,53.526,47.60000000000001,5.925999999999995,0.1107125509098381,4.099999999999992,0.07659828868213563,15,0.27333333333333276,0.20000000000000284,0.8000000000000007,1,0,0.035089489072561264,0.027387209236621857
1530,302,54,train,60.526,49.8,10.726000000000006,0.17721309850312272,8.900000000000006,0.14704424544823722,23,0.3869565217391307,0.2999999999999998,2.299999999999997,3,1,0.0295457411557436,0.016337880864739418
1531,79,54,train,34.822,27.09999999999999,7.722000000000012,0.221756360921257,5.600000000000009,0.16081787375796935,16,0.3500000000000006,0.3500000000000003,0.6999999999999993,4,0,0.03035038523375988,0.019317932426929474
1532,153,54,train,42.632,35.40000000000001,7.231999999999985,0.16963783073747385,6.299999999999992,0.14777631825858492,11,0.572727272727272,0.6000000000000014,1.1000000000000014,6,1,0.027193762362003326,0.01693163998425007
1533,94,54,train,48.902,30.40000000000001,18.501999999999992,0.3783485338022983,15.29999999999999,0.3128706392376588,19,0.8052631578947363,0.6000000000000014,3.0,11,3,0.020886724814772606,0.005899328738451004
1534,216,54,train,60.526,52.3,8.226000000000006,0.13590853517496623,6.700000000000005,0.11069622971945947,16,0.4187500000000003,0.20000000000000107,1.6000000000000014,5,1,0.03257386013865471,0.025722462683916092
1537,56,54,train,42.606,32.20000000000001,10.405999999999992,0.24423790076515026,7.699999999999992,0.18072571938224644,12,0.641666666666666,0.6500000000000004,1.3999999999999986,7,1,0.020296048372983932,0.006666022818535566
1539,162,54,train,35.005,32.3,2.7050000000000054,0.07727467504642209,0.1999999999999993,0.0057134695043565,1,0.1999999999999993,0.1999999999999993,0.1999999999999993,0,0,0.037127308547496796,0.03280236944556236
1541,133,54,train,34.299,30.899999999999995,3.3990000000000045,0.09909909909909922,1.900000000000004,0.0553952010262691,7,0.27142857142857196,0.10000000000000142,0.9000000000000004,1,0,0.032791223376989365,0.02118813619017601
1543,111,54,train,41.17,34.5,6.670000000000002,0.16201117318435757,4.099999999999995,0.09958707796939507,10,0.40999999999999953,0.40000000000000124,0.6999999999999993,2,0,0.03854385390877724,0.029825227335095406
1544,220,54,train,22.649,19.500000000000004,3.1489999999999974,0.1390348359750981,2.3999999999999986,0.10596494326460322,8,0.2999999999999998,0.3499999999999992,0.5,0,0,0.03433261811733246,0.019438384100794792
1545,330,54,train,13.506,12.5,1.0060000000000002,0.07448541389012292,0.6000000000000005,0.04442470013327414,3,0.20000000000000018,0.20000000000000018,0.3000000000000007,0,0,0.02811255492269993,0.02168792486190796
1546,223,54,train,47.57,38.40000000000002,9.16999999999998,0.19276855160815598,8.299999999999981,0.1744797141055283,19,0.4368421052631569,0.3999999999999999,0.7999999999999972,6,0,0.03405475616455078,0.02057514525949955
1548,78,54,train,13.114,10.8,2.314,0.17645264602714655,1.5,0.11438157694067408,5,0.3,0.2999999999999998,0.40000000000000036,0,0,0.03543797507882118,0.028787627816200256
1550,94,55,train,52.82,35.2,17.619999999999997,0.33358576296857245,15.899999999999999,0.30102234002271866,20,0.7949999999999999,0.5999999999999996,2.299999999999997,12,4,0.023530486971139908,0.009794443845748901
1554,162,55,train,35.135,31.7,3.4349999999999987,0.09776576063754089,1.8999999999999968,0.05407713106588863,8,0.2374999999999996,0.20000000000000018,0.40000000000000213,0,0,0.03370542824268341,0.02817971259355545
1556,79,55,train,44.357,30.10000000000001,14.25699999999999,0.32141488378384453,7.599999999999994,0.17133710575557395,17,0.44705882352941145,0.3999999999999986,1.0999999999999943,5,1,0.029842805117368698,0.015411250293254852
1557,56,55,train,49.398,37.89799999999999,11.500000000000014,0.23280294748775282,9.300000000000011,0.18826673144661749,14,0.6642857142857151,0.700000000000002,1.1000000000000014,8,3,0.022669192403554916,0.008018674328923225
1559,216,55,train,57.966,51.7,6.265999999999998,0.10809785046406511,5.099999999999998,0.08798261049580786,15,0.33999999999999986,0.3000000000000007,0.7000000000000011,3,0,0.03260933980345726,0.023923275992274284
1560,78,55,train,18.626,14.599999999999998,4.026000000000003,0.21614946848491373,2.900000000000004,0.15569633845162695,7,0.41428571428571487,0.3000000000000007,1.2000000000000028,1,1,0.03557645529508591,0.024552475661039352
1561,223,55,train,45.062,37.06199999999999,8.000000000000007,0.17753317651236092,7.700000000000008,0.1708756823931474,17,0.45294117647058874,0.3999999999999986,0.8999999999999986,4,0,0.03440256789326668,0.01854543201625347
1562,153,55,train,53.473,41.0,12.472999999999999,0.23325790585903164,11.2,0.2094514988872889,21,0.5333333333333333,0.3999999999999986,1.8999999999999986,8,3,0.02745675854384899,0.014572791755199432
1564,268,55,train,37.356,34.199999999999996,3.156000000000006,0.08448442017346626,2.000000000000005,0.05353892279687345,9,0.22222222222222276,0.20000000000000284,0.3000000000000007,0,0,0.036109406501054764,0.026768513023853302
1566,111,55,train,41.797,35.79999999999999,5.997000000000007,0.14347919707156034,3.7000000000000046,0.08852309974400088,11,0.3363636363636368,0.3000000000000007,0.5999999999999996,1,0,0.03922327235341072,0.02846125140786171
1567,330,55,train,13.95,12.2,1.75,0.12544802867383514,1.3000000000000007,0.09318996415770615,6,0.21666666666666679,0.20000000000000062,0.3000000000000007,0,0,0.029066991060972214,0.018118316307663918
1568,94,55,train,58.254,42.4,15.854,0.27215298520273284,14.400000000000004,0.247193325780204,26,0.553846153846154,0.5,1.7999999999999972,9,2,0.023837530985474586,0.011132247745990753
1569,302,55,train,43.364,33.6,9.763999999999996,0.22516373028318412,6.500000000000003,0.14989392122497933,17,0.38235294117647073,0.2999999999999998,1.3999999999999986,3,1,0.02962930127978325,0.0112050361931324
1571,265,56,train,39.968,35.8,4.168000000000006,0.10428342674139326,2.4999999999999973,0.06255004003202555,10,0.24999999999999972,0.19999999999999973,0.5,0,0,0.0326746441423893,0.020823387429118156
1573,245,56,train,38.897,30.0,8.896999999999998,0.22873229297889294,3.8000000000000007,0.09769390955600692,11,0.3454545454545455,0.2999999999999998,0.7999999999999972,2,0,0.018663352355360985,0.006960273254662752
1575,90,56,train,13.01,10.7,2.3100000000000005,0.17755572636433517,1.9000000000000008,0.1460415065334359,5,0.38000000000000017,0.20000000000000107,0.8000000000000007,1,0,0.030999258160591125,0.02447979338467121
1576,212,56,train,44.905,37.6,7.305,0.16267676205322346,4.3999999999999995,0.09798463422781425,13,0.3384615384615384,0.3999999999999986,0.6999999999999993,1,0,0.04066077247262001,0.01819317601621151
1577,96,56,train,26.306,21.699999999999992,4.606000000000009,0.17509313464608867,2.9000000000000075,0.11024100965559216,7,0.41428571428571537,0.20000000000000284,0.9000000000000021,2,0,0.03090154379606247,0.02272460050880909
1580,72,56,train,21.787,17.987,3.8000000000000007,0.17441593610868872,3.5000000000000004,0.16064625694221327,11,0.31818181818181823,0.3000000000000007,0.7000000000000002,1,0,0.02948378585278988,0.015787474811077118
1581,30,56,train,40.595,37.095,3.5,0.08621751447222564,2.5999999999999996,0.0640472964650819,10,0.25999999999999995,0.1999999999999993,0.6000000000000014,1,0,0.028044387698173523,0.015116656199097633
1583,271,56,train,34.143,26.299999999999997,7.8430000000000035,0.22971033594001708,3.6,0.1054388893770319,10,0.36,0.34999999999999964,0.7999999999999972,1,0,0.023748032748699188,0.008972068317234516
1584,261,56,train,10.998,8.697999999999997,2.3000000000000025,0.2091289325331881,1.2000000000000015,0.1091107474086199,4,0.3000000000000004,0.3000000000000007,0.40000000000000036,0,0,0.039207473397254944,0.020419718697667122
1586,49,56,train,19.253,17.299999999999997,1.953000000000003,0.10143873682023596,1.0000000000000018,0.051939957409235016,3,0.3333333333333339,0.3000000000000007,0.40000000000000036,0,0,0.0424596332013607,0.03218735754489899
1587,41,56,train,20.872,16.599999999999994,4.272000000000006,0.20467612111920302,3.0000000000000058,0.14373323112303593,9,0.333333333333334,0.3000000000000007,0.5,0,0,0.023805012926459312,0.015864260494709015
1588,239,56,train,30.59,22.6,7.989999999999998,0.2611964694344557,4.199999999999998,0.137299771167048,6,0.6999999999999997,0.6999999999999997,1.1999999999999993,4,1,0.03262956440448761,0.016223464161157608
1589,200,56,train,42.659,35.8,6.859000000000002,0.16078670386085003,4.100000000000002,0.09611101994889712,9,0.4555555555555558,0.40000000000000036,1.1000000000000005,2,1,0.03410007432103157,0.02081947773694992
1591,42,56,train,13.062,10.900000000000002,2.1619999999999973,0.16551829735109458,0.7999999999999994,0.06124636349716731,4,0.19999999999999984,0.20000000000000018,0.29999999999999893,0,0,0.027903828769922256,0.00973997637629509
1593,239,57,train,55.041,44.5,10.540999999999997,0.19151178212605144,8.5,0.15443033375120366,19,0.4473684210526316,0.3999999999999986,1.1999999999999993,7,1,0.03290099278092384,0.018825717270374298
1595,72,57,train,20.219,14.200000000000003,6.018999999999998,0.29769029131015373,4.199999999999997,0.20772540679558812,9,0.4666666666666663,0.3999999999999986,1.0999999999999996,4,1,0.023994574323296547,0.00874006561934948
1596,245,57,train,47.204,38.6,8.604,0.18227268875519023,6.399999999999997,0.13558173036183369,17,0.37647058823529395,0.3000000000000007,0.9000000000000001,6,0,0.02264374867081642,0.009712228551506996
1597,49,57,train,38.845,32.49999999999999,6.345000000000006,0.16334148539065532,5.3000000000000025,0.13643969622860092,8,0.6625000000000003,0.6000000000000005,1.3999999999999986,5,1,0.03450003266334534,0.02911544404923916
1600,200,57,train,59.011,53.2,5.811,0.09847316601989459,3.799999999999995,0.06439477385572173,14,0.2714285714285711,0.1999999999999995,0.8000000000000007,2,0,0.03993644565343857,0.0277396310120821
1601,41,57,train,30.721,25.4,5.3210000000000015,0.17320399726571406,3.7,0.12043878779987631,14,0.2642857142857143,0.19999999999999973,0.7000000000000002,2,0,0.02495751902461052,0.015796758234500885
1603,42,57,train,15.805,13.599999999999998,2.205000000000002,0.139512812401139,1.100000000000001,0.06959822840873148,5,0.2200000000000002,0.20000000000000107,0.3000000000000007,0,0,0.02642027661204338,0.013844432309269905
1604,90,57,train,12.644,11.600000000000001,1.0439999999999987,0.08256880733944943,0.799999999999998,0.06327111673521021,3,0.266666666666666,0.29999999999999893,0.2999999999999998,0,0,0.031913939863443375,0.028100378811359406
1606,271,57,train,44.827,34.4,10.427,0.2326053494545698,7.800000000000006,0.17400227541437094,20,0.3900000000000003,0.3000000000000007,1.1000000000000014,6,1,0.0257834792137146,0.008645218797028065
1607,265,57,train,58.019,53.7,4.3189999999999955,0.07444113135352205,3.099999999999995,0.053430772677915774,13,0.2384615384615381,0.20000000000000284,0.39999999999999947,0,0,0.03158443421125412,0.02233329974114895
1608,212,57,train,60.526,50.599999999999994,9.926000000000009,0.1639956382381127,6.400000000000004,0.10573968212008068,18,0.3555555555555558,0.3000000000000007,1.1000000000000005,2,1,0.03629624471068382,0.015213483944535255
1609,96,57,train,43.207,36.20000000000001,7.006999999999991,0.1621727960747099,5.7999999999999945,0.13423750781123417,13,0.44615384615384573,0.3999999999999986,1.1999999999999993,4,1,0.035428237169981,0.02465718239545822
1610,30,57,train,35.658,33.3,2.358000000000004,0.06612821807168108,1.299999999999999,0.03645745695215657,5,0.2599999999999998,0.1999999999999993,0.5,0,0,0.028375210240483284,0.015845734626054764
1611,261,57,train,14.446,10.400000000000002,4.045999999999998,0.2800775301121416,2.899999999999998,0.20074761179565265,7,0.41428571428571404,0.3000000000000007,0.8999999999999986,2,0,0.03541639447212219,0.011119686998426914
1612,200,58,train,55.772,47.2,8.571999999999996,0.15369719572545357,6.099999999999998,0.10937387936599006,12,0.5083333333333332,0.4499999999999993,1.1000000000000014,4,1,0.030994925647974014,0.016805564984679222
1614,42,58,train,5.382,4.2,1.1819999999999995,0.21962095875139345,0.10000000000000009,0.018580453363062077,1,0.10000000000000009,0.10000000000000009,0.10000000000000009,0,0,0.022254925221204758,0.009637424722313881
1615,265,58,train,60.526,54.899999999999984,5.626000000000019,0.09295178931368368,3.600000000000014,0.05947857119254558,13,0.276923076923078,0.20000000000000284,0.7000000000000028,2,0,0.032183483242988586,0.023989032953977585
1616,245,58,train,47.465,36.5,10.965000000000003,0.2310123248709576,8.100000000000001,0.1706520594121985,15,0.5400000000000001,0.5,1.1999999999999957,6,1,0.02746790461242199,0.010485485196113586
1619,41,58,train,18.809,15.100000000000001,3.7089999999999996,0.1971928332181402,2.4000000000000004,0.127598490084534,7,0.3428571428571429,0.20000000000000018,0.6000000000000014,2,0,0.028661303222179413,0.018822330981492996
1620,261,58,train,19.462,14.161999999999999,5.300000000000001,0.2723255574966602,4.300000000000002,0.22094337683691304,9,0.47777777777777797,0.40000000000000036,0.9000000000000004,3,0,0.02864319272339344,0.0089198537170887
1622,239,58,train,56.582,43.79999999999999,12.78200000000001,0.2259022303912907,10.100000000000009,0.17850199710155187,21,0.48095238095238135,0.40000000000000213,1.8000000000000007,8,2,0.031006889417767525,0.018460316583514214
1623,30,58,train,42.789,37.900000000000006,4.888999999999996,0.1142583374231694,3.699999999999994,0.08647082194021814,11,0.3363636363636358,0.3999999999999986,0.6999999999999993,2,0,0.02688288502395153,0.01294756680727005
1624,72,58,train,10.763,5.8999999999999995,4.863,0.4518256991545109,1.6000000000000005,0.14865743751742083,4,0.40000000000000013,0.40000000000000013,0.7000000000000002,1,0,0.020277196541428566,0.0031537727918475866
1625,200,58,train,55.772,47.2,8.571999999999996,0.15369719572545357,6.099999999999998,0.10937387936599006,12,0.5083333333333332,0.4499999999999993,1.1000000000000014,4,1,0.030994925647974014,0.016805564984679222
1626,49,58,train,22.597,18.799999999999997,3.797000000000004,0.16803115457804152,2.3000000000000016,0.10178342257821842,5,0.4600000000000003,0.40000000000000036,0.7000000000000002,1,0,0.031789544969797134,0.02903984859585762
1628,96,58,train,27.743,21.000000000000004,6.742999999999995,0.24305230148145462,4.599999999999997,0.16580759110406218,7,0.6571428571428567,0.6999999999999993,1.4000000000000004,4,1,0.03021092526614666,0.01973380520939827
1629,271,58,train,59.429,40.1,19.329,0.32524525063521176,14.700000000000003,0.24735398542798975,25,0.5880000000000001,0.5999999999999996,1.4000000000000004,13,4,0.02226272225379944,0.005286102183163166
1630,90,58,train,5.721,4.7,1.021,0.1784653032686593,0.0,0.0,0,0.0,0.0,0.0,0,0,0.021271927282214165,0.011205931194126606
1632,200,58,train,55.772,47.2,8.571999999999996,0.15369719572545357,6.099999999999998,0.10937387936599006,12,0.5083333333333332,0.4499999999999993,1.1000000000000014,4,1,0.030994925647974014,0.016805564984679222
1633,30,59,train,51.801,48.599999999999994,3.2010000000000076,0.06179417385764768,2.400000000000004,0.046331151908264395,9,0.2666666666666671,0.1999999999999993,0.8999999999999986,1,0,0.03185194358229637,0.017444349825382233
1634,239,59,train,37.643,34.1,3.5429999999999993,0.09412108492946894,3.0,0.07969609223494407,8,0.375,0.29999999999999893,1.0,2,0,0.03515443950891495,0.02230796217918396
1635,49,59,train,45.245,37.19999999999999,8.045000000000009,0.17780970272958357,6.000000000000009,0.13261133826942223,12,0.5000000000000008,0.5,0.7000000000000028,4,0,0.038318783044815063,0.03300327807664871
1636,96,59,train,47.178,37.6,9.577999999999996,0.203018356013396,8.099999999999994,0.17169019458222043,14,0.5785714285714282,0.44999999999999973,1.8000000000000007,6,2,0.03491945564746857,0.023371674120426178
1638,200,59,train,60.108,54.699999999999996,5.408000000000001,0.08997138484062024,2.800000000000005,0.04658281759499576,12,0.23333333333333375,0.19999999999999973,0.5,0,0,0.036477603018283844,0.02386736497282982
1641,90,59,train,11.129,9.2,1.9290000000000003,0.17333093719112233,0.20000000000000018,0.017971066582801707,1,0.20000000000000018,0.20000000000000018,0.20000000000000018,0,0,0.021616840735077858,0.011776404455304146
1642,261,59,train,9.666,7.766,1.9000000000000004,0.19656528036416307,0.2999999999999998,0.031036623215394146,1,0.2999999999999998,0.2999999999999998,0.2999999999999998,0,0,0.03941308334469795,0.012459932826459408
1643,265,59,train,60.526,56.39999999999999,4.126000000000012,0.06816905131678967,2.7000000000000055,0.0446089283944091,11,0.24545454545454595,0.19999999999999574,0.6000000000000005,1,0,0.03432425484061241,0.02627670019865036
1645,41,59,train,37.878,31.97799999999999,5.900000000000009,0.15576323987538965,4.300000000000009,0.11352236126511454,15,0.28666666666666724,0.1999999999999993,0.8999999999999986,2,0,0.028618482872843742,0.019021475687623024
1646,72,59,train,18.469,14.199999999999998,4.269000000000004,0.2311440792679627,3.300000000000001,0.17867778439547355,7,0.4714285714285716,0.5,0.8000000000000007,2,0,0.025283562019467354,0.01126453373581171
1647,245,59,train,42.528,34.5,8.027999999999999,0.18876975169300222,4.8,0.11286681715575621,16,0.3,0.3000000000000004,0.6000000000000014,2,0,0.02694019488990307,0.01258686650544405
1648,42,59,train,18.966,14.499999999999998,4.466000000000003,0.23547400611620808,2.500000000000003,0.13181482653168844,6,0.4166666666666672,0.35000000000000053,0.8000000000000007,2,0,0.02088107354938984,0.006365535315126181
1651,271,59,train,54.074,38.399999999999984,15.674000000000014,0.2898620409069056,10.800000000000013,0.19972630099493313,20,0.5400000000000007,0.4999999999999982,1.5,10,3,0.024616681039333344,0.007876789197325706
1654,137,6,train,34.221,25.099999999999998,9.120999999999999,0.26653224628152306,6.500000000000002,0.18994184857251403,16,0.4062500000000001,0.4500000000000002,0.6999999999999993,4,0,0.031086359173059464,0.02021152526140213
1655,232,6,train,43.494,37.40000000000001,6.093999999999987,0.14011127971674225,4.399999999999992,0.10116337885685364,16,0.2749999999999995,0.1999999999999993,1.0,2,0,0.025920338928699493,0.016251742839813232
1656,103,6,train,37.8,32.0,5.799999999999997,0.15343915343915338,3.8000000000000025,0.1005291005291006,9,0.4222222222222225,0.3999999999999986,1.0999999999999999,2,1,0.03271375969052315,0.015269318595528603
1657,249,6,train,5.094,0.5,4.594,0.9018453082057323,0.0,0.0,0,0.0,0.0,0.0,0,0,0.025554927065968513,0.018771322444081306
1658,295,6,train,29.101,21.799999999999997,7.301000000000002,0.25088484931789296,4.600000000000003,0.15807016940998603,7,0.6571428571428576,0.5,1.6000000000000014,2,2,0.11392902582883835,0.0817280113697052
1659,180,6,train,48.301,41.800000000000004,6.500999999999998,0.1345934866772944,4.499999999999998,0.09316577296536299,8,0.5624999999999998,0.40000000000000113,1.3999999999999986,2,1,0.03367855027318001,0.027470942586660385
1660,247,6,train,47.961,33.79999999999998,14.161000000000016,0.29526073267863506,10.300000000000015,0.21475782406538677,23,0.4478260869565224,0.3999999999999986,1.3999999999999986,5,1,0.028646593913435936,0.011982236988842487
1663,323,6,train,60.526,54.5,6.026000000000003,0.09956051944618846,4.299999999999997,0.07104384892442912,14,0.30714285714285694,0.29999999999999893,0.6999999999999993,2,0,0.031146828085184097,0.017004696652293205
1664,219,6,train,25.418,17.099999999999998,8.318000000000001,0.32724840664096316,6.999999999999999,0.2753953890943426,10,0.7,0.5999999999999988,1.7999999999999998,6,1,0.030499465763568878,0.009121284820139408
1666,315,6,train,55.877,38.499999999999986,17.377000000000017,0.3109866313510034,15.000000000000018,0.268446767006103,23,0.652173913043479,0.5,1.7000000000000002,10,5,0.019859854131937027,0.008566362783312798
1667,157,6,train,0.601,0.19999999999999996,0.401,0.6672212978369385,0.0,0.0,0,0.0,0.0,0.0,0,0,0.00553895952180028,0.002721252851188183
1668,3,6,train,27.873,20.9,6.9730000000000025,0.25017041581458765,5.500000000000002,0.1973235747856349,12,0.4583333333333335,0.35000000000000053,1.1000000000000014,3,1,0.03543896600604057,0.01034787017852068
1670,138,6,train,51.723,47.29999999999999,4.423000000000009,0.08551321462405524,2.4000000000000092,0.046401020822458276,7,0.3428571428571442,0.20000000000000284,0.8000000000000007,1,0,0.0308506041765213,0.01905505731701851
1671,147,6,train,41.405,36.099999999999994,5.305000000000007,0.12812462263011729,1.9000000000000057,0.04588817775630976,6,0.3166666666666676,0.2500000000000018,0.6000000000000014,1,0,0.03714859113097191,0.030575178563594818
1672,101,6,train,20.376,16.000000000000004,4.375999999999998,0.21476246564585774,2.299999999999998,0.11287789556340783,5,0.45999999999999963,0.5999999999999996,0.6999999999999993,3,0,0.03461911156773567,0.016994360834360123
1673,189,6,train,57.9929375,44.79999999999999,13.192937500000006,0.2274921407455866,11.400000000000011,0.1965756606138465,20,0.5700000000000005,0.399999999999999,1.2000000000000028,8,3,0.029710697010159492,0.020320575684309006
1674,235,6,train,13.062,12.161999999999999,0.9000000000000004,0.06890215893431331,0.40000000000000036,0.030623181748583705,1,0.40000000000000036,0.40000000000000036,0.40000000000000036,0,0,0.02356419339776039,0.017709970474243164
1676,258,6,train,54.57,47.17000000000002,7.399999999999977,0.13560564412680917,6.899999999999981,0.12644310060472752,18,0.38333333333333225,0.3999999999999986,0.7999999999999989,4,0,0.030430687591433525,0.018427761271595955
1677,154,6,train,47.961,31.66099999999999,16.300000000000008,0.33985946915201953,15.500000000000009,0.32317924980713514,22,0.7045454545454549,0.6000000000000014,1.8000000000000007,12,5,0.026926476508378983,0.008785199373960495
1679,164,6,train,36.206,32.20000000000002,4.005999999999986,0.11064464453405473,3.0999999999999894,0.08562116776224905,11,0.28181818181818086,0.20000000000000284,0.5999999999999979,2,0,0.03531983494758606,0.03033146820962429
1680,239,60,train,34.665,31.199999999999996,3.4650000000000034,0.09995672868887938,2.4000000000000004,0.06923409779316314,7,0.3428571428571429,0.29999999999999716,0.6999999999999993,2,0,0.03406941518187523,0.021767428144812584
1681,72,60,train,2.404,0.9,1.504,0.6256239600665557,0.0,0.0,0,0.0,0.0,0.0,0,0,0.011098227463662624,0.0032797623425722122
1683,42,60,train,7.472,6.972,0.5,0.06691648822269806,0.0,0.0,0,0.0,0.0,0.0,0,0,0.029881911352276802,0.01760212518274784
1684,271,60,train,43.625,31.1,12.524999999999999,0.28710601719197704,8.5,0.19484240687679083,15,0.5666666666666667,0.40000000000000036,2.5,6,1,0.023516271263360977,0.006907064002007246
1685,30,60,train,39.446,36.7,2.745999999999995,0.06961415606145098,0.8000000000000007,0.020280890331085554,2,0.40000000000000036,0.40000000000000036,0.6000000000000014,1,0,0.02920474112033844,0.01860613189637661
1688,245,60,train,28.265,23.7,4.565000000000001,0.16150716433751994,1.5,0.05306916681408102,4,0.375,0.35000000000000053,0.5999999999999979,1,0,0.024099640548229218,0.010850527323782444
1689,261,60,train,11.442,9.599999999999998,1.8420000000000023,0.16098584163607782,1.1000000000000012,0.09613703897919955,4,0.2750000000000003,0.25000000000000044,0.40000000000000036,0,0,0.06188513711094856,0.031602002680301666
1691,41,60,train,23.171,19.699999999999996,3.4710000000000036,0.14979931811315886,1.5000000000000013,0.06473609252945497,8,0.18750000000000017,0.1999999999999995,0.3000000000000007,0,0,0.02888866513967514,0.021759046241641045
1692,49,60,train,16.379,13.8,2.5790000000000006,0.15745772025154164,1.8999999999999995,0.1160021979363819,3,0.6333333333333332,0.5999999999999996,1.0,2,0,0.036039482802152634,0.02759513258934021
1694,96,60,train,39.654,30.099999999999998,9.554000000000006,0.24093407979018522,7.000000000000006,0.1765269581883292,15,0.46666666666666706,0.40000000000000036,1.0,6,0,0.03244449943304062,0.022625498473644257
1695,90,60,train,16.614,14.4,2.2140000000000004,0.13326110509209102,1.3999999999999995,0.08426628144938,5,0.2799999999999999,0.29999999999999893,0.40000000000000036,0,0,0.03290922939777374,0.025466209277510643
1696,200,60,train,60.526,56.199999999999996,4.326000000000008,0.07147341638304212,3.300000000000007,0.054522023593166685,11,0.30000000000000066,0.29999999999999716,0.6000000000000014,1,0,0.04206022247672081,0.028531404212117195
1698,265,60,train,43.965,40.46500000000001,3.499999999999993,0.07960877971113368,3.1999999999999904,0.07278517002160788,10,0.31999999999999906,0.25,0.5999999999999996,1,0,0.03144418075680733,0.021515391767024994
1699,253,61,train,58.776,53.27599999999999,5.500000000000014,0.0935756090921467,4.600000000000013,0.07826323669524998,12,0.3833333333333344,0.3500000000000014,0.9000000000000057,1,0,0.03456404432654381,0.02129845693707466
1702,317,61,train,60.526,51.39999999999998,9.126000000000026,0.1507781779731029,8.90000000000002,0.14704424544823744,27,0.3296296296296304,0.30000000000000426,0.7000000000000028,2,0,0.03279448300600052,0.021694989874958992
1703,327,61,train,37.46,32.2,5.259999999999998,0.14041644420715424,3.400000000000002,0.0907634810464496,7,0.48571428571428604,0.5,0.9000000000000004,3,0,0.023093322291970253,0.012909375131130219
1704,280,61,train,30.068,25.500000000000007,4.567999999999994,0.15192230943195403,3.5999999999999925,0.11972861513901797,10,0.35999999999999927,0.3999999999999986,0.5999999999999979,1,0,0.03354703262448311,0.01675180345773697
1708,304,61,train,60.526,52.199999999999996,8.326000000000008,0.1375607177080925,5.900000000000006,0.09747876945444942,14,0.4214285714285718,0.5,0.7999999999999972,4,0,0.03421817719936371,0.02346096932888031
1709,165,61,train,25.992,20.799999999999997,5.192000000000004,0.19975377039088965,3.3000000000000034,0.12696214219759938,10,0.33000000000000035,0.2999999999999998,0.8000000000000007,1,0,0.011520236730575562,0.007163408678025007
1710,93,61,train,41.091,34.0,7.091000000000001,0.17256820228273834,3.3999999999999986,0.08274317977172613,6,0.5666666666666664,0.5500000000000007,1.0,3,0,0.034069839864969254,0.02718476392328739
1711,253,61,train,58.776,53.27599999999999,5.500000000000014,0.0935756090921467,4.600000000000013,0.07826323669524998,12,0.3833333333333344,0.3500000000000014,0.9000000000000057,1,0,0.03456404432654381,0.02129845693707466
1712,91,61,train,14.29,11.1,3.1899999999999995,0.2232330300909727,1.8000000000000007,0.12596221133659907,5,0.36000000000000015,0.3000000000000007,0.7000000000000002,1,0,0.027958903461694717,0.018174583092331886
1714,97,61,train,60.526,56.20000000000001,4.325999999999993,0.07147341638304189,3.5999999999999925,0.059478571192545224,16,0.22499999999999953,0.14999999999999858,0.5999999999999979,1,0,0.027804192155599594,0.018690625205636024
1715,86,61,train,33.124,26.900000000000006,6.223999999999997,0.18790001207583615,5.299999999999999,0.1600048303345006,14,0.3785714285714285,0.3500000000000014,0.7999999999999972,4,0,0.0324145071208477,0.021823961287736893
1716,301,61,train,19.514,13.4,6.113999999999999,0.31331351849953876,2.8999999999999995,0.14861125345905501,5,0.5799999999999998,0.2999999999999998,1.8999999999999986,1,1,0.013194944709539413,0.006757576484233141
1718,93,62,train,19.932,17.699999999999996,2.232000000000003,0.11198073449729094,1.6000000000000032,0.08027292795504733,5,0.3200000000000006,0.3000000000000007,0.40000000000000213,0,0,0.03181052207946777,0.021726733073592186
1719,86,62,train,22.335,18.699999999999996,3.635000000000005,0.1627490485784645,2.7000000000000046,0.12088650100738771,9,0.3000000000000005,0.20000000000000107,0.5999999999999996,1,0,0.027166083455085754,0.020256396383047104
1720,91,62,train,12.148,10.0,2.1479999999999997,0.1768192295027988,0.7999999999999998,0.06585446163977608,4,0.19999999999999996,0.20000000000000018,0.2999999999999998,0,0,0.029588263481855392,0.016808707267045975
1721,165,62,train,27.795,22.7,5.095000000000002,0.18330635006296103,2.4000000000000004,0.08634646519158122,6,0.4000000000000001,0.5,0.5,0,0,0.010153251700103283,0.006211380008608103
1723,304,62,train,60.526,53.29999999999999,7.226000000000013,0.11938670984370374,5.600000000000009,0.0925222218550707,17,0.3294117647058829,0.1999999999999993,1.0,4,0,0.036880359053611755,0.029180526733398438
1725,253,62,train,29.571,25.299999999999997,4.271000000000004,0.14443204490886355,2.4000000000000012,0.08116059653038453,8,0.30000000000000016,0.19999999999999973,0.6000000000000014,1,0,0.03402988240122795,0.019213611260056496
1727,280,62,train,51.488,46.888000000000005,4.599999999999994,0.08934120571783706,4.199999999999994,0.08157240522063382,15,0.2799999999999996,0.20000000000000107,0.6999999999999993,1,0,0.038972970098257065,0.0307467058300972
1730,327,62,train,38.949,33.00000000000001,5.948999999999991,0.15273819610259548,3.7999999999999936,0.09756348044879185,13,0.2923076923076918,0.29999999999999716,0.8000000000000007,1,0,0.02578134834766388,0.013064239174127579
1731,97,62,train,30.12,24.300000000000004,5.819999999999997,0.19322709163346602,2.599999999999995,0.08632138114209811,6,0.4333333333333325,0.29999999999999893,1.0999999999999979,1,1,0.026764316484332085,0.016397470608353615
1732,317,62,train,52.141,44.099999999999994,8.041000000000004,0.15421645154484961,5.500000000000001,0.10548320899100518,17,0.32352941176470595,0.20000000000000284,0.8000000000000043,2,0,0.03171646222472191,0.022188592702150345
1733,301,62,train,26.698,21.299999999999994,5.398000000000007,0.20218742977002047,2.5000000000000036,0.0936399730316879,10,0.25000000000000033,0.25000000000000044,0.5,0,0,0.018137019127607346,0.00923598650842905
1734,317,63,train,59.743,53.10000000000001,6.642999999999994,0.11119294310630523,5.999999999999991,0.10043017592019134,19,0.31578947368421006,0.29999999999999716,0.6000000000000014,2,0,0.031900517642498016,0.024877216666936874
1738,165,63,train,22.414,15.399999999999995,7.0140000000000065,0.3129294191130546,4.400000000000002,0.19630588025341314,9,0.48888888888888915,0.5,0.8000000000000007,3,0,0.011278856545686722,0.005299728363752365
1739,93,63,train,15.491,11.1,4.391,0.2834549093021755,2.3000000000000007,0.14847330708153125,6,0.38333333333333347,0.2999999999999998,1.0,1,0,0.025448426604270935,0.01313189510256052
1740,253,63,train,38.557,33.3,5.257000000000005,0.13634359519672185,3.600000000000003,0.09336825997873287,12,0.30000000000000027,0.20000000000000195,0.6999999999999993,2,0,0.03537994995713234,0.02271944470703602
1741,91,63,train,11.364,9.199999999999998,2.1640000000000033,0.1904259063709964,0.6000000000000014,0.05279831045406559,2,0.3000000000000007,0.3000000000000007,0.3000000000000007,0,0,0.03316747397184372,0.01980794034898281
1743,86,63,train,34.247,26.8,7.446999999999999,0.21744970362367505,4.899999999999997,0.14307822582999963,14,0.34999999999999976,0.1999999999999993,1.0,3,0,0.03071056865155697,0.020067300647497177
1745,327,63,train,38.688,31.799999999999997,6.888000000000005,0.17803970223325075,5.300000000000004,0.136993382961125,17,0.31176470588235317,0.20000000000000284,1.0,3,0,0.02586769126355648,0.010634259320795536
1747,301,63,train,23.589,19.099999999999994,4.489000000000004,0.19030056382212068,1.600000000000005,0.06782822502013672,6,0.2666666666666675,0.2000000000000015,0.7000000000000002,1,0,0.018288733437657356,0.008876479230821133
1748,280,63,train,38.035,32.8,5.234999999999999,0.13763638753779414,3.0000000000000036,0.07887472065203112,9,0.3333333333333337,0.3000000000000007,0.8999999999999986,1,0,0.03398636355996132,0.022069664672017097
1749,97,63,train,40.334,36.99999999999999,3.3340000000000103,0.08265979074726063,1.8000000000000071,0.044627361531214535,9,0.2000000000000008,0.20000000000000284,0.40000000000000036,0,0,0.0282679945230484,0.02074408531188965
1750,93,64,train,19.305,15.0,4.305,0.22299922299922298,1.3999999999999995,0.07252007252007249,3,0.4666666666666665,0.5,0.5,0,0,0.03005950152873993,0.017596567049622536
1751,97,64,train,55.72,51.000000000000014,4.719999999999985,0.0847092605886573,3.699999999999987,0.06640344580043049,14,0.26428571428571335,0.20000000000000107,0.6000000000000014,2,0,0.02976706251502037,0.019597161561250687
1753,327,64,train,40.595,35.2,5.394999999999996,0.13289814016504486,3.599999999999998,0.0886808720285749,13,0.27692307692307677,0.20000000000000018,0.5,0,0,0.02767297439277172,0.01504778303205967
1754,86,64,train,26.802,21.900000000000002,4.9019999999999975,0.1828967987463621,3.0999999999999983,0.11566301022311762,9,0.3444444444444443,0.20000000000000018,1.0,2,0,0.03134032338857651,0.023766402155160904
1755,253,64,train,57.026,48.59999999999999,8.426000000000016,0.14775716339915154,6.400000000000017,0.11222950934661412,17,0.3764705882352951,0.40000000000000213,0.8999999999999995,4,0,0.03572490066289902,0.023609569296240807
1757,165,64,train,26.149,18.900000000000002,7.248999999999999,0.27721901411143823,4.899999999999998,0.18738766300814552,13,0.37692307692307675,0.29999999999999893,0.8000000000000007,3,0,0.01244471874088049,0.00515789957717061
1759,91,64,train,22.126,18.3,3.8260000000000005,0.17291873813612946,2.4000000000000004,0.108469673687065,8,0.30000000000000004,0.2999999999999998,0.5,0,0,0.02962317131459713,0.01893697679042816
1760,301,64,train,31.53,26.5,5.030000000000001,0.1595306057722804,2.6999999999999984,0.08563273073263553,9,0.2999999999999998,0.20000000000000107,0.8000000000000007,1,0,0.021598687395453453,0.010981909930706024
1761,317,64,train,56.112,47.50000000000001,8.611999999999995,0.15347875677216985,6.399999999999997,0.11405759908753915,23,0.27826086956521723,0.29999999999999716,0.5,0,0,0.03013111650943756,0.02169516123831272
1764,280,64,train,26.672,22.899999999999995,3.7720000000000056,0.14142171565686884,1.100000000000005,0.04124175164967025,4,0.27500000000000124,0.2500000000000009,0.40000000000000213,0,0,0.03212016820907593,0.018565865233540535
1765,253,65,train,44.226,39.10000000000001,5.125999999999991,0.1159046714602268,3.6999999999999904,0.08366119477230567,11,0.3363636363636355,0.3999999999999986,0.5999999999999996,1,0,0.034333378076553345,0.020472509786486626
1769,317,65,train,60.526,52.800000000000004,7.725999999999999,0.1276476225093348,6.399999999999995,0.10573968212008054,18,0.3555555555555553,0.30000000000000426,0.7999999999999972,3,0,0.03218989819288254,0.023246312513947487
1770,280,65,train,34.404,30.499999999999993,3.9040000000000106,0.11347517730496484,3.600000000000003,0.1046389954656436,12,0.30000000000000027,0.25,0.6000000000000014,1,0,0.03314051777124405,0.02735200896859169
1771,97,65,train,45.95,41.300000000000004,4.649999999999999,0.10119695321001085,3.399999999999997,0.07399347116430896,10,0.3399999999999997,0.20000000000000284,1.0999999999999979,2,1,0.029208658263087273,0.020176732912659645
1773,301,65,train,34.378,28.200000000000003,6.177999999999997,0.1797079527604863,4.899999999999996,0.14253301530048273,13,0.3769230769230766,0.29999999999999716,0.8000000000000003,3,0,0.019521143287420273,0.00896571297198534
1775,327,65,train,43.521,36.999999999999986,6.521000000000015,0.14983571149560015,4.200000000000017,0.09650513545185122,18,0.23333333333333428,0.20000000000000284,0.5,0,0,0.02684144675731659,0.014887135475873947
1776,91,65,train,15.204,11.999999999999996,3.204000000000004,0.2107340173638519,1.700000000000002,0.11181268087345447,5,0.3400000000000004,0.20000000000000107,0.7999999999999989,1,0,0.029568824917078018,0.015180589631199837
1777,86,65,train,38.009,33.0,5.009,0.1317845773369465,3.100000000000003,0.08155963061380207,9,0.3444444444444448,0.3000000000000007,1.0,1,0,0.028167910873889923,0.021005967631936073
1778,93,65,train,25.052,20.499999999999996,4.552000000000003,0.1817020597157913,3.200000000000003,0.12773431262973028,5,0.6400000000000006,0.40000000000000036,1.9000000000000021,2,1,0.032154958695173264,0.019813135266304016
1779,59,66,train,8.882,5.800000000000001,3.081999999999999,0.3469939202882233,1.7000000000000002,0.19139833370862422,2,0.8500000000000001,0.8500000000000001,1.2000000000000002,1,1,0.0052257804200053215,0.00034067558590322733
1780,254,66,train,31.269,28.568999999999996,2.700000000000003,0.0863475007195626,1.9000000000000004,0.06076305606191437,7,0.27142857142857146,0.1999999999999993,0.6999999999999993,1,0,0.0378335639834404,0.02671455219388008
1781,208,66,train,60.526,48.60000000000001,11.925999999999995,0.19703928890063765,8.599999999999994,0.14208769784885825,20,0.4299999999999997,0.29999999999999716,1.1999999999999993,6,1,0.031252868473529816,0.012214289978146553
1782,64,66,train,34.848,30.2,4.648,0.13337924701561066,1.6999999999999984,0.04878328741965101,8,0.2124999999999998,0.1999999999999993,0.3000000000000007,0,0,0.03682256489992142,0.028921736404299736
1783,55,66,train,9.196,7.095999999999999,2.1000000000000005,0.22836015658982173,2.1000000000000005,0.22836015658982173,4,0.5250000000000001,0.6000000000000001,0.8000000000000007,2,0,0.031083527952432632,0.009769003838300705
1784,310,66,train,5.643,4.6,1.0430000000000001,0.18483076377813223,0.10000000000000009,0.017721070352649318,1,0.10000000000000009,0.10000000000000009,0.10000000000000009,0,0,0.03645339608192444,0.0208054818212986
1785,2,66,train,31.557,28.357,3.1999999999999993,0.10140380898057481,2.4999999999999982,0.07922172576607403,10,0.24999999999999983,0.25,0.3999999999999986,0,0,0.03350357338786125,0.02656637504696846
1786,308,66,train,15.073,9.6,5.473000000000001,0.36309958203410075,2.7000000000000006,0.1791282425529092,4,0.6750000000000002,0.7,1.0,3,0,0.023053692653775215,0.00747493002563715
1787,175,66,train,36.285,25.9,10.384999999999998,0.28620642138624774,7.5000000000000036,0.20669698222405963,10,0.7500000000000003,0.6500000000000017,2.1000000000000005,6,3,0.011788072995841503,0.006051328964531422
1789,129,66,train,14.89,13.1,1.790000000000001,0.1202149093351243,0.5000000000000009,0.03357958361316325,2,0.25000000000000044,0.25000000000000044,0.3000000000000007,0,0,0.029203901067376137,0.02329443022608757
1790,142,66,train,20.272,18.299999999999997,1.9720000000000013,0.09727703235990535,0.20000000000000107,0.009865824782951909,2,0.10000000000000053,0.10000000000000053,0.10000000000000142,0,0,0.03153424710035324,0.01939714141190052
1792,190,66,train,14.525,11.099999999999998,3.4250000000000025,0.23580034423407933,1.5000000000000018,0.10327022375215159,3,0.5000000000000006,0.6000000000000005,0.8000000000000007,2,0,0.029890183359384537,0.0132024846971035
1793,283,66,train,21.865,17.6,4.264999999999997,0.19506059913103121,2.699999999999997,0.12348502172421666,10,0.2699999999999997,0.2999999999999998,0.5,0,0,0.03565536439418793,0.025698522105813026
1795,7,66,train,30.512,26.599999999999994,3.912000000000006,0.1282118510749871,3.1000000000000045,0.10159937073938137,12,0.2583333333333337,0.1999999999999993,0.8999999999999999,1,0,0.016281450167298317,0.009266522713005543
1796,2,67,train,37.277,32.4,4.8770000000000024,0.1308313437240122,3.899999999999998,0.10462215307025775,16,0.24374999999999988,0.20000000000000107,0.40000000000000213,0,0,0.031570885330438614,0.022958824411034584
1797,142,67,train,39.707,36.699999999999996,3.007000000000005,0.07572972020046856,1.5000000000000004,0.03777671443322337,7,0.21428571428571436,0.10000000000000009,0.5,0,0,0.035963863134384155,0.025700153782963753
1799,283,67,train,14.211,11.4,2.811,0.1978045176271902,1.3000000000000003,0.09147843220040815,5,0.26000000000000006,0.20000000000000018,0.5,0,0,0.029407992959022522,0.019839057698845863
1800,175,67,train,42.084,33.800000000000004,8.283999999999999,0.1968444064252447,5.899999999999997,0.14019579887843353,13,0.4538461538461536,0.5,0.8000000000000007,5,0,0.022667106240987778,0.011268651112914085
1802,190,67,train,23.432,20.399999999999995,3.0320000000000036,0.12939569819050886,1.400000000000003,0.05974735404574953,4,0.35000000000000075,0.3500000000000001,0.5,0,0,0.029712343588471413,0.02113305777311325
1803,7,67,train,37.46,31.500000000000004,5.959999999999997,0.15910304324612912,3.9999999999999973,0.10678056593699939,13,0.3076923076923075,0.3000000000000007,0.6000000000000014,1,0,0.019450627267360687,0.010853102430701256
1804,208,67,train,48.118,39.00000000000001,9.117999999999995,0.18949249761004186,6.699999999999992,0.13924103246186442,19,0.352631578947368,0.20000000000000018,1.8000000000000007,3,1,0.030281979590654373,0.012853793799877167
1805,129,67,train,21.656,19.099999999999994,2.5560000000000045,0.11802733653490971,1.1000000000000023,0.05079423716291108,4,0.2750000000000006,0.2500000000000018,0.39999999999999947,0,0,0.03185265511274338,0.02120017260313034
1806,310,67,train,6.374,4.9,1.4739999999999993,0.23125196109193588,0.8999999999999999,0.14119861939127706,2,0.44999999999999996,0.44999999999999996,0.7999999999999998,1,0,0.030468812212347984,0.009767386130988598
1808,308,67,train,26.28,21.4,4.880000000000003,0.18569254185692552,1.1000000000000005,0.04185692541856927,5,0.2200000000000001,0.2999999999999998,0.3000000000000007,0,0,0.024073071777820587,0.012083986774086952
1809,59,67,train,12.905,10.300000000000004,2.604999999999995,0.20185974428516043,1.7999999999999963,0.139480821387059,6,0.2999999999999994,0.2999999999999994,0.5,0,0,0.007461682427674532,0.0026066992431879044
1810,254,67,train,38.845,36.699999999999996,2.145000000000003,0.05521946196421684,1.1000000000000014,0.028317672802162477,4,0.27500000000000036,0.25,0.40000000000000213,0,0,0.040892332792282104,0.030738726258277893
1811,64,67,train,50.913,42.699999999999996,8.213000000000001,0.16131439907292836,3.8000000000000043,0.07463712607781911,12,0.31666666666666704,0.2500000000000018,0.8000000000000007,2,0,0.036496322602033615,0.02681122161448002
1812,55,67,train,8.125,5.3999999999999995,2.7250000000000005,0.33538461538461545,1.4000000000000004,0.17230769230769236,3,0.4666666666666668,0.2999999999999998,1.0,1,0,0.029378876090049744,0.013043868355453014
1813,308,68,train,12.357,7.699999999999998,4.657000000000001,0.3768714089180223,2.4000000000000017,0.19422189851905816,5,0.4800000000000003,0.20000000000000107,1.5,1,1,0.022834928706288338,0.005208583548665047
1814,55,68,train,7.028,4.9,2.1279999999999992,0.30278884462151384,0.0,0.0,0,0.0,0.0,0.0,0,0,0.025008831173181534,0.011146597564220428
1816,142,68,train,29.545,25.9,3.645000000000003,0.12337112878659681,1.2000000000000028,0.04061600947706897,6,0.20000000000000048,0.20000000000000107,0.3000000000000007,0,0,0.03315206617116928,0.02314487285912037
1819,283,68,train,10.032,7.2,2.832,0.2822966507177033,1.6999999999999997,0.16945773524720892,6,0.28333333333333327,0.30000000000000027,0.40000000000000036,0,0,0.02327287755906582,0.00747328856959939
1820,129,68,train,28.213,24.6,3.6129999999999995,0.12806153191791017,2.0,0.07088930634813738,6,0.3333333333333333,0.3500000000000014,0.5,0,0,0.030206764116883278,0.01911763846874237
1821,208,68,train,56.895,44.9,11.995000000000005,0.21082696194744713,9.2,0.1617013797345988,14,0.6571428571428571,0.2999999999999998,3.3000000000000007,5,2,0.033025309443473816,0.014966115355491638
1822,190,68,train,19.984,16.8,3.184000000000001,0.1593274619695757,0.8999999999999986,0.04503602882305837,4,0.22499999999999964,0.1999999999999993,0.3999999999999986,0,0,0.02695905789732933,0.016644135117530823
1823,64,68,train,45.401,41.5,3.9010000000000034,0.0859232175502743,2.099999999999998,0.04625448778661258,9,0.2333333333333331,0.20000000000000284,0.5,0,0,0.03989065811038017,0.0376218818128109
1824,59,68,train,7.054,2.8000000000000003,4.254,0.603062092429827,0.0,0.0,0,0.0,0.0,0.0,0,0,0.0017482212278991938,5.6539938668720424e-05
1825,310,68,train,6.27,5.369999999999999,0.9000000000000004,0.14354066985645939,0.6000000000000001,0.09569377990430625,2,0.30000000000000004,0.30000000000000004,0.5,0,0,0.023213466629385948,0.013000299222767353
1826,2,68,train,30.747,27.299999999999997,3.4470000000000027,0.11210849839008692,2.399999999999999,0.0780563957459264,10,0.2399999999999999,0.20000000000000018,0.5,0,0,0.03225279226899147,0.02507389709353447
1827,175,68,train,26.201,19.499999999999996,6.701000000000004,0.25575359719094704,3.600000000000003,0.1373993359032099,8,0.4500000000000004,0.40000000000000124,0.7999999999999998,3,0,0.016017790883779526,0.007468510419130325
1828,7,68,train,23.302,20.9,2.402000000000001,0.10308128057677457,1.9000000000000021,0.0815380654021115,7,0.27142857142857174,0.3000000000000007,0.40000000000000036,0,0,0.01865444891154766,0.01038670539855957
1829,254,68,train,12.174,10.7,1.4740000000000002,0.12107770658781011,0.09999999999999964,0.008214227041235391,1,0.09999999999999964,0.09999999999999964,0.09999999999999964,0,0,0.035529863089323044,0.02535923756659031
1830,64,69,train,53.003,47.7,5.302999999999997,0.10005094051280111,3.299999999999998,0.06226062675697598,11,0.2999999999999998,0.1999999999999993,0.8000000000000007,1,0,0.04280095919966698,0.03881324455142021
1831,254,69,train,26.619,23.6,3.0189999999999984,0.11341522972313003,1.799999999999999,0.06762087230925275,6,0.2999999999999998,0.25,0.5999999999999996,1,0,0.03745565935969353,0.026890475302934647
1832,7,69,train,29.885,24.6,5.285,0.17684457085494396,4.599999999999998,0.15392337292956323,10,0.4599999999999998,0.24999999999999956,1.7,3,1,0.01784183643758297,0.011716675013303757
1834,59,69,train,15.674,13.074,2.5999999999999996,0.16587980094423885,1.7000000000000002,0.1084598698481562,5,0.34,0.40000000000000036,0.5,0,0,0.00549829239025712,0.0013627363368868828
1835,310,69,train,8.464,7.364000000000001,1.0999999999999996,0.12996219281663512,0.2999999999999998,0.03544423440453684,2,0.1499999999999999,0.1499999999999999,0.20000000000000018,0,0,0.029336493462324142,0.016138799488544464
1836,308,69,train,24.921,19.400000000000002,5.520999999999997,0.22154006661048903,3.999999999999999,0.16050720276072386,4,0.9999999999999998,0.6499999999999995,2.5000000000000004,2,1,0.0293975118547678,0.018095433712005615
1837,175,69,train,30.433,22.999999999999996,7.433000000000003,0.24424144842769374,5.300000000000004,0.17415305753622726,8,0.6625000000000005,0.7500000000000009,1.3000000000000007,6,1,0.017140252515673637,0.008243399672210217
1838,208,69,train,54.675,44.17499999999999,10.500000000000007,0.19204389574759959,7.7000000000000055,0.14083219021490637,21,0.3666666666666669,0.3999999999999986,1.0,5,0,0.02770889364182949,0.011097188107669353
1839,129,69,train,29.284,27.400000000000002,1.8839999999999968,0.0643354732959977,0.599999999999997,0.020489004234394106,3,0.19999999999999898,0.1999999999999993,0.2999999999999998,0,0,0.03568429872393608,0.025185568258166313
1840,55,69,train,5.983,5.383,0.5999999999999996,0.10028413839211092,0.09999999999999964,0.01671402306535177,1,0.09999999999999964,0.09999999999999964,0.09999999999999964,0,0,0.02896987274289131,0.018953189253807068
1841,190,69,train,35.814,32.2,3.613999999999997,0.10091025855810569,1.9000000000000021,0.05305187915340376,6,0.31666666666666704,0.3500000000000014,0.5,0,0,0.0315084345638752,0.020159458741545677
1843,283,69,train,15.099,11.999000000000002,3.099999999999998,0.20531161004039988,2.5999999999999983,0.17219683422743218,7,0.37142857142857116,0.40000000000000036,0.5000000000000004,1,0,0.02938074991106987,0.020622551441192627
1845,142,69,train,27.403,24.0,3.4029999999999987,0.1241834835601941,2.299999999999999,0.0839324161588147,8,0.28749999999999987,0.2499999999999991,0.5,0,0,0.03009515255689621,0.01810397580265999
1846,2,69,train,42.11,35.6,6.509999999999998,0.1545951080503443,5.299999999999997,0.1258608406554262,21,0.25238095238095226,0.20000000000000284,0.5,0,0,0.029938671737909317,0.02090584672987461
1849,27,7,train,54.962,43.39999999999999,11.562000000000012,0.21036352388923277,9.100000000000005,0.16556893853935453,24,0.3791666666666669,0.3000000000000025,0.8000000000000043,8,0,0.02448439598083496,0.011453116312623024
1850,311,7,train,21.761,18.900000000000002,2.860999999999997,0.1314737374201552,1.1999999999999975,0.055144524608244,5,0.2399999999999995,0.29999999999999893,0.3999999999999986,0,0,0.028622135519981384,0.015498599968850613
1851,326,7,train,9.274,6.800000000000001,2.4739999999999984,0.2667673064481344,0.10000000000000053,0.010782833728703962,1,0.10000000000000053,0.10000000000000053,0.10000000000000053,0,0,0.021199723705649376,0.005898165982216597
1852,325,7,train,44.304,40.40000000000001,3.9039999999999893,0.08811845431563717,3.099999999999989,0.06997110870350282,9,0.3444444444444432,0.3000000000000007,0.5999999999999996,1,0,0.03415690362453461,0.022617187350988388
1853,177,7,train,14.655,14.0,0.6549999999999994,0.04469464346639368,0.0,0.0,0,0.0,0.0,0.0,0,0,0.028639720752835274,0.01864682137966156
1854,89,7,train,52.585,38.29999999999999,14.28500000000001,0.27165541504231266,11.300000000000013,0.21489017780735975,19,0.5947368421052639,0.40000000000000213,2.8000000000000007,6,3,0.01345761027187109,0.00723754009231925
1856,146,7,train,39.785,37.8,1.9849999999999994,0.049893175820032665,0.9000000000000021,0.02262159105190404,5,0.18000000000000044,0.1999999999999993,0.3000000000000007,0,0,0.028989674523472786,0.023598700761795044
1857,26,7,train,47.099,38.9,8.198999999999998,0.17408012908978956,4.7,0.09978980445444703,13,0.36153846153846153,0.2999999999999998,0.8000000000000043,3,0,0.03194037452340126,0.01710616983473301
1858,298,7,train,53.16,51.86,1.2999999999999972,0.024454477050413793,0.3999999999999986,0.007524454477050388,3,0.13333333333333286,0.10000000000000142,0.20000000000000284,0,0,0.03572636842727661,0.029219215735793114
1859,270,7,train,21.29,18.1,3.1899999999999977,0.14983560356975095,1.200000000000001,0.05636449037106628,5,0.2400000000000002,0.1999999999999993,0.5,0,0,0.03172045946121216,0.0253000408411026
1860,127,7,train,60.161,55.800000000000004,4.360999999999997,0.07248882166187393,2.999999999999993,0.049866192383770096,12,0.24999999999999942,0.20000000000000284,0.6999999999999957,1,0,0.027002688497304916,0.020292872563004494
1862,263,7,train,16.51,13.900000000000002,2.6099999999999994,0.15808600847970922,1.7999999999999987,0.10902483343428217,6,0.29999999999999977,0.2999999999999994,0.40000000000000036,0,0,0.03429363667964935,0.02538304589688778
1863,241,7,train,18.548,11.9,6.647999999999998,0.3584213931421177,4.399999999999999,0.23722234203148582,8,0.5499999999999998,0.5,1.0999999999999996,4,1,0.016088254749774933,0.01059807650744915
1864,193,7,train,5.251,4.951000000000001,0.29999999999999893,0.057131974861930855,0.1999999999999993,0.03808798324128724,1,0.1999999999999993,0.1999999999999993,0.1999999999999993,0,0,0.038372624665498734,0.025752438232302666
1865,310,70,train,8.961,6.199999999999999,2.761000000000001,0.30811293382435007,0.5000000000000004,0.05579734404642344,2,0.2500000000000002,0.2500000000000002,0.30000000000000027,0,0,0.03236044570803642,0.012295013293623924
1866,7,70,train,28.866,25.2,3.6660000000000004,0.12700062357098318,1.9999999999999978,0.06928566479595365,10,0.1999999999999998,0.1999999999999993,0.40000000000000213,0,0,0.011459961533546448,0.007063547149300575
1867,208,70,train,47.073,39.79999999999999,7.27300000000001,0.15450470545748116,4.100000000000009,0.08709876149809889,7,0.5857142857142871,0.5,1.8999999999999995,3,1,0.031469251960515976,0.012306738644838333
1868,308,70,train,19.018,16.3,2.718,0.1429172363024503,0.5,0.026290882322010725,3,0.16666666666666666,0.20000000000000018,0.20000000000000018,0,0,0.029106905683875084,0.018082208931446075
1869,142,70,train,44.278,39.8,4.4780000000000015,0.10113374587831432,1.0000000000000036,0.022584579249288667,6,0.16666666666666727,0.1999999999999993,0.20000000000000284,0,0,0.03521662577986717,0.024444252252578735
1870,64,70,train,60.526,55.400000000000006,5.125999999999998,0.08469087664805203,3.4999999999999947,0.057826388659419,14,0.2499999999999996,0.1999999999999984,0.6000000000000014,1,0,0.04275926202535629,0.03503815829753876
1871,129,70,train,12.383,10.7,1.6829999999999998,0.135912137608011,0.20000000000000018,0.01615117499798112,2,0.10000000000000009,0.10000000000000009,0.10000000000000053,0,0,0.028021296486258507,0.01854918897151947
1872,55,70,train,8.778,5.378000000000002,3.3999999999999986,0.3873319662793345,3.099999999999999,0.35315561631351094,3,1.033333333333333,0.4999999999999999,2.1999999999999993,1,1,0.02511860989034176,0.007509906310588121
1873,175,70,train,44.592,37.400000000000006,7.191999999999993,0.1612845353426622,5.699999999999991,0.12782561894510208,10,0.5699999999999992,0.5999999999999996,0.9000000000000004,5,0,0.01674174703657627,0.008845360018312931
1875,283,70,train,22.126,17.999999999999996,4.126000000000005,0.18647744734701277,2.900000000000003,0.13106752237187033,7,0.4142857142857147,0.5,0.6000000000000014,2,0,0.03028056025505066,0.02061423473060131
1877,59,70,train,34.952,25.700000000000006,9.251999999999992,0.26470588235294096,6.999999999999996,0.2002746623941404,13,0.5384615384615381,0.40000000000000036,1.5,4,1,0.004994702059775591,0.0008935334044508636
1879,2,70,train,49.973,42.400000000000006,7.572999999999993,0.15154183258959825,5.5,0.1100594320933304,16,0.34375,0.3999999999999986,0.6000000000000014,2,0,0.03322601318359375,0.024929344654083252
1880,190,70,train,31.766,26.799999999999997,4.966000000000001,0.15633066800982187,2.8000000000000016,0.08814455707360076,8,0.3500000000000002,0.3000000000000007,0.6000000000000014,2,0,0.02988414466381073,0.018266117200255394
1881,254,70,train,8.752,7.800000000000001,0.952,0.10877513711151736,0.1999999999999993,0.02285191956124306,1,0.1999999999999993,0.1999999999999993,0.1999999999999993,0,0,0.0417909175157547,0.03299058601260185
1882,276,71,train,39.55,34.0,5.549999999999997,0.1403286978508217,2.1000000000000014,0.053097345132743404,7,0.3000000000000002,0.3000000000000007,0.5999999999999979,1,0,0.03144213184714317,0.017103472724556923
1883,202,71,train,17.738,12.899999999999999,4.838000000000001,0.27274777314240617,4.100000000000001,0.23114218062915784,7,0.585714285714286,0.40000000000000036,1.5,2,1,0.024255894124507904,0.011152585037052631
1885,274,71,train,11.155,7.699999999999999,3.455,0.30972658000896464,0.2999999999999998,0.026893769610040325,1,0.2999999999999998,0.2999999999999998,0.2999999999999998,0,0,0.018147582188248634,0.006869531702250242
1886,12,71,train,31.374,29.799999999999997,1.5740000000000016,0.05016892968700203,0.40000000000000213,0.012749410339771854,2,0.20000000000000107,0.20000000000000107,0.3000000000000007,0,0,0.030596386641263962,0.01888675056397915
1887,292,71,train,3.606,2.7000000000000006,0.9059999999999993,0.25124792013311126,0.49999999999999956,0.1386577925679422,2,0.24999999999999978,0.24999999999999978,0.2999999999999998,0,0,0.02014469914138317,0.009507287293672562
1889,37,71,train,29.623,25.6,4.023,0.13580663673496943,3.4000000000000004,0.11477568105863688,12,0.2833333333333334,0.20000000000000107,0.6999999999999993,2,0,0.022368174046278,0.015780311077833176
1890,73,71,train,15.596,11.599999999999998,3.996000000000002,0.25621954347268544,2.3000000000000016,0.14747371120800215,5,0.4600000000000003,0.5,0.6000000000000014,2,0,0.013517828658223152,0.008303099311888218
1891,196,71,train,3.527,2.1,1.427,0.40459313864474056,0.0,0.0,0,0.0,0.0,0.0,0,0,0.036330386996269226,0.013513815589249134
1894,231,71,train,9.614,3.3,6.314000000000001,0.6567505720823799,0.20000000000000018,0.020802995631370936,1,0.20000000000000018,0.20000000000000018,0.20000000000000018,0,0,0.012486588209867477,0.0021457134280353785
1895,277,71,train,18.182,17.099999999999998,1.0820000000000007,0.05950940490595098,0.0,0.0,0,0.0,0.0,0.0,0,0,0.03070911578834057,0.017704302445054054
1896,19,71,train,20.141,13.299999999999999,6.840999999999999,0.339655429223971,5.099999999999999,0.25321483541035694,5,1.0199999999999998,0.8999999999999986,2.0,3,2,0.023485831916332245,0.01072034053504467
1898,58,71,train,25.339,19.3,6.038999999999998,0.23832826867674328,4.000000000000002,0.15785942618098592,7,0.5714285714285717,0.6999999999999993,1.0,4,0,0.03558419272303581,0.02670765295624733
1899,160,71,train,0.628,0.0,0.628,1.0,0.0,0.0,0,0.0,0.0,0.0,0,0,0.008095493540167809,0.00923048984259367
1901,160,72,train,0.628,0.09999999999999998,0.528,0.8407643312101911,0.0,0.0,0,0.0,0.0,0.0,0,0,0.00978805497288704,0.011700530536472797
1902,196,72,train,9.77,4.199999999999999,5.57,0.5701125895598772,0.0,0.0,0,0.0,0.0,0.0,0,0,0.018879208713769913,0.0057080769911408424
1904,73,72,train,32.549,24.1,8.448999999999998,0.2595778672155826,5.5,0.16897600540723218,12,0.4583333333333333,0.35000000000000053,1.1,3,1,0.01881682127714157,0.008657542988657951
1907,277,72,train,39.263,35.199999999999996,4.063000000000002,0.10348164939001102,2.2000000000000037,0.056032396913124415,9,0.24444444444444485,0.20000000000000018,0.4000000000000057,0,0,0.031623274087905884,0.016538036987185478
1908,58,72,train,15.099,12.0,3.099,0.2052453804887741,1.0000000000000009,0.06622955162593555,3,0.33333333333333365,0.3000000000000007,0.5,0,0,0.029952114447951317,0.019745435565710068
1911,202,72,train,18.73,13.8,4.93,0.26321409503470367,2.0999999999999996,0.11211959423384942,6,0.3499999999999999,0.3500000000000001,0.6999999999999993,1,0,0.025902751833200455,0.013365106657147408
1912,19,72,train,10.162,5.300000000000001,4.862,0.4784491241881519,2.0999999999999996,0.20665223381224163,4,0.5249999999999999,0.5,0.5999999999999996,1,0,0.018878310918807983,0.004860876128077507
1913,276,72,train,31.818,24.799999999999997,7.018000000000004,0.2205669746684268,4.100000000000002,0.12885787918788114,8,0.5125000000000003,0.5,0.9000000000000021,3,0,0.02496124990284443,0.011153156869113445
1915,292,72,train,4.232,3.3000000000000003,0.9319999999999999,0.220226843100189,0.2999999999999998,0.07088846880907368,2,0.1499999999999999,0.1499999999999999,0.19999999999999973,0,0,0.01930958218872547,0.011054489761590958
1916,37,72,train,48.223,41.1,7.1229999999999976,0.14770959915393064,5.499999999999995,0.11405345996723544,12,0.45833333333333287,0.4499999999999993,1.1000000000000014,4,1,0.029606463387608528,0.023884780704975128
1918,12,72,train,36.154,33.900000000000006,2.253999999999998,0.06234441555567842,0.8999999999999915,0.024893511091441927,4,0.22499999999999787,0.1999999999999993,0.29999999999999716,0,0,0.029304707422852516,0.019565150141716003
1919,231,72,train,9.953,6.300000000000001,3.6529999999999987,0.3670250175826383,0.7999999999999998,0.08037777554506177,1,0.7999999999999998,0.7999999999999998,0.7999999999999998,1,0,0.01690611243247986,0.00819951482117176
1920,274,72,train,11.625,9.8,1.8249999999999993,0.1569892473118279,0.5999999999999996,0.051612903225806424,1,0.5999999999999996,0.5999999999999996,0.5999999999999996,1,0,0.022829478606581688,0.01154323760420084
1921,231,73,train,13.114,9.0,4.114000000000001,0.3137105383559555,1.3000000000000012,0.09913070001525096,5,0.26000000000000023,0.2999999999999998,0.40000000000000036,0,0,0.023842234164476395,0.012625596486032009
1922,37,73,train,38.688,32.688,6.0,0.15508684863523572,4.099999999999997,0.10597601323407767,10,0.4099999999999997,0.34999999999999964,0.8000000000000007,2,0,0.02645130641758442,0.020329048857092857
1923,202,73,train,22.884,18.2,4.684000000000001,0.20468449571753194,2.500000000000001,0.10924663520363577,7,0.35714285714285726,0.40000000000000036,0.6000000000000014,2,0,0.029347503557801247,0.01663442701101303
1924,276,73,train,1.594,1.094,0.5,0.31367628607277287,0.0,0.0,0,0.0,0.0,0.0,0,0,0.01622174307703972,0.014042274095118046
1925,19,73,train,20.846,13.0,7.846,0.37637916146982636,4.3,0.2062745850522882,8,0.5375,0.40000000000000013,1.8999999999999986,3,1,0.019238652661442757,0.004425118211656809
1927,12,73,train,38.401,34.69999999999999,3.7010000000000147,0.09637769849743534,3.200000000000008,0.08333116325095721,9,0.35555555555555646,0.40000000000000213,0.7000000000000028,2,0,0.02642594836652279,0.016605406999588013
1929,231,73,train,13.114,9.0,4.114000000000001,0.3137105383559555,1.3000000000000012,0.09913070001525096,5,0.26000000000000023,0.2999999999999998,0.40000000000000036,0,0,0.023842234164476395,0.012625596486032009
1930,73,73,train,23.877,19.9,3.9770000000000003,0.1665619633957365,2.3000000000000007,0.09632700925576919,9,0.25555555555555565,0.1999999999999993,1.0,1,0,0.02284395508468151,0.014413900673389435
1932,58,73,train,24.869,20.6,4.268999999999998,0.17165949575777065,2.1999999999999966,0.0884635489967428,5,0.43999999999999934,0.39999999999999947,0.6999999999999993,2,0,0.037448950111866,0.027826523408293724
1933,292,73,train,9.509,8.899999999999999,0.6090000000000018,0.06404458933641831,0.10000000000000009,0.0105163529288043,1,0.10000000000000009,0.10000000000000009,0.10000000000000009,0,0,0.019613180309534073,0.01418045349419117
1934,274,73,train,14.838,12.900000000000002,1.937999999999997,0.13061059441973294,0.4999999999999982,0.03369726378218077,2,0.2499999999999991,0.2499999999999991,0.29999999999999893,0,0,0.025178516283631325,0.01337481290102005
1938,277,73,train,35.945,31.500000000000004,4.444999999999997,0.12366114897760458,2.5999999999999996,0.07233273056057865,11,0.23636363636363633,0.20000000000000284,0.5,0,0,0.02811562269926071,0.013082081452012062
1940,277,73,train,35.945,31.500000000000004,4.444999999999997,0.12366114897760458,2.5999999999999996,0.07233273056057865,11,0.23636363636363633,0.20000000000000284,0.5,0,0,0.02811562269926071,0.013082081452012062
1942,292,74,train,1.411,0.0,1.411,1.0,0.0,0.0,0,0.0,0.0,0.0,0,0,0.0051381648518145084,0.0043272217735648155
1943,202,74,train,14.864,11.7,3.1640000000000015,0.2128632938643704,0.9999999999999998,0.0672766415500538,5,0.19999999999999996,0.1999999999999993,0.40000000000000036,0,0,0.025767061859369278,0.014837909489870071
1944,37,74,train,34.665,30.7,3.965,0.11438049906245493,2.4999999999999982,0.07211885186787821,10,0.24999999999999983,0.24999999999999822,0.5,0,0,0.02612227201461792,0.019108690321445465
1945,19,74,train,17.712,6.699999999999999,11.012,0.6217253839205059,5.5,0.31052393857271904,5,1.1,0.6999999999999993,2.3000000000000007,4,2,0.015106691978871822,0.0022165123373270035
1946,58,74,train,30.799,23.100000000000005,7.6989999999999945,0.249975648560018,4.699999999999995,0.15260235721939008,14,0.33571428571428535,0.30000000000000027,0.7999999999999972,2,0,0.03090936690568924,0.020702525973320007
1948,231,74,train,11.573,8.100000000000003,3.472999999999997,0.3000950488205303,1.4999999999999978,0.12961202799619784,5,0.29999999999999954,0.20000000000000018,0.5999999999999996,1,0,0.019489172846078873,0.008563696406781673
1949,73,74,train,24.686,20.900000000000006,3.7859999999999943,0.15336628048286455,2.4999999999999947,0.10127197601879587,9,0.2777777777777772,0.1999999999999993,0.6000000000000014,1,0,0.019644098356366158,0.010524965822696686
1952,12,74,train,57.183,53.483,3.700000000000003,0.06470454505709744,2.100000000000005,0.03672420124862293,10,0.2100000000000005,0.20000000000000195,0.3999999999999986,0,0,0.029689399525523186,0.018323106691241264
1956,274,74,train,14.107,11.9,2.206999999999999,0.15644715389522926,0.1999999999999993,0.014177358758063323,2,0.09999999999999964,0.09999999999999964,0.09999999999999964,0,0,0.021441375836730003,0.011021601036190987
1957,277,74,train,27.978,24.1,3.878,0.13860890699835585,2.099999999999998,0.07505897490885688,7,0.2999999999999997,0.29999999999999716,0.5,0,0,0.029308810830116272,0.015529198572039604
1958,276,74,train,56.373,45.800000000000004,10.572999999999993,0.1875543256523512,8.399999999999995,0.1490075035921451,19,0.4421052631578945,0.3999999999999986,0.8999999999999986,7,0,0.028222905471920967,0.013547159731388092
1959,19,75,train,13.454,6.900000000000001,6.553999999999999,0.4871413705961052,3.5999999999999996,0.26757841534116245,4,0.8999999999999999,1.0,1.1999999999999993,3,2,0.018210137262940407,0.0031335405074059963
1960,231,75,train,30.433,22.90000000000001,7.532999999999991,0.24752735517365987,6.3999999999999915,0.21029803174185888,15,0.4266666666666661,0.3000000000000007,0.8999999999999986,5,0,0.024397097527980804,0.011518442071974277
1961,276,75,train,55.406,43.10000000000001,12.30599999999999,0.22210590910731673,8.199999999999989,0.1479984117243618,20,0.4099999999999994,0.29999999999999893,1.0,7,0,0.026339994743466377,0.011921316385269165
1963,277,75,train,28.814,25.9,2.9140000000000015,0.10113139446102594,1.0000000000000004,0.03470535156521137,6,0.16666666666666674,0.1999999999999993,0.20000000000000107,0,0,0.030409451574087143,0.01586127281188965
1966,73,75,train,27.09,20.099999999999998,6.990000000000002,0.2580287929125139,4.200000000000001,0.15503875968992253,11,0.3818181818181819,0.20000000000000284,1.0,3,0,0.021553026512265205,0.010603310540318489
1967,292,75,train,0.915,0.0,0.915,1.0,0.0,0.0,0,0.0,0.0,0.0,0,0,0.015730159357190132,0.01275634765625
1968,37,75,train,44.801,38.500000000000014,6.300999999999988,0.14064418204950754,5.399999999999986,0.12053302381643236,14,0.38571428571428473,0.34999999999999787,1.0,2,0,0.026611516252160072,0.0202975794672966
1970,12,75,train,60.526,56.400000000000006,4.125999999999998,0.06816905131678944,3.699999999999998,0.061130753725671574,13,0.28461538461538444,0.20000000000000284,0.8999999999999986,2,0,0.030594870448112488,0.02052237279713154
1973,202,75,train,22.179,16.6,5.578999999999997,0.25154425357319976,3.1999999999999966,0.14428062581721435,6,0.5333333333333328,0.6499999999999986,0.7999999999999998,4,0,0.027914950624108315,0.012726450338959694
1974,274,75,train,17.633,15.7,1.9329999999999998,0.10962400045369478,0.40000000000000124,0.022684738841944153,2,0.20000000000000062,0.20000000000000062,0.20000000000000107,0,0,0.027851711958646774,0.01505290623754263
1976,58,75,train,31.112,24.500000000000004,6.611999999999995,0.21252249935716105,5.099999999999998,0.1639238878889174,13,0.39230769230769214,0.3999999999999986,0.8000000000000007,2,0,0.03387581557035446,0.021221237257122993
1979,26,8,train,52.246,47.100000000000016,5.145999999999987,0.09849557860888845,4.49999999999999,0.0861309956743098,14,0.32142857142857073,0.2999999999999998,0.8999999999999986,2,0,0.0356190986931324,0.020521175116300583
1980,89,8,train,29.206,23.4,5.806000000000001,0.19879476819831546,4.3999999999999995,0.15065397521057317,11,0.39999999999999997,0.3000000000000007,1.1999999999999993,2,1,0.016070779412984848,0.008838368579745293
1981,146,8,train,57.366,55.2,2.165999999999997,0.03775755674092662,0.40000000000000036,0.006972771327964306,3,0.13333333333333344,0.09999999999999964,0.20000000000000284,0,0,0.03182471916079521,0.02604011632502079
1982,127,8,train,34.743,30.300000000000004,4.442999999999998,0.12788187548570928,3.0999999999999925,0.08922660679849156,11,0.28181818181818113,0.1999999999999993,0.5,0,0,0.03051636554300785,0.021107684820890427
1983,193,8,train,1.751,1.5509999999999997,0.20000000000000018,0.1142204454597374,0.10000000000000009,0.0571102227298687,1,0.10000000000000009,0.10000000000000009,0.10000000000000009,0,0,0.014584152959287167,0.005799075122922659
1984,27,8,train,51.148,38.4,12.748000000000005,0.2492375068428874,11.400000000000002,0.22288261515601787,20,0.5700000000000001,0.5,1.6999999999999993,8,2,0.024321837350726128,0.010541386902332306
1985,263,8,train,25.81,22.700000000000003,3.109999999999996,0.12049593180937605,2.0,0.07748934521503294,3,0.6666666666666666,0.5,1.1999999999999993,1,1,0.03598411753773689,0.025088151916861534
1986,270,8,train,21.552,18.900000000000006,2.651999999999994,0.12305122494432043,1.3999999999999977,0.0649591685226428,7,0.19999999999999968,0.1999999999999993,0.40000000000000036,0,0,0.03111303597688675,0.022642411291599274
1987,326,8,train,7.576,6.5,1.0759999999999996,0.14202745512143608,0.0,0.0,0,0.0,0.0,0.0,0,0,0.03407051041722298,0.025887377560138702
1988,298,8,train,48.17,45.89999999999999,2.2700000000000102,0.04712476645214885,1.6000000000000103,0.03321569441561159,9,0.17777777777777892,0.1999999999999993,0.3000000000000007,0,0,0.03655247390270233,0.033692680299282074
1989,311,8,train,18.548,16.400000000000002,2.147999999999996,0.11580763424627973,1.999999999999997,0.10782833728703888,10,0.19999999999999968,0.19999999999999973,0.3999999999999986,0,0,0.03493872284889221,0.021047482267022133
1990,177,8,train,14.603,13.9,0.7029999999999994,0.0481407929877422,0.09999999999999964,0.006847907964116938,1,0.09999999999999964,0.09999999999999964,0.09999999999999964,0,0,0.03215590864419937,0.023846790194511414
1992,241,8,train,30.773,20.3,10.472999999999999,0.34033080947583916,8.9,0.2892145712150262,14,0.6357142857142858,0.5499999999999998,1.8999999999999995,7,1,0.012964368797838688,0.007445561699569225
1993,325,8,train,46.89,42.99999999999999,3.8900000000000077,0.08296011942844972,2.3000000000000087,0.049050970356152884,10,0.23000000000000087,0.25,0.4000000000000057,0,0,0.03697435185313225,0.028316814452409744
1995,27,9,train,34.221,24.299999999999997,9.921,0.2899097045673709,7.800000000000002,0.22793021828701682,12,0.6500000000000001,0.39999999999999936,2.1000000000000014,5,3,0.018394090235233307,0.00660973135381937
1996,146,9,train,50.391,47.0,3.3909999999999982,0.0672937627750987,0.3000000000000007,0.005953444067393001,1,0.3000000000000007,0.3000000000000007,0.3000000000000007,0,0,0.031813010573387146,0.026016492396593094
1997,270,9,train,30.747,28.199999999999996,2.547000000000004,0.08283734998536456,1.3000000000000047,0.042280547695710304,7,0.1857142857142864,0.10000000000000142,0.5,0,0,0.032001350075006485,0.021987885236740112
1998,127,9,train,46.708,40.699999999999996,6.008000000000003,0.1286289286631841,5.200000000000006,0.11132996488824198,13,0.40000000000000047,0.40000000000000036,0.8999999999999986,2,0,0.02744338847696781,0.020754439756274223
1999,193,9,train,2.848,2.0,0.8479999999999999,0.297752808988764,0.0,0.0,0,0.0,0.0,0.0,0,0,0.02445177175104618,0.01499029342085123
2000,325,9,train,35.005,31.9,3.105000000000004,0.08870161405513509,1.6999999999999975,0.04856449078703035,5,0.3399999999999995,0.3999999999999986,0.5,0,0,0.03542485460639,0.022439515218138695
2001,326,9,train,7.289,5.5,1.7889999999999997,0.24543833173274796,0.0,0.0,0,0.0,0.0,0.0,0,0,0.020917434245347977,0.00784196238964796
2002,298,9,train,42.188,40.188,2.0,0.0474068455484972,1.1999999999999975,0.028444107329098262,9,0.13333333333333305,0.10000000000000142,0.40000000000000213,0,0,0.03524193540215492,0.02964053861796856
2004,26,9,train,49.868,40.900000000000006,8.967999999999996,0.17983476377636953,6.799999999999993,0.13635999037458876,15,0.45333333333333287,0.40000000000000036,1.3000000000000007,6,1,0.028935423120856285,0.014135521836578846
2005,241,9,train,18.73,14.5,4.23,0.22584089695675388,1.1999999999999993,0.06406833956219964,4,0.2999999999999998,0.2999999999999998,0.5,0,0,0.012039827182888985,0.009518318809568882
2007,89,9,train,18.757,15.1,3.657000000000002,0.19496721224076352,1.700000000000001,0.09063283040998033,5,0.3400000000000002,0.3000000000000007,0.5,0,0,0.017833374440670013,0.011339711025357246
2008,263,9,train,22.779,17.8,4.978999999999999,0.21857851529917904,2.899999999999997,0.12731024188945944,7,0.4142857142857138,0.20000000000000018,1.0999999999999996,1,1,0.026508251205086708,0.01203753612935543
2010,177,9,train,10.841,10.4,0.44099999999999895,0.040678904160132735,0.0,0.0,0,0.0,0.0,0.0,0,0,0.03864291310310364,0.02641017735004425
2011,311,9,train,29.467,23.4,6.067,0.20589133607085894,3.9000000000000004,0.1323514439881902,9,0.43333333333333335,0.40000000000000036,0.6000000000000014,2,0,0.03125029429793358,0.0161796472966671
