id,new_speech_duration_seconds,new_non_speech_duration_seconds,new_f0_mean_hz,new_f0_std_hz,new_f0_min_hz,new_f0_max_hz,new_f0_range_hz,new_voiced_percentage_of_speech,new_pitch_slope_semitones_per_second,new_final_contour_slope_semitones_per_second,new_relative_pitch_mean_semitones,new_relative_pitch_std_semitones,new_mean_rms,new_rms_std,new_rms_dynamic_range_db_p95_p05,new_energy_slope_db_per_second,new_third_1_relative_pitch_mean_st,new_third_1_voiced_percentage,new_third_1_mean_rms,new_third_2_relative_pitch_mean_st,new_third_2_voiced_percentage,new_third_2_mean_rms,new_third_3_relative_pitch_mean_st,new_third_3_voiced_percentage,new_third_3_mean_rms,new_transcript_speech_rate_wpm,new_articulation_rate_wpm,new_speech_rate_excluding_pauses_wpm,new_pause_count,new_pause_ratio,new_mean_pause_duration_seconds,new_median_pause_duration_seconds,new_longest_pause_seconds,new_pauses_over_0_5_seconds,new_pauses_over_1_second,new_non_speech_ratio_including_edges
0001,38.99999999999999,4.468000000000011,237.25857008705154,68.28342911107984,90.31255006540792,394.8918024181688,304.57925235276093,73.74358974358974,0.03862324713200772,0.04821626779355372,1.1722933247645584,4.723993447443309,0.04012302893854907,0.03388229328229277,40.46652534409425,-0.011134638570477605,0.9540530343468162,77.88057190916737,0.043995615084878356,0.66891077815702,70.7384403036577,0.04010239885680501,1.9485718320073209,73.29635499207608,0.03649813833669619,120.08834084844023,133.84615384615384,124.67755803955289,5,0.03680868685009678,0.32000000000000134,0.10000000000000142,0.9000000000000004,1,0,0.10278825802889506
0003,14.899999999999999,6.495000000000001,189.84081661046008,106.10776307025986,83.40982145050454,393.93029248738236,310.52047103687784,69.32885906040268,0.1862110315767793,-1.7219313850788351,2.6460118141904374,9.280916736360528,0.02830774282790784,0.02726503603105391,26.292819500069097,-0.1288363572899861,2.9609516831169045,68.12977099236642,0.02625194768072128,1.3970692310163435,73.87247278382581,0.033825175707783074,5.038122231110568,62.22910216718266,0.020635774058059275,129.0021032951624,197.14285714285714,141.574762759682,5,0.0888057957466698,0.38000000000000006,0.5,0.6000000000000014,1,0,0.303575601776116
0004,0.0,39.315,,,,,,0.0,,,,,,,,,,,,,,,,,,,,,0,0.0,0.0,0.0,0.0,0,0,1.0
0005,47.40000000000001,10.382999999999988,220.40626536884574,89.18470590057531,68.25439718770303,395.01031811074876,326.7559209230457,76.03375527426161,0.007589750189721037,-0.0259977893884491,-0.4602768263555857,7.203797560314603,0.03278585224077345,0.03133750758263832,39.47113397186514,-0.02613126598996863,-0.3504313548236048,73.45245692405871,0.034422029565845995,-0.8485974514596459,76.89486552567237,0.030292481623490082,-0.15728501995592234,77.74886141834743,0.03377213354039111,153.67841752764653,167.54716981132074,176.60044150110372,20,0.12979596074970132,0.37499999999999956,0.3000000000000007,1.0,3,0,0.1796895280618865
0007,17.5,5.0440000000000005,163.70045279480198,67.15839358457065,86.0771261108136,391.35344702620836,305.27632091539476,69.19999999999999,0.202184456185763,-0.05318517796521622,2.297141944594363,5.84617297158307,0.017270033495654258,0.01812504335000715,29.972542036037005,0.5863801548371563,0.4377361566848895,69.5219123505976,0.007737944624875757,2.469140983626655,67.6328502415459,0.018671459142290833,3.6018772920759092,70.49441786283892,0.02351377079480816,159.68772178850247,180.0,185.14708907632175,6,0.13750887154009941,0.5166666666666668,0.5500000000000003,0.6999999999999997,3,0,0.2237402413058907
0008,8.899999999999999,3.6398750000000017,239.04465148695067,68.23079568835807,114.83317936075538,394.93350505542264,280.1003256946673,85.1685393258427,-0.2862643840471612,0.027508810441991945,1.4599004258868729,4.529837049153214,0.022339664253060547,0.02553540989103611,52.82946146070513,1.8121179953143458,3.105206942518434,80.26315789473684,0.009274011779083116,1.2547136361495321,87.15083798882682,0.020181818018701284,0.5584828816073095,86.51315789473684,0.034680051476637754,133.97262731885286,152.72727272727272,153.5666540979673,5,0.1275929783989076,0.3200000000000003,0.3000000000000007,0.6000000000000001,1,0,0.29026405765607727
0010,21.5,4.126999999999999,222.0838379262321,73.07475634449153,88.5173505570877,391.8071428911542,303.2897923340665,84.93023255813954,0.003133041544818285,-0.28076619022948485,-3.1076158288546245,6.328804529525235,0.04160441708391738,0.0387902079404866,38.08095417210052,-0.23040385278230477,-3.5026187354763514,87.89115646258503,0.04824175447038737,-2.8653095996233224,87.2159090909091,0.04355246141230629,-2.919637290109721,79.60618846694796,0.032820764632182975,156.86580559566085,182.72727272727272,174.57766969210056,5,0.10145549615639751,0.5199999999999998,0.3000000000000007,1.5,1,1,0.1610410894759433
0011,51.09999999999999,9.426000000000016,165.77671898778578,79.96730553660176,69.92148931380481,394.82038669498303,324.89889738117824,81.78082191780823,0.026822170477037218,0.06152914395883735,3.5940317584639763,7.116273389500832,0.03863433567078417,0.030379886508984207,37.8096680273771,-0.015687215931816736,2.691029868828585,82.34597156398104,0.0400711506258865,4.097943429385676,80.95238095238095,0.03833779703740079,3.9952523674530527,82.0067264573991,0.03754755141231686,140.76595182235732,146.89655172413794,165.03312284507808,19,0.14704424544823733,0.4684210526315796,0.39999999999999947,1.3000000000000007,7,2,0.1557347255724815
0014,0.0,2.482,,,,,,0.0,,,,,,,,,,,,,,,,,,48.348106365834,60.0,48.348106365834,0,0.0,0.0,0.0,0.0,0,0,1.0
0015,12.3,3.217812499999999,224.99344782591,82.77376044186441,89.55138100930063,394.7824760765858,305.2310950672852,81.21951219512195,-0.01900755887380639,0.8683761564187894,-2.70136375346756,7.116376393236811,0.06767773234098008,0.06358185191447983,67.98371441020096,0.1520609715793686,-2.4982303311925866,79.1005291005291,0.05641554147794607,-2.3042868512979457,83.72591006423983,0.07784782755617864,-3.4003733392557027,80.25974025974025,0.06639896268053627,185.59316914030248,221.53846153846155,221.2353265957702,5,0.16110518154540138,0.4999999999999997,0.5,0.8999999999999986,2,0,0.2073625067966248
0016,31.999999999999996,20.742,149.71768063262465,41.01478673122986,65.49321940919798,393.9736281785628,328.48040876936483,74.6875,-0.007023869638240643,0.13495540610812184,1.209675665276068,3.8952891962790552,0.02842114405639334,0.02431288019381047,27.586762802228186,0.006922971941248217,1.355502776001763,76.15324472243941,0.027807219897618096,1.2329088841899247,75.21613832853026,0.027944333148433243,0.9565521008900069,71.93181818181819,0.029877316830267425,93.28428956050207,117.14285714285714,150.72605845230078,21,0.3811004512532708,0.9571428571428575,0.5,4.399999999999999,10,5,0.3932729134276289
0017,21.200000000000003,4.922999999999998,184.57542563002934,70.28082578259352,88.31534390247936,394.07943238500974,305.7640884825304,78.39622641509433,-0.02688231201950913,-0.21712994924954146,2.840892143531347,6.109295600521592,0.04289763091434416,0.04305428979314393,31.7870892004045,-0.12665421137870592,2.9153866551284255,76.55068078668684,0.0496438956773388,2.972586359889843,83.3981841763943,0.04364564355612752,2.6023471065203623,74.56395348837209,0.03557786528185225,105.65402136048692,125.45454545454545,118.33812116794579,6,0.10718523906136343,0.4666666666666662,0.3500000000000001,1.0,2,0,0.1884546185353902
0018,12.100000000000001,5.245999999999999,206.0855356501907,67.55974181694276,74.04397343201572,393.4690192103289,319.4250457783132,90.9090909090909,-0.04090960105754578,-0.29931475915478395,0.9792046973289044,5.20500221866946,0.14605992980660792,0.10240925619796959,50.1467203816286,-0.3496979493557271,0.7652849017767287,89.57055214723927,0.16889539960946565,1.5499356216022036,93.58974358974359,0.12622999836508625,0.28151150813313613,88.53754940711462,0.13877348151522084,124.52438602559668,166.15384615384616,139.84203029910654,2,0.10953533955955255,0.9499999999999993,0.9499999999999993,1.0999999999999996,2,1,0.3024328375417963
0019,42.2,8.111999999999995,242.76070175179726,53.49502428215689,71.59114970874917,394.45453182608946,322.8633821173403,75.30805687203791,0.027053180818100698,-0.010541247132497385,1.0017335573075838,3.7269258354184798,0.028812422131402688,0.027547522110111494,25.56023741810091,0.08226918381555422,0.25007466602475625,71.87928669410151,0.02266219571101889,1.7070002695625852,77.71918259723138,0.03088751079444068,0.9557073368194205,76.3855421686747,0.03347772742247056,120.44840197169663,128.93617021276594,135.83789115036313,11,0.11329305135951658,0.518181818181818,0.5999999999999943,1.1999999999999993,6,1,0.1612339004611225
0021,24.7,9.468999999999998,152.68898047373457,71.49789898877557,68.93110014663291,395.0337718134483,326.1026716668154,81.7408906882591,0.04585061866702175,0.0012656934946828672,2.181657000637856,5.790797573416296,0.03745545972256152,0.03255635561894192,34.578274746138085,0.07204357640348086,1.5019789408087187,80.48192771084338,0.030932321175839526,2.2625340491296067,81.35198135198135,0.04222110010296997,2.7904973744795423,83.50383631713555,0.039150198274209604,124.67441247914778,146.89655172413794,155.08391277440026,13,0.1960841698615705,0.5153846153846156,0.5,1.0999999999999996,5,1,0.27712253797301645
0022,81.19999999999997,11.143000000000029,252.5337423069036,67.91729129964614,70.4158097144311,395.0433066750635,324.62749696063236,77.8448275862069,0.004352039432724322,0.03332613168359055,0.13925280791444747,4.923661679151086,0.027389441297816595,0.025930978067828472,26.168535429987394,-0.009418457049156535,-0.0844438480409614,78.90540050743023,0.028020120553977824,0.40884224669633973,76.63755458515284,0.0288488028581959,0.0996219256476466,77.99464217374666,0.02518984720584452,140.99606900360612,151.3953488372093,157.54510363854172,24,0.10504315432680351,0.4041666666666674,0.29999999999999893,2.4000000000000057,4,1,0.1206696771818116
0023,17.0,4.760999999999999,267.2321689723501,42.07226498438869,118.02825477144864,390.96721118456674,272.9389564131181,81.05882352941177,-0.030196024265924482,-0.38217508205859774,0.4915349938999013,2.6605939030780235,0.04999912583206985,0.06984483708843446,55.84451390174418,-0.7110810272683501,0.4848066253362924,80.03412969283276,0.08053739894519876,1.0716061737786264,82.01438848920863,0.038474779574155765,-0.4744973591223427,80.90692124105011,0.026404836106429606,110.28904921648822,133.33333333333334,112.35429052946961,2,0.018381508202748094,0.20000000000000062,0.20000000000000062,0.2999999999999998,0,0,0.21878590138320847
0024,1.9650000000000003,0.6999999999999997,173.9840386848843,67.74583917589374,94.98578402062138,327.24537548493925,232.25959146431785,50.256410256410255,-0.4945581853470861,11.469095222088084,2.971287203601381,6.247553089929986,0.020499323279858837,0.015202712804005482,19.85412702709826,-5.574595889878794,6.427348156891487,75.51020408163265,0.039035165973684845,-1.7268985631684697,42.69662921348315,0.016182138239954257,5.173756936884876,40.35087719298246,0.011464378048031831,225.140712945591,600.0,253.6997885835095,1,0.11257035647279542,0.2999999999999998,0.2999999999999998,0.2999999999999998,0,0,0.2626641651031894
0025,10.3,12.741,216.5340911651061,92.56578880840402,88.09959726693519,394.92520477507117,306.825607508136,76.60194174757281,0.07891217190223354,1.2072639626115644,0.189209353020525,7.274678229758815,0.029676262538048982,0.02527747519464199,37.401134052076834,0.23618576411840625,0.023738209642602558,86.25,0.02546706065877752,0.36472026356487786,77.55102040816327,0.029313093805423716,-0.14390958908493312,72.20447284345047,0.03148426083197062,70.30944837463652,147.27272727272728,78.10616653006123,3,0.09982205633436048,0.7666666666666666,0.8000000000000007,1.1999999999999993,2,1,0.5529707911982986
0026,43.599999999999994,14.837000000000003,178.25963807939561,55.42346278437981,69.04070254003516,395.03092968900063,325.99022714896546,67.68348623853211,-0.02358889005578288,-0.07927826493361179,1.7813260990835624,4.60374306394848,0.03400408442396742,0.03185799544369974,28.974457918358333,-0.0004958951393886731,2.155367598697574,68.53503184713375,0.03249212494332895,1.7489026287776404,69.10958904109589,0.036877382453092446,1.3543591567671631,65.11278195488721,0.03263473198944101,143.74454540787517,164.7058823529412,187.3452728773112,21,0.2327292639937028,0.6476190476190481,0.5,1.3999999999999986,10,4,0.25389735954960047
0027,44.166000000000004,10.299999999999997,248.392261644125,59.50601372353043,70.23426086536361,395.03772878959876,324.8034679242352,82.49150622876557,0.016912871538303766,0.07955883203634881,1.0342244187066303,4.219420138703645,0.043283884190318346,0.039480735485701614,43.11465741244484,-0.004099162263607059,1.0208272120587645,82.00531208499336,0.03992589922770437,0.7526828668121258,82.77254374158815,0.04361618436903768,1.3425011043823774,82.71257905832748,0.04648645232245761,111.26207175118422,118.82352941176471,134.7684917493217,21,0.17442073954393555,0.4523809523809521,0.3999999999999986,1.5999999999999996,8,2,0.18910880182131967
0028,9.200000000000001,2.241999999999999,178.60376525816326,64.69362909539811,85.4489371727502,378.5417524556144,293.0928152828642,69.67391304347827,0.46772671903808405,-0.525060092867218,-1.5798099395633487,6.458064930198368,0.022561978412807267,0.02155395535278439,36.91713945323323,-1.087890183595242,-3.5814516744047578,76.47058823529412,0.02675274292589534,-0.5986030100634807,69.81627296587926,0.025442215458508242,-0.6496276784852161,62.546816479400746,0.014182733985945743,162.55899318300996,186.0,162.55899318300996,0,0.0,0.0,0.0,0.0,0,0,0.19594476490124096
0031,26.399999999999995,7.011000000000006,237.71379779726877,54.641301318564174,95.81065257644768,394.89650978678293,299.08585721033523,79.54545454545455,-0.0402747136074248,0.12614058504252204,0.9456748606515442,3.8475193989558374,0.035750036432457576,0.031099910147655684,30.73470982116316,-0.03729876633373369,1.6726416344297919,79.14691943127963,0.031800974494739044,0.5790337139119415,81.67293233082707,0.04107350577498021,0.6490449345997593,76.91256830601093,0.032565387381897945,114.93220795546377,142.22222222222223,131.90890041565046,7,0.12870012870012876,0.6142857142857147,0.40000000000000036,1.5,3,1,0.20984107030618676
0032,0.5,0.128,254.38364999873832,78.93445908806815,102.03710510823888,386.67866454706297,284.64155943882406,62.0,15.408087847502765,71.8075772574111,-0.27556464706430556,6.262291229227724,0.017107794692985075,0.019714294957204403,34.58375378463656,-23.47205558117056,0.43109539567456084,90.9090909090909,0.04040978793617773,-3.914488367951799,61.904761904761905,0.01135386083452884,4.754361345954288,44.44444444444444,0.009580610545899615,,,,0,0.0,0.0,0.0,0.0,0,0,0.20382165605095542
0035,11.900000000000002,3.7219999999999978,243.93006076309283,79.33006782271795,88.10654381171756,394.69754885685575,306.5910050451382,81.84873949579831,0.07499294115412422,0.3209679801505286,-0.2915752267534437,6.300622015044557,0.08960839424742638,0.10117436387084175,48.78223008747506,-0.8341292588900544,-0.3622075787984108,78.37837837837837,0.12665297707326847,-0.44910151029602324,88.3495145631068,0.08067258048871002,-0.04837851018300789,78.43137254901961,0.06503746195093023,168.99244654973756,203.07692307692307,186.9423594391729,5,0.0960184355396235,0.29999999999999966,0.29999999999999893,0.5999999999999996,1,0,0.23825374471898592
0037,8.277000000000001,3.3999999999999986,193.4758279492485,35.96149214906641,95.04227614090665,390.25587299090296,295.2135968499963,72.63922518159806,0.1301298730571075,0.7019057195181998,-0.409905826514458,3.387974674843337,0.012516843071180374,0.008969293736807929,18.542699579864383,-0.05574748138164686,-0.8801671864171517,78.57142857142857,0.015574726986175338,-0.2952215140721101,72.62872628726288,0.012494506139480013,-0.4274907396548952,71.57622739018088,0.011994344809825943,123.3193457223602,144.0,125.46832796026835,2,0.0171276869058833,0.09999999999999964,0.09999999999999964,0.09999999999999964,0,0,0.291170677400017
0038,47.79999999999998,8.965000000000018,202.77732860865294,81.85911738997643,74.48666934358765,394.9370498701861,320.45038052659845,82.65690376569039,-0.04608310068030488,0.01579834879905528,-0.9568620296130065,6.880517420218056,0.035708829433840385,0.03471672839550929,38.143895461425316,0.0282263529579616,0.1301727459265727,84.17721518987342,0.03571337019240216,-1.268433953061688,81.14803625377644,0.03219483019699494,-1.760708006354838,82.71844660194175,0.039468372694974115,157.49141196159604,171.92307692307693,179.64432834321315,19,0.12331542323614929,0.3684210526315797,0.40000000000000013,0.8999999999999986,2,0,0.15793182418743976
0039,51.300000000000004,8.494999999999997,205.13888219334697,61.928585185263515,68.0113669481709,391.1891685366035,323.1778015884326,87.17348927875244,0.014996214566037001,0.09070438295236741,-2.2977471804267897,6.008838433868652,0.03635026134794621,0.028639964466154844,31.91721074463088,0.03226058860092174,-2.39053757971928,83.2039911308204,0.03465952041257435,-2.551115925040086,87.23532970356926,0.0361645500345088,-1.9677039370844742,91.39270771069934,0.038355983056793164,165.56568274939374,190.3846153846154,185.7585139318885,17,0.10870474119909679,0.3823529411764702,0.30000000000000027,1.0,3,0,0.14206873484405047
0040,4.8,1.3130000000000006,289.8076157526563,52.04126654212214,130.59818147118753,394.3628250992345,263.764643628047,73.54166666666667,-0.12600274164183528,-1.1344089783781641,-0.5672952066188524,3.6670379541914513,0.0206082703701839,0.019129806771687373,36.73770372343796,0.0587221662220405,-0.16776821634692238,77.19298245614036,0.0232560282901496,-0.6820751453303128,75.98039215686275,0.011320534771775565,-0.7251814306520658,67.90123456790124,0.03044070036524075,107.96662849664648,132.0,107.96662849664648,0,0.0,0.0,0.0,0.0,0,0,0.2147881563880256
0041,34.699999999999996,7.488000000000007,208.21432093567566,83.87936806647544,75.83381749704874,394.7517155904703,318.91789809342157,73.11239193083573,0.03294536191953574,0.20690943372484616,-1.137109955008664,7.034429835783304,0.032770212366781716,0.03282657314383039,41.028949226051566,-0.057590506010930506,-1.2561879317263829,73.3644859813084,0.03389627652977171,-1.5830092849650217,76.04251839738349,0.03299024719798447,-0.5189072924991487,69.83857264231096,0.03151788334982313,156.44259031004077,183.33333333333334,181.37847642079805,15,0.13747985209064187,0.38666666666666666,0.20000000000000018,1.3000000000000007,4,1,0.17749122973357367
0042,48.300000000000004,12.225999999999999,176.55407147060637,51.66734239015627,72.03114693085521,394.67929223332453,322.6481453024693,77.26708074534162,0.008195812553371287,0.02976904714993238,1.3383988239960656,4.293189608142245,0.03887030878011675,0.033501970499813974,32.6333776696504,0.02155943925341983,1.3136858196533436,77.38998482549317,0.040172890082605855,1.4081158135374223,76.54867256637168,0.03740227174463576,1.2847233352192124,77.93427230046949,0.039419247646060154,156.62690414036942,178.8679245283019,185.7876376749108,16,0.15695734064699457,0.5937499999999997,0.5999999999999972,1.6000000000000014,10,1,0.20199583650001648
0043,35.300000000000004,5.320999999999998,226.69213213012407,90.29047878286987,70.01186945339522,393.4750061795367,323.4631367261415,82.74787535410765,-0.015069048603099116,-0.09959719367304082,-3.5456422895511137,7.645352051747793,0.045681380876269294,0.046143004065012094,40.859001214679054,-0.19085725418074342,-3.588664090123534,85.73839662447257,0.059336610844263685,-3.26719962960055,82.9489291598023,0.03898998879066266,-3.809207555908171,79.39876215738285,0.03857498309342575,152.1380566701952,171.66666666666666,170.1495002890889,10,0.10585657664754665,0.42999999999999927,0.40000000000000036,0.8000000000000043,3,0,0.13099135914920848
0044,25.700000000000003,5.751999999999999,196.36247639708137,91.63258828533539,81.8590976759054,394.8534699784761,312.9943723025707,81.78988326848248,0.12179706550201083,0.3442638875246017,-0.11056561888666096,8.186272309180923,0.0363892976388636,0.03388717596077522,41.07489899187951,-0.02374528610398514,-1.7209400712569105,79.74087161366313,0.03817002318614978,0.9714856993987184,84.50413223140495,0.034754456273608736,0.2273347532669119,80.61088977423638,0.03648317606106909,192.67455169782525,216.42857142857142,216.80022896393817,9,0.11128068167366142,0.3888888888888888,0.2999999999999998,0.8999999999999986,2,0,0.182881851710543
0045,8.4,3.4339999999999993,221.05378212573865,59.77343453705464,67.01872705546363,389.8252951913923,322.80656813592867,91.66666666666666,-0.21969018744267793,-2.054381768992353,0.9143255037554893,4.449531178798248,0.03899140217442724,0.03448406813479798,36.570904006796894,-1.0858992756813326,1.6498549975081975,93.20754716981132,0.05090626244080416,1.1596001495675854,93.95604395604396,0.03787226020324558,-0.5528552356072496,85.78199052132702,0.025957893676418924,136.8936961297955,180.0,144.20509168595336,2,0.05070136893696127,0.2999999999999998,0.2999999999999998,0.2999999999999998,0,0,0.29018083488254176
0046,1.9,1.1830000000000003,148.02722413338518,74.38911370599006,93.01003389109133,386.6239650677335,293.61393117664215,71.57894736842105,-0.6213133715186697,-12.245442912905748,2.343664392479274,6.352649448166721,0.022292169798821825,0.023015832537854403,32.890760740646364,-8.339519688970313,2.1965985576015714,54.716981132075475,0.03424237064665967,2.867678240112971,91.2621359223301,0.021262418196417804,-1.1172888741448832,38.23529411764706,0.00678345715506324,116.76938047356471,180.0,116.76938047356471,0,0.0,0.0,0.0,0.0,0,0,0.3837171586117419
0048,15.1,1.5140000000000011,250.09673948291442,56.398403539026816,141.33608076161622,394.78099119296917,253.44491043135295,85.6953642384106,-0.00762504134779707,-0.9975373432772294,-1.3869848202074775,4.0612774343800115,0.1187723267012062,0.10906473296854899,54.68603437910219,0.051742848635928054,-1.241194037187578,89.65517241379311,0.10959801724230192,-1.8729785152327096,81.04693140794224,0.10064366916503911,-1.0197069569672652,87.1951219512195,0.14783768414829598,162.51354279523292,180.0,167.55616234330395,1,0.03009510051763573,0.5,0.5,0.5,0,0,0.09112796436740105
0049,26.50000000000001,11.952999999999992,158.6288866280496,85.12474932249455,68.7580026509967,395.0456286180325,326.28762596703575,71.58490566037736,0.05616044583760939,0.12540278488651901,5.235201576022244,7.822020499471296,0.03476858540941255,0.029089032978516834,35.0223364512705,-0.025626015577402746,4.923675460915799,74.22037422037423,0.032548436874226226,5.549063879997695,73.44045368620039,0.03797367379919483,5.182390334635735,64.44444444444444,0.03277620346411033,112.34494057680804,123.42857142857143,144.2259539945915,16,0.2210490728941823,0.5312499999999996,0.399999999999999,1.3999999999999986,6,2,0.31084700803578375
0050,43.300000000000004,8.030999999999999,236.43912055842733,72.47323826537459,77.62773609357231,394.8794105727807,317.2516744792084,89.14549653579677,0.007553312129161996,-0.022241239200000783,-1.6916935925344334,5.591259937522747,0.037909244424206824,0.036213636942469464,55.78523431887959,0.03686553571542216,-1.9033386180713128,89.39393939393939,0.03681764352184603,-1.5150029465028354,88.09201623815967,0.03685315107152695,-1.6562459560156009,90.0,0.04015629797987759,142.6038845921568,159.1304347826087,162.9164719236162,15,0.12468099199314248,0.42666666666666647,0.3000000000000007,1.0,4,0,0.15645516354639494
0051,9.4,8.258999999999999,226.87239630357763,75.04700560957066,93.00952641622763,394.0515590501808,301.04203263395317,73.61702127659574,0.14325277666704578,7.4476918487238395,-1.9613274451277898,5.954525558122326,0.03820305078151953,0.05151311788393712,39.361288781945525,-1.4278479354985885,-2.2840624458525864,83.44226579520698,0.054239484209571795,-1.4151561765565304,65.96736596736596,0.02428791606408002,-3.152056819284305,50.0,0.011450547902780373,105.32872756101705,186.0,125.17666060973148,6,0.15855937482303642,0.4666666666666666,0.5499999999999998,0.7,3,0,0.4676935273798063
0057,47.79999999999998,8.965000000000018,202.77732860865294,81.85911738997643,74.48666934358765,394.9370498701861,320.45038052659845,82.65690376569039,-0.04608310068030488,0.01579834879905528,-0.9568620296130065,6.880517420218056,0.035708829433840385,0.03471672839550929,38.143895461425316,0.0282263529579616,0.1301727459265727,84.17721518987342,0.03571337019240216,-1.268433953061688,81.14803625377644,0.03219483019699494,-1.760708006354838,82.71844660194175,0.039468372694974115,157.49141196159604,171.92307692307693,179.64432834321315,19,0.12331542323614929,0.3684210526315797,0.40000000000000013,0.8999999999999986,2,0,0.15793182418743976
0058,20.400000000000002,2.1439999999999984,252.87890846971453,58.29496260151862,68.90064529778736,394.6332165140399,325.7325712162525,81.66666666666667,-0.004725066088351442,-0.06301664848458045,0.3483559021646961,4.162207182682048,0.034391170761951244,0.028158902774959353,36.20202619895339,-0.11779085160908392,0.3495286799872104,86.04294478527608,0.03861309194657307,0.2739478852202751,81.69209431345354,0.03294619729366712,0.43201557972638877,77.36131934032983,0.031826153158142266,167.6721078779276,180.0,174.64424320827942,6,0.03992193044712559,0.14999999999999988,0.09999999999999998,0.3000000000000007,0,0,0.09510290986515252
0059,29.6,2.4009999999999962,156.23807953708817,68.38892217768131,76.0328411712527,394.55718607497346,318.52434490372076,84.05405405405405,-0.023060107397508026,-0.11571901675323733,2.9113996685449792,6.083690025686005,0.03699334744601539,0.034353640025300045,35.855632267635976,0.0274413645626642,3.6603378149484502,85.75727181544634,0.027858017956479277,1.6940148364687408,87.14733542319749,0.052803163163249386,3.380682315324222,79.42345924453281,0.031007194225015956,151.8702540545608,162.0,158.30103253965672,4,0.04062373050842169,0.3250000000000006,0.20000000000000195,0.6999999999999993,1,0,0.07502890534670781
0060,38.59399999999999,11.300000000000011,199.84023336332857,44.152729554520235,84.02398421563346,394.1888551792103,310.16487096357685,75.47952306894764,-0.011231378679926246,0.07658288563973513,0.5773313646609071,3.3503237708790023,0.03793774002740192,0.03374519368583799,31.501972435291073,0.026826658866061164,0.7542471027885422,77.97427652733118,0.0333626832332933,0.8588898239484345,73.99859451862262,0.04368965273681377,0.05079669242966662,74.6431570109152,0.03583536546558374,121.45748987854252,140.93023255813952,155.8080937933872,21,0.22046739086864167,0.5238095238095242,0.40000000000000036,1.3000000000000043,10,2,0.22648013789233198
0061,37.19999999999998,13.243000000000016,180.6744897877377,70.87247265502201,84.78960316203978,394.41625212723915,309.62664896519937,77.25806451612904,0.034461657917280515,0.019608828895723334,2.5711392783809752,6.310113341409536,0.23168493980840868,0.1623438983053797,27.619523221939524,-0.003993561490610248,2.438918913284979,72.99509001636662,0.25790336198235403,1.6624697650556968,79.62819519752131,0.20260802311375029,3.6739200177562528,79.03893951946976,0.2362411846768784,83.26229605693555,93.33333333333333,102.83279876600648,21,0.1903138195587102,0.4571428571428581,0.29999999999999716,1.2000000000000028,6,2,0.26253394920999973
0062,9.9,2.6129999999999995,281.85603940388535,58.319157634188365,89.57910764175969,394.49445776353986,304.9153501217802,83.33333333333334,-0.22107602887175498,-0.8621618884783181,-0.20615619015975012,4.119854711802614,0.048130080285130855,0.05469845552686916,36.348605114417396,-1.2025580694822153,0.20445285177364295,86.45833333333333,0.0799681306214028,0.13718185410613154,87.33850129198966,0.03926504537536339,-1.123340687652536,75.55555555555556,0.030070738714149708,134.26036921601533,152.72727272727272,148.5017236807213,4,0.09590026372572526,0.30000000000000004,0.30000000000000004,0.40000000000000036,0,0,0.2088228242627667
0063,15.099999999999998,8.071000000000002,226.11275657952697,94.16554160778723,84.62556534254284,394.6055975843754,309.98003224183253,86.95364238410596,-0.06973645159495916,0.32390269353327283,-0.2287017182989034,7.833456213017763,0.04947206081842569,0.047752673366556704,55.393318786759295,0.11428125189469698,-0.18330574980727832,88.48167539267016,0.051457303376945346,0.44590430418109306,84.91620111731844,0.049057044076113616,-1.1733762962307104,87.5,0.04718536082990022,93.2199732424151,127.05882352941177,125.06513809275664,8,0.25462863061585606,0.7375,0.5999999999999999,1.5,4,3,0.3483233352034872
0066,7.299999999999999,1.8430000000000017,154.41142004411228,58.30196528601122,92.66908667416222,395.0455529018326,302.3764662276704,87.12328767123287,-0.594172756260695,-3.194842519921374,1.2160553981965554,4.981078810959494,0.032767645276039384,0.023643303669441725,32.02732845550778,-0.8700282336266715,1.82258643475227,89.82456140350877,0.037128270001901796,2.1080834800757495,87.79661016949153,0.03350529889459112,-1.9765662428362902,80.66666666666667,0.023031739513749042,144.37274417587224,188.57142857142858,145.9692579896052,1,0.010937329104232755,0.10000000000000009,0.10000000000000009,0.10000000000000009,0,0,0.2015749753910097
0067,35.69999999999999,8.866000000000014,240.01069617182054,60.87427096992235,96.13285405076141,394.7046323574761,298.5717783067147,87.17086834733894,-0.019948685706706538,0.13087320243506217,-1.1697184547121406,4.965052194307902,0.0420436375757713,0.04214475627037072,56.06625075161777,-0.11992282736488494,-0.7970093938698285,87.55832037325038,0.04616048279295864,-1.2584954808382998,85.44303797468355,0.0395331063359775,-1.527103900950762,88.82352941176471,0.03996427339714036,114.43701476461877,121.42857142857143,134.3307169572776,13,0.14809496028362448,0.5076923076923083,0.5,0.8000000000000043,6,0,0.19894089664766892
0068,9.0,8.686,191.3391962154261,86.23890558522676,108.45890195423978,395.0054011600847,286.54649920584495,80.22222222222221,-0.49863824142106805,4.170941409562,3.3520768877901177,6.8110738610235675,0.037520596138675706,0.028289643605037385,33.768149930923855,0.176501957492961,5.069342766978439,78.29268292682927,0.03566808968459193,2.371517015374489,80.25641025641026,0.03634263540351021,0.5756324883201239,88.0,0.049577570120395736,81.42033246635756,120.0,100.0973168358126,5,0.1865882619020695,0.6600000000000003,0.39999999999999947,1.3000000000000007,2,1,0.4911229220852652
0069,44.900000000000006,5.647999999999996,198.1531826912273,98.41704157310292,95.99128903722844,395.0056066828514,299.01431764562295,78.66369710467706,-0.08843189767225401,-0.12736551976388177,3.9074558207439494,7.653279731009719,0.0347285299242087,0.0312606866815997,38.61613382309634,-0.04885930457723094,5.024651298896464,81.68498168498168,0.03527430062562411,4.800380200802236,77.49196141479099,0.036735221252210425,1.9919056259334809,77.19745222929936,0.032266503158301235,145.9998417345889,147.6,160.61634891616606,10,0.09100261137928298,0.45999999999999963,0.4500000000000002,1.0,2,0,0.11173538023265008
0073,44.900000000000006,5.647999999999996,198.1531826912273,98.41704157310292,95.99128903722844,395.0056066828514,299.01431764562295,78.66369710467706,-0.08843189767225401,-0.12736551976388177,3.9074558207439494,7.653279731009719,0.0347285299242087,0.0312606866815997,38.61613382309634,-0.04885930457723094,5.024651298896464,81.68498168498168,0.03527430062562411,4.800380200802236,77.49196141479099,0.036735221252210425,1.9919056259334809,77.19745222929936,0.032266503158301235,145.9998417345889,147.6,160.61634891616606,10,0.09100261137928298,0.45999999999999963,0.4500000000000002,1.0,2,0,0.11173538023265008
0074,13.6,4.164,181.40246471462848,73.00255911573855,93.92786713057396,391.2909068942299,297.36303976365593,82.35294117647058,-0.03247681537726938,-0.48826580197765235,3.1349774811686237,6.629405185613971,0.03764131723132522,0.031206150567173005,41.386726927526595,-0.4022807941242818,2.5794654912176296,81.98757763975155,0.03515582032641303,4.417495767988691,86.86440677966101,0.0475756957160556,2.1609336927111915,77.53086419753086,0.028996992502659073,138.48232380094575,164.0,164.39454691259024,7,0.15762215717180814,0.39999999999999997,0.3000000000000007,0.7000000000000011,2,0,0.23440666516550326
0076,22.500000000000004,11.616999999999994,211.97088717907417,39.793998752982155,82.88270901706343,394.07066990050544,311.187960883442,74.35555555555555,-0.06028547520036204,-0.16400703839368333,-0.06115904925496124,3.19199674186801,0.034973456756873904,0.032705585683769245,29.73845116104294,0.03354754439801199,-0.25020527389836217,72.27272727272727,0.02275067553877376,0.5534527825112819,73.11627906976744,0.036635170329708616,-0.6834482663565636,76.2303664921466,0.035918660712041146,137.1750153882229,150.96774193548387,194.0539868142804,13,0.29310900723979244,0.769230769230769,0.3000000000000007,3.9,5,3,0.34050473371046674
0077,19.5,5.420999999999999,166.80578897303963,59.7434883545482,95.14492791081865,394.91834751307186,299.7734196022532,66.41025641025641,0.036299844873462606,0.111073832774446,1.8099748184105,5.516124191386084,0.016312976062602392,0.017228050477378163,30.13606448538613,0.5044162169022658,1.574593896589076,70.05253940455341,0.007350402496856386,1.8281307961644124,69.90154711673699,0.02397501775070867,2.0238663957594314,59.58083832335329,0.01581884113116139,103.52714578066691,117.27272727272727,119.88290506946703,7,0.13643112234661522,0.4857142857142854,0.40000000000000036,1.0,2,0,0.21752738654147102
0078,20.9,4.805,174.92183718464617,68.26579861856501,89.0024581884529,393.98395889430356,304.98150070585064,79.56937799043062,0.09040504782155953,-0.337691933402139,1.925283340313902,5.923163695351017,0.042210419920699405,0.033759814541731215,35.93403980747173,-0.05135008529292515,1.2286248152808954,83.57142857142857,0.04082745682478667,2.0165845971884995,81.67613636363636,0.046284769257534414,2.631142215942958,73.32361516034986,0.0394403502909721,140.0505738183233,180.0,158.55538427659107,7,0.1167088115152694,0.42857142857142855,0.40000000000000036,0.9000000000000004,1,0,0.18692861311028983
0079,37.20000000000001,5.980999999999987,247.4481011906499,60.71509203212329,72.75425731071515,394.5456053827064,321.79134807199125,81.90860215053763,0.01481545384545154,-0.23532052564911496,0.80083086563045,4.0975367075079205,0.04426971717779839,0.05686363454844288,78.9813724190674,0.015034229362197905,0.503632790712122,80.49586776859505,0.054392464070080686,0.8811522086758362,83.89766741911211,0.039349201473006946,1.0095079298004352,81.11769686706181,0.039435544131233,136.17100113475834,143.41463414634146,148.18174945187872,10,0.0810541673421179,0.3499999999999993,0.3999999999999986,0.5,0,0,0.13850999282091633
0081,31.700000000000003,9.364999999999995,243.42065901189295,63.68263685107841,84.84194167061594,394.5444281239527,309.70248645333675,89.58990536277602,0.02241383834566484,-0.10038076761728523,-1.0885903385508435,4.926679116085586,0.041114093482004,0.03701766159616255,47.3087998975702,-0.1237926783048851,-1.208776687339078,92.20549158547387,0.045256954649324554,-1.4582885406725858,85.54095045500506,0.042862507561770576,-0.6291163951263454,90.5893536121673,0.03502429140710471,112.50456593205894,135.88235294117646,138.88471366300917,11,0.18994277365152798,0.7090909090909088,0.6999999999999993,1.3999999999999986,9,2,0.22805308657007173
0082,7.299999999999999,1.8430000000000017,154.41142004411228,58.30196528601122,92.66908667416222,395.0455529018326,302.3764662276704,87.12328767123287,-0.594172756260695,-3.194842519921374,1.2160553981965554,4.981078810959494,0.032767645276039384,0.023643303669441725,32.02732845550778,-0.8700282336266715,1.82258643475227,89.82456140350877,0.037128270001901796,2.1080834800757495,87.79661016949153,0.03350529889459112,-1.9765662428362902,80.66666666666667,0.023031739513749042,144.37274417587224,188.57142857142858,145.9692579896052,1,0.010937329104232755,0.10000000000000009,0.10000000000000009,0.10000000000000009,0,0,0.2015749753910097
0083,10.9,3.389999999999999,214.89508893516992,88.51363000890645,75.28661279557325,394.73017788918446,319.4435650936112,85.68807339449542,0.18152099961504736,-0.17864359054279652,-0.7899542068981704,7.578922967663944,0.037934783526404524,0.03844180344989452,40.80556681244809,-0.4369323131395732,-1.2634735379848587,91.85667752442997,0.048805869735474246,-1.2288268893171579,83.65384615384616,0.03531523653064385,0.15169100641845434,82.83378746594005,0.03181028239303132,172.148355493352,205.0,198.54721549636807,4,0.13296011196641008,0.47500000000000003,0.5,0.6000000000000001,2,0,0.23722883135059475
0084,45.7,8.190999999999995,264.215086649217,54.12795899704892,74.38862275462047,394.4793896206735,320.090766866053,85.73304157549234,0.005916874193816283,-0.08641231363799354,-0.433311134320606,4.016278243466187,0.03961133596402348,0.039904112873890625,45.37064723730474,-0.03436965840250206,-0.5447606152332941,86.13138686131387,0.041010154278430994,-0.2795267722528066,85.96377749029755,0.041129585723831665,-0.4795682923093252,85.10217534607779,0.03667446494986684,195.9510864522833,220.0,219.58370589091516,10,0.10762464975598897,0.5800000000000002,0.45000000000000284,1.5,4,2,0.15199198381919052
0086,5.4670000000000005,1.8999999999999995,236.19643723595448,84.32119443833926,89.13803406981599,393.6645308610353,304.5264967912193,88.07339449541286,-0.0027439212639806866,0.06534398705945348,-1.259755777299117,7.046091075321509,0.02952191487474466,0.02669485066991539,42.67039363518481,-2.0509355245784877,-1.88724837266005,86.76470588235294,0.03833449352998793,-0.5333047505837757,90.9090909090909,0.03009722690221967,-1.468607450674684,86.69527896995709,0.023993445504867143,162.8885570788652,200.0,182.7318410232983,3,0.10859237138591012,0.2666666666666666,0.2999999999999998,0.40000000000000036,0,0,0.2579068820415365
0087,10.600000000000001,3.453999999999999,165.02391819595826,72.94895627265244,75.94092485821326,394.6986322440037,318.75770738579047,66.79245283018868,0.0389107036400268,1.000449767244033,3.1830785951195653,6.4749487478023156,0.029237470971950678,0.027596651324723102,32.51808277013478,-0.08265480303158806,2.787974125614334,71.00271002710028,0.025614984858316998,3.8363872005255932,63.591022443890274,0.025790398047929215,2.85283606439618,65.86206896551724,0.038613242070100466,136.61591006119255,174.54545454545453,160.61569349171825,7,0.14942365162942928,0.2999999999999999,0.20000000000000107,0.7999999999999989,1,0,0.24576632987049943
0088,33.0,6.131999999999998,197.04601401701447,75.43890042392265,91.92836646061066,393.7069720650528,301.77860560444213,76.60606060606061,-0.028810296070222542,-0.2646552850218121,0.8831864189596521,6.558918393529117,0.04376227629797044,0.052128839001452675,37.16717003779068,-0.08014154260062373,1.600479268588409,74.8792270531401,0.05388036086571039,-0.13615771350885778,75.85089141004862,0.038100871493033775,1.3705843987983775,79.24345295829292,0.0403810503054205,160.9935602575897,190.9090909090909,179.32369349880452,9,0.10221813349688243,0.44444444444444475,0.3999999999999986,0.9000000000000057,3,0,0.15670039865072058
0089,48.500000000000014,9.753999999999984,264.6238486371682,57.39619238470963,73.28075823503275,395.01561223784427,321.7348540028115,76.76288659793813,0.007088968688097778,-0.032904355711744424,0.04736366591101358,4.255145379529092,0.03437137754836431,0.031843848651371284,31.034670786647077,0.028318866807661294,0.06442531770564817,73.71495327102804,0.03261476029871506,-0.2497146954689828,75.66137566137566,0.03631385826724288,0.2890689361113836,80.99630996309963,0.03441461117964053,133.89638479761047,144.44444444444446,153.98586488727443,17,0.13046314416177401,0.4470588235294108,0.5,1.0,7,0,0.16743914580972952
0090,8.399999999999999,5.184000000000001,231.37108799912522,73.56428209030028,77.28845182792267,393.3886924110103,316.1002405830876,73.21428571428571,-0.15372571741710958,-0.5743068364251653,-1.1115963062171053,5.789035915229138,0.0323886233092603,0.02979116971161039,33.762908578159696,-0.46323068967307257,-1.1085027815214985,83.39920948616601,0.03344726894015414,-0.7556529528960544,70.68557919621749,0.03541194315386842,-2.1314038905386976,64.02439024390245,0.022957515755081224,83.92226148409894,103.63636363636364,105.71216617210683,2,0.2061248527679623,1.4,1.4,2.5,1,1,0.3816254416961132
0093,34.39499999999999,6.20000000000001,167.92845314314144,75.98182019583939,80.90910943276137,394.56188478706395,313.65277535430255,76.46887725421757,-0.0035785973014557707,-0.3537460115717266,3.0665107702529095,6.633711655136265,0.03149118241745555,0.027370565236383593,28.333206949643177,-0.029800843471596773,2.21470922749804,77.2508038585209,0.029537403816834378,4.484304924834845,78.84151246983106,0.03651429017764208,2.236776774754557,72.34490010515248,0.027478368075964016,130.06527897524327,150.85714285714286,150.4487818777604,10,0.1354846655992119,0.5500000000000007,0.15000000000000036,1.7000000000000028,3,2,0.1527281684936571
0094,9.6,2.809000000000001,200.65947603113034,60.188329941050576,94.05299601804253,394.72012355228526,300.6671275342427,85.19290928050052,0.004903961380762223,-0.5084927878566385,1.1866879239498658,4.640600673839478,0.03652535815952959,0.030746771623883323,35.60806706731292,-0.016352066814942508,0.9961017922325421,85.03184713375796,0.03539772700878951,1.4878548297772707,86.7231638418079,0.03887625688481639,1.0156107925898334,83.50515463917526,0.03488788566836813,111.20960593117897,138.0,135.17484572436086,4,0.17729067612216948,0.5500000000000003,0.5999999999999996,0.6000000000000014,3,0,0.22636795873962454
0096,21.8,4.48,176.4416583189696,47.28107403420184,97.20092699798259,394.15970118543714,296.95877418745454,85.59633027522936,0.0377778419016119,0.25822785702872847,1.1167765180862967,3.837624867505438,0.04294695404152516,0.03491678873953332,39.94338065595133,-0.2768818398852522,0.8325504701565288,87.97101449275362,0.04869300887817754,1.184517194367004,85.88082901554404,0.04564188925896347,1.3308925293602236,83.008356545961,0.0345273609702821,194.06392694063925,212.5,212.67723102585484,7,0.08751902587519021,0.3285714285714284,0.3000000000000007,0.5,0,0,0.17047184170471844
0098,14.0,12.959,250.33417535467427,63.363178761326566,69.69979864366681,394.10943954788894,324.4096409042221,65.78571428571428,0.02605314541145341,,0.1984031984725241,5.031191511916783,0.026149112315046876,0.0196920642501324,26.2565227043166,0.2174668560575354,-0.05247440413955667,62.31884057971015,0.02100503413754107,0.4632806673017968,69.89079563182527,0.03224015028185952,,,,64.54245335509478,133.84615384615384,64.78275438400536,1,0.0037093363997180774,0.09999999999999964,0.09999999999999964,0.09999999999999964,0,0,0.48069290403946735
0099,10.0,3.9239999999999995,166.67602893745098,83.06059883797833,78.16290778235525,395.0386255097299,316.87571772737465,68.4,0.14823300705518658,-0.05104569443385497,2.8018861941829765,7.342633949266227,0.024870815218857964,0.024175526609303243,30.640983183653464,-0.24172669259990606,2.6016463189500394,63.56164383561644,0.026459551651142218,2.9997526915564556,74.21875,0.019555560840363632,2.7423873876117195,66.53386454183267,0.03071971113267808,112.03677104280379,156.0,123.57414448669202,3,0.09336397586900315,0.4333333333333333,0.2999999999999998,0.8000000000000007,1,0,0.28181557023843723
0101,36.8,4.213000000000001,213.45876372762515,87.61424949223318,70.13703887337478,395.04794877157354,324.9109098981988,69.15760869565217,0.016948117920627764,0.05316889968419162,2.3002382060168762,6.993379947900377,0.031540555307878776,0.033025300448142336,33.781874347664946,0.22865879359448457,2.222401847055523,71.8013468013468,0.022218870571431727,1.7684032833172536,68.05011746280344,0.034585752507721834,2.94247266776658,67.73662551440329,0.037441972214098396,152.14688025747935,168.64864864864865,160.77087573751064,9,0.0536415282959062,0.24444444444444458,0.1999999999999993,0.40000000000000213,0,0,0.10272352668666035
0102,55.300000000000004,5.225999999999999,231.7245643325175,47.26455027665602,66.43994931055677,395.0344296945668,328.59448038401007,82.16998191681736,-0.0012640313001503038,0.02166278279750813,0.13003581843010725,3.801619118802767,0.044121105561236364,0.037725076922496895,44.60371097355423,0.0573576528461809,0.07401515397381317,81.03621730382294,0.03655577582201882,0.38488622257340743,82.92291220556746,0.048093094147313,-0.08998873762399846,82.67622461170848,0.04867285053518226,141.75726134223308,153.21428571428572,148.89112553361326,12,0.0479132934606614,0.241666666666666,0.1999999999999993,0.5,0,0,0.08634305918117832
0103,49.29999999999999,11.226000000000013,176.47477967682667,66.47132098363984,67.93699760894204,394.3072571281127,326.3702595191707,82.67748478701826,0.004578386563907142,-0.08484975090478855,2.678455822709717,5.542253454312155,0.04040971574520883,0.032180487412305926,33.96173545875547,0.019160525094225944,2.709355694024912,83.07086614173228,0.035469762231902055,2.607439149173505,80.27912621359224,0.042575762203843855,2.716320986624971,84.84042553191489,0.04387533622978528,113.00928526583617,131.53846153846155,136.45613055101148,25,0.17182698344513125,0.4160000000000006,0.20000000000000284,1.3000000000000043,5,4,0.18547401116875414
0104,24.499999999999996,5.541000000000004,215.1164911222371,69.16977768881067,70.78938450606782,394.91735099549084,324.127966489423,70.85714285714285,-0.04668856051812778,-0.1166310959315045,-1.9092548284131763,5.825879877671729,0.036096899535651275,0.034091964617131765,37.08300393545477,-0.08586841872655021,-1.372926612260991,71.25813449023862,0.037620218256519865,-1.9880305132832339,72.00929152148665,0.03924143036004582,-2.5705330710984704,68.81559220389805,0.029932070599452562,153.78982057854265,177.69230769230768,178.09644963571185,10,0.13648014380346873,0.4100000000000004,0.3000000000000007,1.1000000000000014,2,1,0.18444792117439512
0105,3.4,4.1240000000000006,206.08643202655674,78.67072791446262,111.6879371603416,383.90792447933575,272.21998731899413,72.6470588235294,1.7536774837173823,,-3.4889756653082045,6.748502968534798,0.010245232587022033,0.008938555444007304,38.1978983010923,2.1668825813688852,-4.3232610018144815,75.75757575757575,0.007874951489843629,-1.4611988057443375,66.05504587155963,0.015268488857189113,,,,55.8213716108453,140.0,55.8213716108453,0,0.0,0.0,0.0,0.0,0,0,0.5481127060074429
0106,9.0,3.5920000000000005,183.88939939740604,68.9609620547508,84.85850743996917,393.7624768336567,308.90396939368753,58.666666666666664,0.315160920072041,-1.2412548778739356,-1.6167126162158354,6.378422738522195,0.012166157621750166,0.014711216842191106,31.897416603958575,-0.9670111858952573,-3.8061286046155294,51.388888888888886,0.018139467987858943,0.34739610886946365,62.72727272727273,0.007229636965868603,-1.6279519415004926,64.76190476190476,0.009683586596234715,119.12325285895807,150.0,131.67134831460675,4,0.09529860228716648,0.3000000000000001,0.25000000000000044,0.5999999999999996,1,0,0.2852604828462516
0108,51.0,9.526000000000003,222.20388812169853,71.57663407308222,75.73725516128167,393.9520870963047,318.214831935023,92.13725490196079,-1.7397132907302717e-05,0.04500439574700464,2.537369405815103,5.25465165383445,0.04625666550433417,0.033028529025455305,30.622721477570202,0.010812923093139044,2.564135794296621,89.82300884955752,0.04541772931952965,2.227356410242439,94.69964664310955,0.047065493466750534,2.847548193808872,92.03262233375156,0.046347082789541694,102.10488054720285,108.42105263157895,116.98784689357511,17,0.12721805505072195,0.45294117647058807,0.4000000000000057,0.7999999999999972,6,0,0.15738690810560754
0109,34.499999999999986,14.297000000000011,212.79103423848633,32.702723614096435,66.20141745138773,392.2230693681485,326.0216519167608,79.36231884057972,-0.013791670371171086,-0.0346004227848336,0.1702500914972937,2.5837764991732866,0.0366541361147356,0.034361943484959453,34.52715497409066,0.005353582518589525,0.13532795913746512,79.05460472697636,0.03442368915798021,0.4458793611392141,80.51323175621492,0.03753645583661472,-0.1476259796171752,78.27868852459017,0.03833007065156003,108.20337315818595,132.0,141.1877958124984,19,0.23362091931881085,0.6000000000000006,0.30000000000000426,2.200000000000003,8,3,0.2929893231141261
0110,16.5,1.629999999999999,164.62262499160883,51.16461443808159,74.02050390029818,394.47653095836654,320.45602705806834,85.51515151515152,-0.12654513872062625,0.5438227229607923,1.8701306884181683,4.393378925158289,0.04315314124216854,0.03792287864388018,30.908853443635195,-0.1260714236156222,2.838684735967475,89.10891089108911,0.0426160289008128,1.568327845344204,84.93377483443709,0.03812455104366573,1.2428439408729806,82.80961182994454,0.049268686921060144,145.6150027578599,165.0,145.6150027578599,0,0.0,0.0,0.0,0.0,0,0,0.08990623276337557
0111,16.000000000000004,8.424999999999997,210.94844120558756,68.42848933176683,77.08005912386751,392.0985327185839,315.0184735947164,71.0,0.07654907086158838,-0.5353840735230105,-2.047855278980635,6.034663202372467,0.004839387610915013,0.004533901881988799,23.850706800540962,-0.13199061204426443,-2.522191861200157,74.0952380952381,0.006304468727279231,-2.1210408123601465,73.15315315315316,0.0036301217902329217,-1.4196140560027002,65.57692307692308,0.004656020863461921,108.08597748208803,120.0,142.51012145748987,11,0.24155578300921185,0.5363636363636363,0.5,1.0999999999999996,5,1,0.34493346980552697
0113,52.099999999999994,8.426000000000009,258.106481361762,39.36321747835466,77.54694620668076,394.3343269831415,316.78738077646074,89.69289827255278,0.01404516151742083,0.02052007193963418,-0.20756380337664665,2.7245177483264897,0.04578788078613652,0.0363603410668071,37.95737996803257,-0.0023146205115723516,-0.39094511832725937,89.5170789163722,0.0428919944964687,-0.3152578956560021,87.72624434389141,0.04569033162306519,0.07069658104920316,91.85779816513761,0.04870454800161101,131.84416614347552,137.58620689655172,147.16187806587246,15,0.10408749958695449,0.42000000000000054,0.3999999999999986,1.5,2,1,0.1392129002412188
0114,14.7,1.836000000000002,182.94101176003304,60.38179157531305,84.52197710888865,392.76782390494003,308.2458467960514,68.43537414965986,-0.06179806024764247,0.15389585393439636,-1.2178391002012923,5.715249757044505,0.021309417240322502,0.020140247382456688,26.606841515759324,-0.39766072305438627,-1.6800730565452204,72.45370370370371,0.02531758039159928,0.1312673876018476,72.77676950998185,0.02328752347988645,-2.575073597712969,59.95893223819302,0.015520027173711443,148.76632801161102,164.0,157.32924021488873,3,0.05442670537010172,0.3000000000000007,0.20000000000000107,0.5,0,0,0.11103047895500737
0115,21.2,3.0680000000000014,148.31796248527507,60.29754942311841,82.5278780590969,394.76382812499054,312.23595006589363,84.76415094339622,0.10269944369799668,0.019400444391034357,2.013889080679441,5.4334980978457645,0.03470932264173006,0.02901542563579847,38.11870719876307,-0.03026117834156434,1.3811173405446417,87.48159057437408,0.03517635943802761,1.4027749065479092,85.25730180806676,0.03238326542432782,3.285888067768763,81.7174515235457,0.036586493216004545,180.4845887588594,190.43478260869566,194.08011343495212,7,0.07005109609362126,0.24285714285714297,0.19999999999999996,0.40000000000000036,0,0,0.12642162518542943
0116,7.5,1.3040000000000003,177.58792440128778,43.35762549053176,131.53279511521745,392.83332999148496,261.30053487626753,95.33333333333334,-0.1901753264188093,-1.7537377736957207,1.274926591174478,3.5517350427552747,0.04295449212833601,0.03055800426317536,36.115085792188175,-0.3606429064831325,1.5374349883712093,96.35036496350365,0.04705631171380102,1.6017031892601727,93.5361216730038,0.04275738590293963,0.5447350790329268,96.24413145539906,0.037921348329565285,211.26760563380282,265.7142857142857,218.72060206961427,1,0.034075420263516565,0.2999999999999998,0.2999999999999998,0.2999999999999998,0,0,0.14811449341208544
0118,9.3,2.5859999999999985,140.01155213303704,65.36254193806113,75.00203319620897,392.51932507285187,317.5172918766429,70.3225806451613,0.03400635466949443,0.4829258996091841,3.0821903214082083,6.244064195323873,0.03172138089521771,0.028640927232197418,60.47776505648953,0.217251262684273,3.3942921508638113,81.53310104529616,0.024986881410902936,2.750772077016233,72.27979274611398,0.03280445987544655,3.2200191305766475,54.86381322957198,0.037584864502865446,116.10297829379103,138.0,121.20147549622344,2,0.04206629648325762,0.25,0.25,0.40000000000000036,0,0,0.21756688541140826
0119,21.599999999999998,2.7730000000000032,215.8654846297527,34.81731494196076,71.85218542659106,393.93564766457087,322.0834622379798,82.87037037037037,-0.02616312839225682,-0.15824448489502,0.08186008922820318,2.691335774046051,0.039737478963020004,0.03796421632401445,33.679294649635224,-0.14466297108751033,0.2894069384635419,82.15767634854772,0.043096450448345106,0.0355179549294354,84.38320209973753,0.03982720491257637,-0.08719024728478687,81.92592592592592,0.03603835665568371,132.93398432691913,147.27272727272728,142.27374522460812,5,0.06564641201329352,0.3200000000000006,0.20000000000000107,0.9000000000000021,1,0,0.11377343782053925
0120,10.1,2.5440000000000005,243.80172055590512,53.18554496069457,75.9641921725769,394.9267106130062,318.96251844042933,87.92079207920793,0.030093698258597788,-2.1602760252897655,-0.8837800074065328,3.871242124407978,0.037375942672451735,0.054412628235482444,50.76696959153707,-0.9967986388402101,-1.291302266241282,85.42857142857143,0.06105176235755716,-0.7205166408877424,90.57071960297766,0.024170677692849148,-0.6058423886019279,87.15953307392996,0.025839697135459302,156.59601391964569,198.0,168.5967302452316,3,0.07118000632711165,0.2999999999999999,0.30000000000000004,0.40000000000000036,0,0,0.20120215121796903
0121,4.8,1.287,246.94220975503336,45.79874590545176,99.73220448327464,394.88132001742395,295.1491155341493,92.29166666666667,-0.6765728638570857,0.5376782725559092,0.1183469513153117,3.250227408627693,0.03201894857456699,0.025549860074312397,35.99615388711606,-0.873077500763573,1.0791230627146056,91.72932330827068,0.030624257213863422,0.6527079970958068,95.08196721311475,0.03626643816876725,-1.311540855191627,89.63414634146342,0.0284104324479507,147.85608674223755,180.0,152.87922541192458,1,0.03285690816494171,0.20000000000000018,0.20000000000000018,0.20000000000000018,0,0,0.2114342040413997
0123,3.6,0.8409999999999997,248.3318270534354,70.72125793230217,108.54741054301873,389.9589210752825,281.4115105322638,82.5,-0.4745128093033773,-3.8442228220011696,-0.544262168172512,5.39409949594494,0.017093218493136064,0.01483683934132889,50.638222181896,-8.970325824757648,-1.18879861411555,92.13483146067416,0.030542161900422894,0.7841252139073301,87.16216216216216,0.01687539060365346,-1.922285234695425,69.91869918699187,0.0078087951689601205,175.63611799144337,260.0,175.63611799144337,0,0.0,0.0,0.0,0.0,0,0,0.18937176311641518
0124,6.500000000000001,2.329999999999999,189.29642955752018,75.2528048225266,85.01021947803973,394.8190218902693,309.80880241222957,76.76923076923077,0.31239606413836196,-3.0455852590052297,1.2772991743302469,6.519626794346214,0.02901368427699549,0.029379441548419375,49.746227501870734,-1.1780317841050867,1.1064452587277938,73.84615384615384,0.036747425626587615,0.08051541950541558,83.94160583941606,0.028276903911435097,3.676204993981963,69.06077348066299,0.021797100061487665,115.51528878822197,145.71428571428572,127.0236612702366,3,0.0906002265005662,0.26666666666666655,0.20000000000000018,0.40000000000000013,0,0,0.2638731596828991
0125,8.600000000000001,4.043999999999999,247.18128502328085,74.36734043441427,86.00874732385707,395.06024749179204,309.051500167935,76.86046511627907,0.25520583742484565,0.8440735024856583,-1.2111494221247885,5.528057783049736,0.03485881711161857,0.03232508262295646,37.58291398679683,-0.7466473804139963,-1.268595839267031,75.30864197530865,0.0492717167307013,-1.7928158502339628,78.55361596009975,0.03586235152172223,-0.3618932268312916,75.42087542087542,0.02564229510238298,90.16134134767479,142.5,98.75259875259874,2,0.08699778551091424,0.5499999999999998,0.5499999999999998,0.9000000000000004,1,0,0.31983549509648834
0127,3.8000000000000003,0.6409999999999996,229.52451394626544,78.87985844290895,96.93382229704652,393.76992505191686,296.83610275487035,80.52631578947368,-1.7551668578597537,-6.533643073144421,-1.354100903295643,6.3598219837896925,0.01220020083292829,0.01031495093346224,39.57297699939677,-4.297788423497562,0.25343000383951136,89.88764044943821,0.015611586269610995,-1.0962350734794033,85.8108108108108,0.014459955474904187,-2.98391335741155,69.23076923076923,0.007792939684035856,189.1465886061698,210.0,189.1465886061698,0,0.0,0.0,0.0,0.0,0,0,0.1443368610673271
0128,3.500000000000001,2.403999999999999,160.88490373513807,102.75556213589374,67.17873509466884,391.9122337923744,324.7334986977056,68.76790830945558,0.5793053271771064,11.650100146796618,6.2795609448203304,10.319990890661652,0.023678544222281585,0.024242089907318715,40.210697135796075,-0.9462008213142593,5.008679655677619,91.83673469387755,0.034706784704459114,15.647488248924134,45.283018867924525,0.006548008554884765,5.6220142625459495,54.36241610738255,0.01889174582961,182.9268292682927,270.0,269.7302697302697,2,0.32181571815718146,0.9499999999999997,0.9499999999999997,1.7000000000000002,1,1,0.407181571815718
0130,10.399999999999999,2.6880000000000006,176.01863459313552,62.34736911864008,73.93161904718951,394.53393028027114,320.60231123308165,82.11538461538461,-0.19504381428125667,0.38591883847922137,1.9994539402459173,5.147988723550713,0.03865275734206625,0.03928571829863209,38.05443611263593,-0.3043268818888566,2.8639168743011565,81.26463700234191,0.04148868619383266,1.2790183326655933,86.70212765957447,0.042017634639270336,1.6397488018703241,76.37130801687763,0.02820492829796084,110.02444987775061,144.0,126.44889357218126,3,0.12988997555012227,0.5666666666666668,0.40000000000000036,1.0999999999999996,1,1,0.20537897310513453
0131,17.499999999999996,3.8170000000000037,206.7216737432576,40.59729021730012,101.49239859394258,391.3656964075718,289.8732978136292,70.74285714285715,0.0031461464111209496,-0.10806987506396458,-0.1681049890329399,3.3288628286123245,0.0324708076458776,0.029952499858344996,30.658498616850956,-0.06378921312767791,-0.12239867009766874,76.6497461928934,0.03315330755312641,-0.2706551993574538,66.11195158850227,0.030186302408009135,-0.09882487571646081,69.87951807228916,0.034684066186577274,140.7327485105784,150.0,155.3036185743128,9,0.09382183234038564,0.22222222222222232,0.1999999999999993,0.6999999999999993,1,0,0.1790589670216261
0132,22.5,3.5970000000000013,232.30308910574945,33.53333852969357,95.40889140009097,390.14189975614653,294.73300835605556,77.77777777777779,-0.013953542391959945,0.01273579019859569,0.6246577824823369,2.3513296527379244,0.036192455524167645,0.029380998032352505,27.213755723081803,-0.10131357273589385,0.9104734385602227,78.88888888888889,0.035721715886261676,0.40703424003213134,81.60493827160494,0.041678132304566066,0.589160409943655,72.36111111111111,0.030491808784125378,135.64777560639152,168.57142857142858,142.75920474250918,4,0.049814154883703096,0.32499999999999996,0.3499999999999992,0.5,0,0,0.13783193470513858
0133,0.0,43.286,,,,,,0.0,,,,,,,,,,,,,,,,,,5.544517857967934,48.0,5.544517857967934,0,0.0,0.0,0.0,0.0,0,0,1.0
0134,0.5,0.128,257.7717558635638,73.05183475533454,133.66962962647185,393.97776217328567,260.3081325468138,80.0,-4.271331718525811,-31.358664328095557,-1.8250582944555565,5.474765591965945,0.02036087315756988,0.01180596193134325,23.337250016607683,-13.174344466871812,-0.14517856218687292,90.9090909090909,0.014972932392541155,-2.7502777700620062,100.0,0.030135082964595467,-1.5327458872279334,50.0,0.012250258850224252,,,,0,0.0,0.0,0.0,0.0,0,0,0.20382165605095542
0135,0.0,6.871,,,,,,0.0,,,,,,,,,,,,,,,,,,17.464706738466017,120.0,17.464706738466017,0,0.0,0.0,0.0,0.0,0,0,1.0
0137,5.8,18.076999999999998,171.78200938935407,75.54553727704992,81.33893817799482,393.801776228185,312.4628380501902,72.41379310344827,0.7443706697066028,,-2.0381150307829836,6.830373576195574,0.027450984099371464,0.019548328509963797,26.275573227381575,-0.2512285965329277,-3.3655353470839593,83.0827067669173,0.032560783278921326,-0.5639447297653175,63.37579617834395,0.023122300717969356,,,,52.770448548812666,157.5,56.307816061134204,2,0.06282196255811032,0.75,0.75,1.0,1,0,0.7570884114419734
0141,6.300000000000001,4.122999999999999,228.0624484861442,76.64772155860472,99.28897538804468,385.7874638890761,286.49848850103143,82.38095238095238,-0.29728679781947315,-2.9237277885662185,-3.358560452500774,6.20548199200996,0.028731995450791657,0.02159600547110921,30.916507143423523,-0.3105863686658724,-1.9006709955318002,85.5,0.028681299883541955,-3.671306964374905,79.24528301886792,0.029029199304925354,-4.689157044153868,83.63636363636364,0.028316117221122015,92.10400076753334,137.14285714285714,102.97114662662233,3,0.10553583421279862,0.3666666666666667,0.30000000000000027,0.5999999999999996,1,0,0.39556749496306237
0142,11.400000000000002,1.8189999999999973,226.54778351485203,95.9163837816748,89.54096775757625,394.97905452640157,305.4380867688253,75.96491228070175,-0.026562243781556485,0.002150489866228898,-0.1081056819296829,7.675687606445478,0.030244603978592546,0.030256518425592644,28.442158991981387,0.12395400414836817,-0.22179983383823182,76.6355140186916,0.028257651796644176,0.08052274776505952,75.96371882086167,0.025998750633283968,-0.23169081378314138,75.39682539682539,0.036885431956599164,118.01195249262426,156.0,120.75238021518693,1,0.02269460624858151,0.29999999999999893,0.29999999999999893,0.29999999999999893,0,0,0.13760496255389948
0143,7.6,5.096,150.88397471222117,50.812866398369415,85.63801222129558,373.124464881582,287.48645266028643,72.89473684210527,0.005867192523867165,-0.907501029920517,-0.8307984715429492,5.766052497017321,0.020292912192930675,0.016880929752029365,27.15158690846578,0.0845490135827696,-0.7721505653599333,81.10236220472441,0.015498507097667726,-0.5721727742999384,74.92711370262391,0.02365227105710606,-1.6939663052259721,55.828220858895705,0.020644844952594447,103.96975425330812,146.66666666666666,115.83011583011584,3,0.10239445494643985,0.4333333333333334,0.49999999999999956,0.5,0,0,0.40138626339004413
0145,18.6,1.6459999999999972,284.87368999549665,54.13656407154848,97.46401890388164,394.36354964906434,296.8995307451827,71.18279569892472,0.03860569800505751,0.030330930776063112,-0.41350735769384156,3.8286336920642987,0.03337543735508745,0.033669051077742825,28.92329983667183,-0.06663996521519587,-0.9831630026862076,69.25619834710744,0.02828483855877345,-0.08072885647778832,74.50381679389314,0.0354737607685446,-0.23055818105507073,69.5,0.03621778808168004,171.88580460337846,193.33333333333334,181.76120338451895,5,0.05433171984589538,0.21999999999999958,0.20000000000000018,0.3999999999999986,0,0,0.08130000987849438
0146,10.399999999999999,2.7920000000000016,188.49678282868567,47.51129052187711,121.13573809904491,393.6521434783825,272.5164053793376,80.76923076923077,-0.06890823870557859,-2.628118092673448,0.7083966608688067,3.484831500818991,0.042555954577174274,0.037411323500876247,37.246641188490166,-0.16571076191811474,0.801470729207163,90.0,0.04671332969620934,1.3238287216140114,70.69767441860465,0.03657654013893876,-0.36591373924555287,84.58333333333333,0.04685978547050052,136.4463311097635,180.0,137.48854262144823,1,0.007580351728320235,0.10000000000000053,0.10000000000000053,0.10000000000000053,0,0,0.21164342025469993
0147,17.499999999999996,3.8170000000000037,206.7216737432576,40.59729021730012,101.49239859394258,391.3656964075718,289.8732978136292,70.74285714285715,0.0031461464111209496,-0.10806987506396458,-0.1681049890329399,3.3288628286123245,0.0324708076458776,0.029952499858344996,30.658498616850956,-0.06378921312767791,-0.12239867009766874,76.6497461928934,0.03315330755312641,-0.2706551993574538,66.11195158850227,0.030186302408009135,-0.09882487571646081,69.87951807228916,0.034684066186577274,140.7327485105784,150.0,155.3036185743128,9,0.09382183234038564,0.22222222222222232,0.1999999999999993,0.6999999999999993,1,0,0.1790589670216261
0148,6.300000000000001,4.122999999999999,228.0624484861442,76.64772155860472,99.28897538804468,385.7874638890761,286.49848850103143,82.38095238095238,-0.29728679781947315,-2.9237277885662185,-3.358560452500774,6.20548199200996,0.028731995450791657,0.02159600547110921,30.916507143423523,-0.3105863686658724,-1.9006709955318002,85.5,0.028681299883541955,-3.671306964374905,79.24528301886792,0.029029199304925354,-4.689157044153868,83.63636363636364,0.028316117221122015,92.10400076753334,137.14285714285714,102.97114662662233,3,0.10553583421279862,0.3666666666666667,0.30000000000000027,0.5999999999999996,1,0,0.39556749496306237
0149,27.156,13.700000000000003,187.84405138006505,52.20976320613528,70.57170597348667,390.94823712965973,320.3765311561731,85.85114222549743,-0.04095719993361,-0.18362141815826674,-3.324426832725666,5.47576081607148,0.03600803390744675,0.026158388550370393,34.11912411081647,0.0427232091390717,-2.9413308141078622,89.28571428571429,0.034543943590125206,-3.0576717356826584,82.45798319327731,0.03624019895901844,-4.094260454314003,85.80246913580247,0.03745414100115065,91.05149794399843,103.33333333333333,131.18916631400762,17,0.30595261405913454,0.7352941176470589,0.5,1.8999999999999986,8,4,0.3353240650088115
0150,29.000000000000004,8.276999999999997,187.26384124538967,44.1439269529526,68.85329610487082,394.96418255362386,326.11088644875304,72.20689655172414,0.033425057555232084,0.0489296813157792,-1.156925896740564,4.6520683787581945,0.03198967789886905,0.03048697176149336,32.26889268833366,-0.14062382598770204,-1.5729752186672274,76.95605573419078,0.039841141079677206,-0.9731122904461498,75.12588116817724,0.030886573216985146,-0.9004204001568951,64.68172484599589,0.025598769895520172,114.27958258443545,129.0909090909091,134.90831934635966,11,0.15290930064114594,0.518181818181818,0.5,1.0999999999999996,4,1,0.2220404002468009
0151,6.299999999999999,5.586,237.13974330265245,47.401046035714494,109.10633475670691,392.5085213056514,283.4021865489445,76.98412698412699,0.23389199923152024,0.7476505010497969,-0.6653527560198953,3.461011454783878,0.026608362461193757,0.026630382928321393,30.507918902897927,-2.382929848706251,-1.0611864371452389,90.96045197740114,0.03326817478044483,-0.6245014670369041,77.92553191489361,0.02761417963710684,1.004318050082165,40.25974025974026,0.006461348909149295,90.86320040383646,154.28571428571428,92.4182782817046,1,0.01682651859330306,0.20000000000000018,0.20000000000000018,0.20000000000000018,0,0,0.4699646643109541
0152,8.1,6.268000000000001,189.56397219795323,45.86138336977111,103.18343674807873,391.96411201929516,288.7806752712164,82.34567901234567,-0.1116940331336688,0.8771265144415107,0.5821902865901186,3.274643384429393,0.032017063219269996,0.02652203651417943,35.16753530505202,-1.2316135554423253,0.7396436143644235,88.71473354231975,0.038796586360191315,0.7620086768539351,82.21024258760107,0.03239754693733364,-0.6760869386072544,65.83333333333333,0.012818502041307423,70.99109131403118,127.5,100.31471282454761,5,0.2923162583518932,0.8400000000000002,0.5999999999999996,2.4000000000000004,3,1,0.43624721603563477
0155,8.899999999999999,2.621000000000002,192.0159348957387,92.45578903716472,94.12262584944787,394.9370971093788,300.8144712599309,90.3370786516854,-0.7841498700151218,-0.5287955989496472,3.2507004573909772,7.5808954046684685,0.029622697372171405,0.021672508467631524,35.68085936270793,-0.29178237448333894,6.397467632458276,88.57142857142857,0.03208912687517535,2.734533624743592,94.18604651162791,0.03133892769621882,-0.28517013000217517,87.01298701298701,0.023739757305725088,119.7812689870671,153.33333333333334,127.52980316052121,3,0.06075861470358481,0.23333333333333353,0.20000000000000107,0.39999999999999947,0,0,0.22749761305442254
0156,12.3,1.3099999999999987,220.25934280667573,45.60982307109251,81.23369285460886,391.11513569483316,309.8814428402243,72.6829268292683,-0.10858311015859563,-0.7614680678367097,0.5520978960070466,3.571622604983143,0.03345470723208813,0.031407909400749105,30.64402951687041,0.5826846279770357,0.572936491231176,73.09644670050761,0.02408986034650431,1.1723323856515109,73.04147465437788,0.038403263151128825,-0.14899500586784784,71.8905472636816,0.037290718187452214,136.66421748714183,155.0,142.96694850115298,2,0.04408523144746514,0.30000000000000027,0.30000000000000027,0.40000000000000036,0,0,0.09625275532696538
0157,10.300000000000002,4.015999999999998,161.48155992703644,52.279532472755434,91.93862971529698,374.01910817471617,282.08047845941917,67.96116504854369,0.10389145064505154,-0.8449607276368546,2.5960948082450392,5.32300965581494,0.016700553389742242,0.01625365848693383,23.401576957240152,0.1897385399532256,1.3125919534060893,72.72727272727273,0.018793038651485697,3.98737899960047,65.40880503144655,0.014223705175770665,1.7023385386171757,66.93877551020408,0.018910922658816415,117.35121542330259,152.72727272727272,123.3842538190364,2,0.0488963397597093,0.3499999999999992,0.3499999999999992,0.39999999999999947,0,0,0.280525286392847
0159,37.49999999999999,4.81900000000001,201.5652139078584,93.989788690326,67.00765868755009,394.9739709393739,327.9663122518238,78.65528281750267,-0.009955429066899285,0.007401042847340011,-1.0589323892828946,8.029763419692658,0.0331618141236919,0.030489110435055505,53.40661937817259,-0.15178025127645908,-0.7964325288165214,79.58030669895076,0.039622934316187984,-1.5194100485473507,78.1226343679031,0.0328134737486244,-0.8262570323570081,78.28282828282828,0.02680522203343013,178.64316264562015,189.0,197.29116104282474,8,0.09452019187598971,0.5000000000000011,0.45000000000000284,0.8000000000000007,3,0,0.11387320116259858
0160,35.60000000000001,5.04699999999999,254.5977032332158,65.1885129401174,75.46315193435439,394.9282687398613,319.4651168055069,82.92134831460675,0.015255157693264966,0.30001089489561816,-1.4535590175853212,4.754176923446729,0.042040434603068375,0.040767750970162636,44.49432671066107,-0.08395043371677505,-2.385182136672291,82.00836820083683,0.04312953164124157,-0.14339921679206521,83.05220883534136,0.04063785775403472,-1.9244700808209243,83.75,0.04243752140345226,131.3750092257731,140.52631578947367,141.84397163120565,11,0.07380618495829933,0.27272727272727204,0.20000000000000018,0.7000000000000011,1,0,0.12416660516151229
0161,25.299999999999994,6.126000000000005,278.6129354135741,65.46983286635442,105.23149489290968,394.75991315974636,289.5284182668367,78.10276679841898,0.02345867612851763,0.1660669735999743,0.11895592405886574,4.143526636672078,0.0330696034856679,0.03289252077771303,34.85300563389184,-0.1611948183973582,0.10693772280815163,83.77088305489261,0.03740961666396299,0.028687694238436905,74.41613588110404,0.030897719196590845,0.244112654219637,76.4,0.03094824876153362,129.82880417488704,136.0,154.39340043896166,15,0.15910392668491077,0.3333333333333337,0.3000000000000007,0.8000000000000007,1,0,0.1949341309743526
0162,36.49999999999999,4.304000000000009,153.6579544776636,56.101339317405845,85.72067488222756,393.56989867462215,307.8492237923946,68.16438356164383,0.04738502376441883,-0.145223589734597,1.4401306745080298,5.306432957877752,0.03562863293658739,0.03174540405442021,32.594320996974425,0.004028537032410006,0.6328980544691993,70.88716623600345,0.03356562667531809,1.7938836143954229,68.05970149253731,0.035312858570680186,1.89395506377052,65.53524804177546,0.03807993031496333,133.8104107440447,151.66666666666666,143.66908746447746,12,0.06862072345848468,0.23333333333333406,0.19999999999999973,0.9000000000000057,1,0,0.1054798549161849
0163,36.199999999999996,5.832000000000001,176.35864002623464,61.88402353865895,77.87367541815956,394.01426733339235,316.1405919152328,71.40883977900553,0.0033682607495660777,0.052623734745717764,1.8532537130422226,5.880429886018239,0.024666609894066844,0.01825469551993029,22.418465080593325,-0.08164374527804229,1.0126724078283278,71.84300341296928,0.02745168011412874,3.052108958851352,70.19150707743547,0.024561289756444036,1.5167364761233375,72.17321571772253,0.02215472869021468,121.33612485725163,130.76923076923077,135.88404561440905,14,0.10706128663875147,0.32142857142857156,0.20000000000000195,0.8000000000000007,3,0,0.13875142748382188
0164,29.799999999999994,13.773000000000007,145.97063584646338,55.04283395076449,75.7783635583756,393.9151830249527,318.1368194665771,58.489932885906036,0.03418707341406166,0.03413984546625303,-0.9936247063863326,6.224024055875382,0.014641272280520552,0.014911919963103381,20.96974846397101,-0.027841595925485036,-1.0498007487485395,60.277427490542244,0.016536002790228793,-1.872809747087357,55.35390199637023,0.014307022703133275,-0.1338460452004397,60.36866359447004,0.0135959466953428,96.38996626351181,120.0,125.47426283870583,13,0.2317949188717785,0.7769230769230773,0.5999999999999979,2.7,7,2,0.31609023936841635
0166,14.700000000000001,1.8360000000000003,159.5757979136046,45.06031595683773,84.37495776731801,390.03640992648104,305.66145215916305,83.33333333333334,-0.007182585958247786,-0.810646899385321,1.0155550312446222,3.9449206266755934,0.042821371183551706,0.035252891210975204,36.05130057899692,-0.7304939335927719,1.0658351175343055,89.0995260663507,0.052186433484565704,0.5461479689897525,86.38838475499092,0.042827561331487504,1.5638993990419343,75.0503018108652,0.03488151566969365,181.42235123367198,214.28571428571428,182.52616208323192,1,0.006047411707789044,0.09999999999999964,0.09999999999999964,0.09999999999999964,0,0,0.11103047895500727
0167,29.1,2.378,140.6438881705128,70.76713327163517,65.68587040533289,395.02327975956615,329.3374093542333,60.171821305841924,0.0331804592864442,0.15222149429956372,2.349950119225889,6.77758357505313,0.032910191492861895,0.029586866409223065,55.89507192449197,-0.06853476287237077,1.9273396354886783,62.421052631578945,0.030556194126780605,2.384152611221335,61.14965312190287,0.03929148687405769,2.7741739256861035,56.88748685594111,0.028491232984082376,127.7082406760277,143.57142857142858,130.1897791307727,3,0.01906093144418331,0.20000000000000076,0.10000000000000142,0.40000000000000036,0,0,0.0755448249571129
0168,54.60000000000001,3.313999999999993,242.88184047127933,80.73572115479331,72.0811185832372,395.03295952850607,322.9518409452689,85.62271062271061,-0.04864396193635477,-0.19537154086830966,-2.6638744523638542,6.152318288658499,0.04226889769764494,0.03286854968676233,38.24032390787729,-0.037628917480590114,-2.2040924952588448,89.29159802306425,0.041907440188055436,-2.0673805494248576,85.3072625698324,0.04390640378337303,-3.7535273117860557,82.31476473769605,0.04103962686557853,148.15070621956693,158.88888888888889,153.72487189594005,9,0.0362606623614324,0.2333333333333329,0.20000000000000107,0.40000000000000213,0,0,0.05722277860275569
0170,12.400000000000002,4.370999999999999,172.2442102825232,70.83653572487522,88.5201788202397,369.89894175988405,281.37876293964433,83.38709677419355,-0.21631166566726004,-1.247538687915593,2.7015670604288444,6.323338753737485,0.047377111879045655,0.0468106876476641,33.010124017717956,0.04739205018227683,4.053319202884294,85.20833333333333,0.032442190305278555,1.2565085455176155,80.81023454157783,0.062447743096884216,2.6804717388315953,84.5360824742268,0.047670609799142075,128.7937511180013,154.28571428571428,146.23248256719245,4,0.11925347325740851,0.49999999999999956,0.4499999999999993,0.9000000000000004,2,0,0.26062846580406646
0171,11.599999999999998,2.4540000000000024,239.41292299429142,80.55647362464595,111.05003625584351,393.2962245983201,282.2461883424766,83.36206896551724,-0.07367050591028791,1.638374010292199,0.8260314934594736,5.917370792195379,0.02861472250473692,0.024492229311246987,35.20800033481717,-0.18819830172118715,1.2172054725864088,86.62613981762918,0.027327803929087104,0.7692518195711903,86.21495327102804,0.026402204958378514,0.5367890513304001,77.66749379652606,0.03201510394699546,157.96214600825388,185.0,166.24232439718438,3,0.04980788387647646,0.2333333333333334,0.20000000000000018,0.3000000000000007,0,0,0.1746122100469619
0172,19.800000000000004,9.483999999999995,203.11157341616877,59.39901941613083,77.15402307122967,390.5433326219642,313.38930955073454,82.67676767676768,0.12457878829979067,0.04466638876808945,-2.9637057853033104,5.4042393201580925,0.03521164714923292,0.0281778948959968,33.791256407755604,-0.09970909713787635,-4.488217369404328,79.57860615883307,0.03744179915695528,-2.2819238085394815,84.50479233226837,0.04008466763262,-2.335063123900501,83.71777476255089,0.029201935507658056,129.08072667668353,151.2,165.1809124278972,7,0.21854937850020473,0.9142857142857136,0.5999999999999979,2.799999999999999,4,1,0.32386286026499095
0173,7.7,3.6640000000000006,179.2545498605588,63.723127409301576,102.24716875084378,382.1911143254335,279.9439455745897,72.85714285714285,0.424635440982997,-1.6493380947049296,2.8963347184262194,5.733910787147069,0.03263849564156513,0.02343425207350936,31.01872465046883,-0.16323281756147479,2.592990946460408,78.18181818181819,0.02753889917778962,2.1535987762935713,79.28994082840237,0.038237255174999596,4.972602166935881,57.075471698113205,0.02900420554595081,110.87645195353748,140.0,126.45523885989562,4,0.12319605772615276,0.35000000000000003,0.30000000000000027,0.5999999999999996,1,0,0.3224216825061598
0175,10.666000000000002,1.8999999999999986,168.02709463687722,44.43711818020931,108.01387749099366,382.89237014968216,274.8784926586885,68.35680751173709,0.10362808605354057,-0.04649627244096882,1.517929830911136,3.8424128974016534,0.029390828989551372,0.02538854438011561,26.79351950328085,-0.09234842269491261,1.4846287970891023,70.21943573667711,0.03007109966630284,1.0776940008590292,69.91150442477876,0.03136101693628165,1.9366389069354233,65.6019656019656,0.027221956293901173,138.4688842909438,145.0,154.44700869873955,6,0.10345376412541772,0.21666666666666654,0.1499999999999999,0.40000000000000036,0,0,0.1512016552602259
0176,29.299999999999997,3.406000000000006,266.26686341750894,59.666089299170864,72.87528017534633,394.8218759797929,321.94659580444653,80.81911262798634,-0.017947931613697173,-0.07103093517262705,-0.24876013999551824,4.435774304273256,0.03459390440102552,0.03382444852639001,30.83605035718719,0.11546982564887225,-0.05439719520785615,78.94221351616062,0.02938922102254595,-0.5066307505598059,78.78504672897196,0.03812491244523599,-0.1642978434630582,85.69725864123957,0.03641400860924928,148.59658778205832,156.7741935483871,155.24180668242508,3,0.0428056014187,0.4666666666666674,0.40000000000000213,0.8000000000000007,1,0,0.10413991316578015
0177,12.199999999999998,2.5600000000000023,262.7379973018735,64.61389356736113,72.58456744071506,394.93573214106027,322.3511647003452,79.83606557377048,-0.008328330843208515,-0.38776632486143237,-0.1211990131433433,4.39131340680101,0.03856331910498899,0.03825977613302948,28.063646994384555,0.3324518045298977,-0.1912091124526733,80.58252427184466,0.028146285862159014,-0.11069621891594732,77.64227642276423,0.04272017187928422,-0.047232530159373044,82.27848101265823,0.045672958760345626,142.27642276422765,190.9090909090909,154.86725663716817,2,0.08130081300813015,0.6000000000000005,0.6000000000000005,0.6000000000000014,2,0,0.17344173441734434
0178,22.9,12.366,152.4727532919528,53.389473593272406,73.00390972970675,393.32431703082744,320.32040730112067,76.98689956331877,0.09426490572720227,0.16654059488679093,0.39769281795820827,5.86278509764091,0.03649829696435924,0.035540544563741346,31.823972990566656,0.14987779683892552,-0.08454626274424457,81.65829145728644,0.03281862896311585,-0.5973386564928352,67.46987951807229,0.024307543284254447,1.5393913187261201,80.12048192771084,0.049779834521683705,119.09487892020644,140.0,163.00551113870995,14,0.269381273748086,0.6785714285714286,0.5999999999999988,2.400000000000002,8,2,0.35064935064935066
0179,5.300000000000001,2.6419999999999995,175.7399493966987,67.60378204460665,67.53909268087837,392.2333921308748,324.69429944999644,78.67924528301887,1.0330963471290209,1.909685266120988,-0.03850399126028526,6.486524771104111,0.03918151616539445,0.03154534434474558,28.937865782124778,0.20416980868372592,-3.621136082292421,83.80952380952381,0.021172647669802595,0.49361886099930297,77.77777777777777,0.04741922175988794,1.4040292870864681,77.0,0.039368753331774996,120.87635356333416,192.0,138.2886776145203,2,0.1259128682951397,0.4999999999999998,0.4999999999999998,0.5999999999999996,1,0,0.3326617980357592
0180,26.099999999999998,8.043000000000003,225.26440601608041,70.565150485533,83.64217392016504,394.4251430320482,310.7829691118832,90.3448275862069,0.02757730189176225,0.15209525941678298,-0.268354840749611,5.211604335278271,0.036557577108719055,0.03777277101262819,42.416502541134314,-0.0786338628324691,-0.24174107755077892,89.55866523143165,0.04219171712968054,-1.0966947677393517,90.72681704260651,0.03330266171265641,0.45181405720443346,90.82672706681767,0.03358126550985677,140.5851858360425,160.0,176.84117452013413,14,0.20502006267756212,0.5000000000000002,0.3500000000000003,1.3000000000000007,6,1,0.23556805201651884
0181,7.7,3.6640000000000006,179.2545498605588,63.723127409301576,102.24716875084378,382.1911143254335,279.9439455745897,72.85714285714285,0.424635440982997,-1.6493380947049296,2.8963347184262194,5.733910787147069,0.03263849564156513,0.02343425207350936,31.01872465046883,-0.16323281756147479,2.592990946460408,78.18181818181819,0.02753889917778962,2.1535987762935713,79.28994082840237,0.038237255174999596,4.972602166935881,57.075471698113205,0.02900420554595081,110.87645195353748,140.0,126.45523885989562,4,0.12319605772615276,0.35000000000000003,0.30000000000000027,0.5999999999999996,1,0,0.3224216825061598
0185,50.699999999999996,6.744000000000007,188.00274900656132,74.29347877478622,65.28215097864354,394.76742312834205,329.4852721496985,90.27613412228797,0.019328732274004865,-0.082786179439351,2.961919597197996,6.183953845542092,0.03536954160632101,0.0335903807695003,35.766246978164475,-0.07670409294489927,2.1792137865784884,91.25364431486881,0.04250523272342994,3.6159506831017567,89.4707520891365,0.02747158225604208,3.0860737007955,90.12820512820512,0.036612571585749765,155.62983079172758,162.54545454545453,168.85766092475066,14,0.07833716315019845,0.32142857142857145,0.2500000000000009,1.0,2,0,0.11740129517443086
0186,7.4,2.2140000000000004,165.62984696022679,60.861336253002406,87.00363021571829,392.71702703113743,305.7133968154192,70.4054054054054,0.40070689625062067,-0.5309531563576011,3.358488077617001,5.580221415673104,0.018748803690978966,0.017137184667305395,24.320264229446042,-1.5255561394176964,1.1036935273595028,78.42105263157895,0.03142396150592965,4.826962178400128,68.48874598070739,0.017317953421145862,3.504270495991597,66.52719665271967,0.010534219795905604,199.70875806116078,240.0,208.37855437377902,1,0.04160599126274182,0.3999999999999999,0.3999999999999999,0.3999999999999999,0,0,0.23028916163927607
0187,5.8,3.9699999999999998,136.51645647016755,57.0274309681137,79.30521774354375,393.32237419726545,314.01715645372167,72.58620689655172,0.6843601493540548,3.328207913973811,2.497198441251292,5.712278494406755,0.027691950684154806,0.02266122482876635,31.910538442265196,-0.6579275234755899,0.15940439106548754,84.61538461538461,0.025892249555616625,3.2962766069578913,69.93006993006993,0.027855153723434608,4.168807221961475,64.4927536231884,0.029388163052400697,110.5424769703173,180.0,115.26147278548561,1,0.04094165813715459,0.40000000000000036,0.40000000000000036,0.40000000000000036,0,0,0.406345957011259
0188,18.0,14.706000000000003,176.10940153975716,71.65827647054309,88.07882612976074,394.94187317351424,306.8630470437535,79.0,-0.15286320486093857,7.15583565323796,3.24495631983181,6.185342784280903,0.03649858535286986,0.029911182996831338,34.5451323552096,0.03768679279424042,4.121259471131019,79.66666666666667,0.03559317670897098,2.46525693267311,78.44092570036541,0.03832093119111345,1.176383300957547,77.21518987341773,0.027874811255540765,62.37387635296275,92.72727272727273,70.81857946261195,7,0.11924417538066408,0.557142857142857,0.5,1.0,3,0,0.44964226747385805
0189,10.8,4.899999999999999,144.01593003597552,56.54507940736097,82.1718602567995,394.0676722668935,311.895812010094,72.31481481481481,0.09974719021740983,-1.3569883103228018,2.2214915853598036,5.99618371116704,0.027825852199207638,0.02401976682189443,32.31901302790106,-0.3567601717906366,1.9801566480531898,75.0,0.0301933378270405,1.4929740057279084,70.26378896882494,0.030295778526094656,3.239575280135976,72.45179063360881,0.023031899123004476,133.7579617834395,190.9090909090909,148.93617021276597,4,0.10191082802547774,0.40000000000000013,0.25000000000000044,0.8999999999999995,1,0,0.3121019108280254
0190,12.8,0.8369999999999997,245.2355391179888,70.87941472163571,82.00551507007408,394.3452446681614,312.33972959808733,81.09375,-0.2907365460968286,-0.8808845191199759,0.0400590570791463,5.133803249174614,0.04072792595397927,0.0477651080748062,52.6641856164543,-1.2686485493489623,1.2956971546379723,83.44827586206897,0.06278215714658301,0.1494806568237708,85.82278481012658,0.033025546323937796,-1.4268771087758585,74.66666666666667,0.026185014657867753,149.593018992447,170.0,156.4777172662422,2,0.04399794676248432,0.2999999999999994,0.2999999999999994,0.39999999999999947,0,0,0.06137713573366574
0192,11.600000000000001,3.8909999999999982,145.20767147856583,66.95265698959037,81.52682707659415,394.6716944520411,313.14486737544695,84.22413793103448,0.262958765056545,0.1918948734332044,3.049080332972974,6.171635557269557,0.0325190669977225,0.029702241557997618,35.23934473984984,0.37167238319718016,2.066473172476729,92.33449477351917,0.021909229279517453,2.665040826562565,82.67543859649123,0.03617135114349424,4.258554337296045,80.3357314148681,0.03582741676907247,135.56258472661546,161.53846153846155,151.1770210927939,4,0.10328577883932606,0.4,0.4500000000000002,0.6000000000000001,1,0,0.25117810341488594
0194,7.300000000000001,4.533999999999999,232.67940352814554,88.70068897469609,84.72394781302245,393.89364446535086,309.1696966523284,66.43835616438356,0.6091708408650586,6.272900655516458,-1.0700701770224665,7.245052013610124,0.014327851588264955,0.01294602711840361,31.692531872949395,0.20578423844282948,-2.780841780604535,67.71929824561404,0.012355308095312028,-0.2018857922346146,63.372093023255815,0.01379662776463307,0.8341828447016895,73.26732673267327,0.021703256447878353,101.4027378739226,150.0,105.87612493382743,1,0.04225114078080108,0.5,0.5,0.5,0,0,0.3831333446003041
0195,5.300000000000001,2.6419999999999995,175.7399493966987,67.60378204460665,67.53909268087837,392.2333921308748,324.69429944999644,78.67924528301887,1.0330963471290209,1.909685266120988,-0.03850399126028526,6.486524771104111,0.03918151616539445,0.03154534434474558,28.937865782124778,0.20416980868372592,-3.621136082292421,83.80952380952381,0.021172647669802595,0.49361886099930297,77.77777777777777,0.04741922175988794,1.4040292870864681,77.0,0.039368753331774996,120.87635356333416,192.0,138.2886776145203,2,0.1259128682951397,0.4999999999999998,0.4999999999999998,0.5999999999999996,1,0,0.3326617980357592
0196,16.599999999999998,8.112000000000002,130.47995983501448,33.25909039720008,85.72223037496248,394.56319590418235,308.8409655292199,81.6867469879518,0.06586725027399598,0.20942284669081132,1.0905141244473278,3.434868581083378,0.03579959866048532,0.028913657473075692,32.220381595752976,0.060108170635917675,0.6265837044899621,80.66202090592334,0.028512735073488556,1.101125589964332,81.6793893129771,0.048046849985413066,1.5426820324021293,82.74021352313167,0.03182290827734299,111.68662997733895,131.42857142857142,147.4989311671655,11,0.24279702168986733,0.5454545454545456,0.6000000000000001,1.1000000000000014,6,1,0.32826157332470063
0197,9.5,1.9160000000000004,187.47467875189804,67.95377072827684,84.82586828590368,394.4669489125068,309.64108062660307,82.21052631578948,0.21280296820880348,-1.3736800046826139,-2.9027209542370414,6.611880602475674,0.03722538508496701,0.027389516908429484,32.365841061438935,0.32072645583438736,-3.6385001735458227,85.2589641434263,0.0287069261146163,-3.1640123579198054,77.28531855955679,0.03966213173045458,-2.1028700703496437,85.20710059171597,0.04094486711795375,136.65031534688157,173.33333333333334,142.90949065591792,3,0.04379817799579541,0.16666666666666682,0.20000000000000018,0.20000000000000018,0,0,0.1678346180798879
0198,22.800000000000004,6.770999999999997,173.86194410502674,61.42205000496573,72.56588147997924,395.05456848761406,322.48868700763484,68.42105263157895,0.068290228690308,0.02632767704981297,1.751052397934153,5.773387117075161,0.02560141116782231,0.023246592489174014,26.198630961169826,-0.01758284842390767,1.7944984254082186,67.40196078431373,0.021976073771587345,0.7694459337354312,73.2336956521739,0.03280793453370566,2.8236438397438666,64.6978021978022,0.022379260231060745,111.59582022927869,122.22222222222223,133.2202979290299,11,0.1623211930607689,0.4363636363636361,0.5,0.7999999999999972,4,0,0.22897433296134717
0199,9.1,3.492000000000001,192.37537416092434,73.68132802384477,86.31572105642263,391.69230635316484,305.3765852967422,83.07692307692308,-0.49739500323056723,0.8450126372332275,3.7626045565960924,6.6223081966171,0.0427994015496815,0.032072652068002666,43.52665415162322,-1.1040819837645521,3.992196012718109,86.66666666666667,0.04773871236448637,5.110940666781827,78.42105263157895,0.042604387725171756,0.519887466558982,85.88235294117646,0.03277559778488125,152.47776365946632,213.33333333333334,157.48031496062993,1,0.03176620076238877,0.39999999999999947,0.39999999999999947,0.39999999999999947,0,0,0.27731893265565444
0200,39.1,4.681999999999995,249.30261999139276,55.444855234188324,72.99596341617158,393.58223391402885,320.5862704978573,80.69053708439897,0.018448590171848495,-0.1454978311041521,0.9715097218316192,3.9958624862504273,0.04360173406774996,0.03761753633377522,36.72104187170069,-0.05716699541922811,0.7360334252789303,83.0952380952381,0.04163966723110148,0.7399165359494999,79.13413768630234,0.04706014261136896,1.47983810526488,80.01611603545528,0.04166725105100372,113.7453748115664,127.6923076923077,119.76335914578425,7,0.05024896076012975,0.3142857142857144,0.3999999999999986,0.3999999999999999,0,0,0.10693892467223963
0201,6.700000000000001,2.1819999999999986,201.68004331215522,101.13524374329914,66.58348312108663,393.3830481209881,326.79956499990146,75.67164179104478,-0.12591295419996104,-1.4632005444722136,-0.6955065373735193,9.104688025313427,0.0310434608976508,0.02913887625924482,35.63663537888531,-0.4779428348166573,-1.6948466696940105,73.41772151898734,0.03652719661934957,0.36853112887409295,80.4054054054054,0.030630915493539867,-1.5308305536173736,69.34306569343066,0.02255035806646186,121.59423553253772,180.0,124.3953006219765,1,0.022517451024543993,0.19999999999999973,0.19999999999999973,0.19999999999999973,0,0,0.24566539067777513
0202,10.094000000000001,0.7999999999999989,246.68407634374074,44.436370937674184,115.50152112368589,393.40574532233575,277.90422419864984,89.68253968253968,-0.14161556755036897,0.14772354457641826,0.20121054644736694,2.946291247255395,0.009447596255717929,0.00821909766073491,68.92440474633813,-1.567239044095109,1.0182538361875801,93.42105263157895,0.008880074235438655,0.0750367298385585,86.77685950413223,0.010375805965761696,-0.4292666406163903,89.44281524926686,0.008961059122840176,154.21332843767212,168.0,157.09743781559752,1,0.018358729575913283,0.1999999999999993,0.1999999999999993,0.1999999999999993,0,0,0.07343491830365328
0203,32.90000000000001,8.216999999999985,158.8881725479442,55.174831404903465,90.21138660932725,393.07904115199665,302.8676545426694,76.83890577507599,-0.013556539189162099,-0.23814976838118956,1.3159732547668734,4.550519649002559,0.037291160945836815,0.030410951787135484,27.945500417072246,0.035902030875000907,1.0131848484160797,75.41268462206777,0.03587321093727353,2.3935654802414237,76.05760576057605,0.03492680881077989,0.5211939985539823,79.28015564202335,0.041427692850374724,159.05829705474622,186.85714285714286,183.10608393762072,11,0.1313325388525426,0.4909090909090903,0.5,1.0999999999999979,5,1,0.19984434662061884
0205,20.9,4.3870000000000005,186.8855198418808,54.69264135085381,90.52256441615714,391.6266708227213,301.10410640656414,88.5645933014354,0.029432483167973644,-0.2603194175476327,-0.12837327093391046,4.7171148828381835,0.043684020848774825,0.03520479652498135,41.102283734876075,0.06680350168977923,-1.0971456001316693,88.77980364656382,0.03587252385778565,0.918780908631663,88.05120910384068,0.051264755940926464,-0.18672978640788135,88.87240356083086,0.04404060925351175,139.99288171787876,153.91304347826087,156.7273210253686,5,0.10677423181872116,0.5400000000000004,0.5,1.1000000000000014,2,1,0.17348835369952942
0208,13.5,1.9909999999999997,206.9221481949091,85.36293812909834,85.49500053505194,393.57211998840194,308.07711945335,86.51851851851852,0.27068690516626503,0.9384079651414219,-1.4237182607946284,7.509095081235298,0.03680235540565435,0.0273789735383255,33.97241611218139,-0.6836905618931288,-2.4667864937261137,89.24485125858124,0.043399045211245345,-1.2893075913329386,89.69957081545064,0.04045789789142064,-0.4497933968827043,80.53691275167785,0.026542319066928714,120.06971790071655,132.85714285714286,124.07444466680008,1,0.03227680588728939,0.5,0.5,0.5,0,0,0.12852624104318636
0209,40.5,9.759999999999998,244.91138544798167,64.8775234551009,86.33103964353828,394.89856538625406,308.5675257427158,83.33333333333334,0.00036857874356154577,-0.06262096333385578,0.44787330360741656,5.033478119655012,0.04146779276916145,0.04077853145404842,43.65722109705894,-0.002081935082392431,0.46496227585338645,83.3570412517781,0.03904753905279043,0.3585129203497289,82.89562289562289,0.04334134696946522,0.5404395138110553,83.86540120793788,0.04200329642556054,111.02268205332273,126.81818181818181,121.14633087277466,9,0.08356545961002788,0.4666666666666668,0.5,0.7000000000000028,4,0,0.1941902109033028
0211,11.1,5.593000000000002,152.85257208625455,57.05868969703899,91.77728485317226,392.4719173672818,300.6946325141095,74.14414414414414,-0.023639171294670018,-0.42666164751444047,2.6718170011244076,5.4923515402414615,0.030946801037479467,0.02437806272209764,33.19005137151818,0.0954716858266814,1.2291548493946596,78.45117845117845,0.025784468607778447,3.934912052836495,75.35971223021583,0.034675666216121614,1.5425974378826934,66.53696498054475,0.028845492447192183,93.45234529443479,111.42857142857143,112.28676311811704,2,0.16773497873360088,1.4,1.4,2.5,1,1,0.3350506200203679
0212,13.7,4.690999999999999,226.02084097913496,82.48220868415586,91.30798153921924,394.9112156102761,303.6032340710568,67.5912408759124,0.10158742178980788,-0.4681211866832881,-0.13228000277952692,6.395591715593678,0.030505897242223804,0.040638452714640796,31.66014490978883,0.3920587437608461,-0.21328994312752161,66.48936170212765,0.02400386384357507,-0.6177247322623524,74.77797513321492,0.03456422652382504,1.6734966029340697,53.49794238683128,0.03614444403688668,146.81094013376108,225.0,188.93009586453013,5,0.2229351313142298,0.82,0.5,2.299999999999999,1,1,0.2550704148768419
0215,28.299999999999997,3.8049999999999997,195.3856636467534,92.5537176624828,87.54715712539874,394.52483296653276,306.977675841134,80.17667844522968,0.09650224054069723,0.22454765398582857,3.4749240670180304,8.223561093132792,0.03985000814308859,0.03044965403815247,32.903161559943584,-0.053602000669121075,2.6095054508874824,84.90770901194354,0.04017984031860958,3.231233426201134,77.63440860215054,0.04070063569352484,4.589567204905466,78.14096016343207,0.03873113189085624,164.46036442921664,170.32258064516128,178.3482519844621,6,0.07786949073353061,0.4166666666666667,0.40000000000000036,0.6999999999999993,2,0,0.11851736489643358
0217,10.700000000000001,3.353999999999999,183.31207416069256,73.07743811258544,72.38858921122666,394.3994443695769,322.01085515835024,83.55140186915888,-0.21573894613839018,0.41799136828297545,2.7332544493378057,6.594684866983654,0.03716039576108004,0.03323694827355853,39.88841538243171,-0.5111546789174114,3.8980623844128854,84.05405405405405,0.04378275627919285,1.862797906250152,89.22716627634661,0.034601745838098344,2.581713237001403,73.99267399267399,0.032187026257092646,153.6928988188416,180.0,170.69701280227594,3,0.09961576775295279,0.4666666666666662,0.5,0.6999999999999993,1,0,0.23865091788814566
0218,9.599999999999998,5.081000000000001,173.1998008225659,61.15448743124897,66.71340710888781,394.2712104595798,327.557803350692,76.45833333333333,0.06881633468226342,0.7552916939437108,2.1164885698891243,5.590878355174509,0.02637852014052441,0.02535385016879824,24.830536109214915,0.21995721431477455,2.549827253778859,70.0,0.018304718322584616,0.6400658708020425,82.69896193771626,0.04205625041359569,3.073927164977322,77.41935483870968,0.020904885392731262,118.52053674817792,158.1818181818182,159.91177281499867,2,0.25883795381785996,1.9000000000000008,1.9000000000000008,3.1000000000000005,2,1,0.3460935903548806
0219,9.099999999999998,2.6560000000000024,189.02248832926938,60.65533985464323,66.23442291934221,393.08830128741374,326.85387836807155,82.96703296703298,0.13224220722918134,0.18589542104792822,-1.9524787853759102,5.701028206888963,0.0304766725341752,0.02915768775616156,39.87739116696507,-0.40586142968277006,-2.3402618275261835,88.65248226950355,0.033351178654380344,-1.9534032677478668,79.43262411347517,0.03361083287755769,-1.6067391249172398,81.21387283236994,0.025579435705470818,158.21708063967336,186.0,186.8220168742467,5,0.15311330384484537,0.36000000000000043,0.2999999999999998,0.8000000000000007,1,0,0.2259271861177273
0220,9.0,4.036,216.9459039143802,85.03050823444484,103.15563422407283,391.9703096709196,288.81467544684676,85.22222222222223,0.060185795918738044,2.0788448025493995,-1.480951238344467,6.826806332997266,0.03421834519606967,0.025079073352160433,34.24379757708141,-1.1563109370254114,-1.584518151756947,90.625,0.0411775606401785,-1.614523811468641,85.13513513513513,0.036291977790719736,-1.035829229555983,77.14285714285714,0.020037684676919448,101.25805461798097,132.0,107.87839163125206,2,0.06136851795029156,0.40000000000000036,0.40000000000000036,0.6000000000000005,1,0,0.3096041730592206
0222,3.8,2.3660000000000005,247.77225544581225,43.40292833114566,85.87330743871827,385.249284149019,299.37597671030073,72.89473684210527,-0.444010721057166,-7.404246377349971,0.29127394600292084,3.2950510305314262,0.029347708538948605,0.020369628456943036,29.76785759529202,-4.250044162397125,0.5153516709328476,90.69767441860465,0.036753302606234356,0.3248637964758107,70.87378640776699,0.033353181317585814,-0.13103135047964962,60.22727272727273,0.012965652253474423,136.2309438858255,210.0,136.2309438858255,0,0.0,0.0,0.0,0.0,0,0,0.3837171586117419
0223,22.700000000000006,6.870999999999995,158.7614845019147,82.58623749282326,83.89308958167092,393.9155871728221,310.02249759115114,74.14096916299559,0.03774265730210105,-0.12968131320115497,3.027956084619654,6.993931634038829,0.0253686285737968,0.02201741293213639,25.813490596659925,-0.05352901528215176,2.2319809208464405,82.38255033557047,0.02729304740337158,3.309529360754323,71.6704288939052,0.022598357242991435,3.4086109770202495,70.68527918781726,0.027027901133018867,123.76990970883635,140.76923076923077,138.26451588530844,8,0.10483243718507985,0.38749999999999957,0.5,0.5,0,0,0.23235602448344644
0225,27.8,4.775000000000002,165.8663377286787,76.35955138177464,84.18378028770303,394.87657527162617,310.69279498392314,82.58992805755395,0.2039257744583376,-0.07311985617262037,3.3652259019127766,6.837038399520118,0.04327516615676206,0.04219707316659516,40.58139434994984,-0.20451927317228571,1.2854417587742972,87.05357142857143,0.05350273393723907,3.6606891522132976,81.44016227180528,0.041517822253357095,5.307686829902533,79.39866369710468,0.03499993270180648,141.82655410590942,154.0,153.10687655343827,8,0.07367613200306979,0.2999999999999998,0.1999999999999993,0.6000000000000014,2,0,0.14658480429777443
0226,6.700000000000001,2.1819999999999986,201.68004331215522,101.13524374329914,66.58348312108663,393.3830481209881,326.79956499990146,75.67164179104478,-0.12591295419996104,-1.4632005444722136,-0.6955065373735193,9.104688025313427,0.0310434608976508,0.02913887625924482,35.63663537888531,-0.4779428348166573,-1.6948466696940105,73.41772151898734,0.03652719661934957,0.36853112887409295,80.4054054054054,0.030630915493539867,-1.5308305536173736,69.34306569343066,0.02255035806646186,121.59423553253772,180.0,124.3953006219765,1,0.022517451024543993,0.19999999999999973,0.19999999999999973,0.19999999999999973,0,0,0.24566539067777513
0227,28.700000000000003,6.591999999999999,246.29564447216742,39.80503646235449,103.46851142904195,392.30283877336984,288.8343273443279,83.72822299651568,-0.042014576984700416,-0.03885901024222179,0.42654728136423686,2.6606764716416835,0.041217270967774784,0.03829004915571843,34.46189485516929,-0.0012837690179290761,0.7075614531331141,83.15988647114474,0.04129837254881162,0.5305535739792813,85.50228310502283,0.041931452928355116,0.007305771488738115,82.71077908217715,0.040458095120790454,134.308058483509,139.41176470588235,156.99523052464224,11,0.14450867052023106,0.4636363636363631,0.5,0.7999999999999972,5,0,0.18678454040575765
0228,6.5,4.680999999999999,160.78610325589446,46.263827091806235,67.21950219742419,372.78658420921346,305.56708201178924,72.61538461538461,0.2699967540227917,-0.24780178148306406,-0.8003826109823692,5.06223450510501,0.018156845492664535,0.01920505863730912,24.94835631250114,0.6704358681890215,-1.4839184777947212,67.6923076923077,0.011756273121597865,-0.8069984606235159,75.66371681415929,0.0202796894641576,0.17108637179851102,76.21951219512195,0.02537871182754198,75.12744834987926,140.0,96.76304573205852,4,0.2235935962794025,0.6249999999999998,0.44999999999999973,1.5,2,1,0.4186566496735533
0229,11.600000000000001,2.3759999999999994,277.1110512807889,74.67651101456147,79.94263434679544,394.91941834532264,314.9767839985272,69.74137931034483,0.021662190056243993,0.5469028899853681,-2.345582471693591,5.501890335220205,0.032596384263885995,0.026902742612265933,32.86978551388329,-0.20245829138693786,-2.3670377037674,79.04040404040404,0.03304105260470011,-2.190362299540435,67.66055045871559,0.03418716522377372,-2.5399827858531885,61.28048780487805,0.02994495389354016,150.2575844304522,161.53846153846155,166.98473282442743,5,0.10017172295363463,0.2799999999999995,0.20000000000000018,0.5999999999999996,1,0,0.17000572409845444
0230,24.700000000000003,5.863999999999997,210.74401799997622,72.10007636046817,72.53338303019463,395.0290720207837,322.4956889905891,90.04048582995952,-0.05225411623244696,-0.4399796365083952,0.4517943800032575,5.431628125643095,0.0383613962345848,0.03436672383937491,37.246006965423824,-0.14390856072079056,0.6735199634949013,89.42632170978628,0.04469480110075614,0.8787062378177876,89.28987194412107,0.03832892564450955,-0.30910174359130643,91.68975069252078,0.030601694449056176,123.67491166077738,135.0,143.37733272644513,10,0.13741656851197478,0.41999999999999976,0.39999999999999947,0.6000000000000014,2,0,0.1918597042271953
0231,36.5,1.7439999999999998,237.96631332380446,50.89037307848854,90.3628562206013,395.0260033167379,304.6631470961366,73.31506849315068,0.021596591595830397,-0.11835074279598666,0.2844668883599417,3.871931798001666,0.03760266381764827,0.03733061186215074,31.623990799263243,-0.023962761897764143,-0.3663398547989046,74.97942386831275,0.03460701725051912,0.6445443221070333,72.17391304347827,0.04180189334390449,0.5944836090249821,72.82051282051282,0.03617333495298828,131.78537809852526,173.79310344827587,134.96143958868893,4,0.023533103231879474,0.22499999999999964,0.15000000000000036,0.5,0,0,0.045601924484886515
0232,16.299999999999997,5.957000000000004,250.79897543801866,72.69173308405261,74.1255702886245,394.64482300442774,320.51925271580325,83.8036809815951,0.09366118788749987,0.3558140084127056,-1.9391260777519659,5.3151803252419265,0.036368095980303106,0.03024762628877249,34.533071949120085,-0.09137278147395757,-2.6451267987732465,84.62837837837837,0.030860444706283536,-1.696175843267784,87.30407523510972,0.041297780904466494,-1.2300901017001085,77.0,0.036656572411811444,124.00593071842566,145.26315789473685,134.26083572505718,7,0.07638046457294355,0.24285714285714352,0.20000000000000284,0.40000000000000036,0,0,0.26764613380060226
0233,8.7,2.9510000000000005,212.24195734002075,76.2198544644113,85.8308222594969,394.2643629930228,308.4335407335259,80.3448275862069,-0.19603980098175142,0.20028917153607081,-2.715045663199345,6.7724920030254125,0.040411226369879004,0.04417491069834654,46.222662935493155,-0.713668379157279,-1.529370816563863,71.23287671232876,0.05875042098360169,-2.9804349364144898,83.65650969529086,0.03615782641057544,-3.149973943548562,83.10344827586206,0.03185672211092493,133.8940863445198,156.0,146.46512064594873,4,0.08582954252853839,0.25000000000000017,0.25000000000000044,0.2999999999999998,0,0,0.2532829800017166
0235,17.854,2.0,242.60722637980234,43.473955604291795,92.52602269200841,394.4743516347711,301.9483289427627,84.58520179372198,-0.12016448678928332,-0.2595545284484471,0.7440787926864887,2.8445034269533935,0.038473200619902406,0.03383997646828231,41.285950138782795,-0.28849425341979174,1.1996898717850046,85.66433566433567,0.03903410236030689,0.822425901985125,88.62928348909658,0.0381486497797447,0.14890338391049554,78.94736842105263,0.03827587753897237,166.2133575098217,183.33333333333334,175.96246134158045,4,0.05540445250327384,0.2749999999999997,0.19999999999999973,0.5,0,0,0.10073536818777074
0240,30.799999999999997,10.213000000000001,197.16916594577484,83.05374399628543,71.85609366020277,394.96286630492176,323.106772644719,78.0844155844156,-0.02563893606318087,-0.12646840949929627,-0.5991094025913564,7.55003357942858,0.035702221362076146,0.03643205902488774,36.55785434390515,0.021550357216051738,-0.7354237658635729,76.80505415162455,0.038261836696908386,0.5409031188134756,81.0251798561151,0.029182356190524672,-1.9944352198058999,75.93023255813954,0.04084537922286394,121.42491405164216,138.33333333333334,145.5587057551223,15,0.1658010874600736,0.45333333333333325,0.2999999999999998,1.1999999999999993,5,2,0.24901860385731356
0242,19.0,4.431999999999999,234.2851837050192,70.77611546277265,79.06232089459196,393.80910069282834,314.7467797982364,71.52631578947368,-0.029217612753756065,-0.20903397051232067,-3.5637081213833994,5.62854628759379,0.02670380263102817,0.022332594649260688,22.410188144734402,0.014865409368714963,-4.05068288858217,70.10135135135135,0.024429971585496334,-2.449338827428521,71.1864406779661,0.027280742699532904,-4.380861748123783,73.33333333333333,0.028261775363260598,104.98463639467396,129.47368421052633,118.08755760368663,7,0.11095937179924886,0.37142857142857133,0.2999999999999998,1.0,1,0,0.18914305223625805
0243,34.49999999999999,5.154000000000011,233.0308340579063,69.92254397449172,74.18789109895211,395.00313852955094,320.81524743059884,88.28985507246377,-0.026372630710941952,-0.007711941313217307,-1.2452729502767703,5.3189442215964045,0.06148208712480411,0.053912782024781065,54.77727559591842,-0.09796942270364528,-0.8277236105066129,89.43427620632279,0.06202975118245985,-1.5387335559502677,89.36170212765957,0.06495451966509726,-1.3913554973273508,85.67251461988305,0.056704694569696484,157.3611741564533,173.33333333333334,171.17463104186098,12,0.08069803802895055,0.2666666666666671,0.2000000000000015,0.7000000000000028,1,0,0.12997427750037852
0244,7.1,2.514000000000001,165.0369085028643,69.70360451441803,98.61777442375408,394.07575793775817,295.45798351400407,94.64788732394366,0.46980835255584075,3.9934810639897234,2.589991153711155,6.026552364866713,0.02754128696374892,0.02451507898145049,42.56629293103697,0.1749992682451568,1.200563912006916,98.34254143646409,0.01880320237278917,2.1588496849111034,94.28571428571429,0.030654564801764296,4.160162444087538,92.36947791164658,0.030392192651778675,118.57707509881422,162.85714285714286,123.7247666594313,2,0.04160599126274187,0.20000000000000018,0.20000000000000018,0.20000000000000018,0,0,0.26149365508633254
0245,37.9,7.737000000000002,197.98042086624133,85.22081141012306,92.18375863818882,394.7305247320401,302.5467660938513,80.63324538258576,0.00826089404826013,-0.2749801457595949,2.13660946370303,6.8584024987944945,0.03391150512755238,0.03609373142252256,45.6795271118467,-0.060391218355780076,1.45359339642624,81.32621951219512,0.03892797003424259,2.955016883519607,78.90353920888272,0.02904121280603647,1.899812406722851,82.16007714561235,0.034341954534452136,151.1931108530359,156.8181818181818,173.64169413896371,15,0.12928106580187138,0.3933333333333336,0.29999999999999716,1.0,5,0,0.16953349256086075
0246,54.900000000000006,4.920999999999992,249.63417863740833,82.5556262037349,69.12681370940332,394.8687530742516,325.74193936484824,80.7832422586521,-0.023478684132752562,-0.11736567431605854,2.6221723352455917,5.731746052488259,0.040730073758146114,0.03654585156903018,32.10916739098251,0.0034990077585954574,3.2194534700483586,80.50377833753149,0.03905684247153256,2.2096750971351233,81.74927113702624,0.04361055057078806,2.360057962016361,80.16759776536313,0.039823254016329176,152.4548235569449,168.88888888888889,164.55856083434077,14,0.07355276575115742,0.31428571428571345,0.29999999999999716,0.5,0,0,0.08226208187760138
0247,45.99999999999999,8.884000000000007,266.77938972569365,54.611988714776786,67.65519652256215,395.0545399900222,327.39934346746,88.26086956521739,-0.00812883556109495,-0.001773559921025015,0.6264867304998628,3.6012116633018683,0.04235588894435409,0.03614557626537809,44.72959797620504,0.005885840001316423,0.4765385053763853,85.7051282051282,0.04262393818235333,0.9812978169113611,90.78706528370958,0.03904738239279666,0.36132226119604083,88.15132048536759,0.04592796990561308,107.13504846585526,117.6,121.77947146052524,17,0.12025362582902141,0.38823529411764773,0.30000000000000426,1.0,3,0,0.16186866846439776
0248,35.6,3.583999999999996,174.123321215029,60.78494605138094,84.20210566505902,391.84608001710865,307.6439743520496,69.52247191011236,-0.03387157005912741,-0.0711423651336363,-2.4648473764953214,6.362834147914117,0.030919860902504853,0.030469010718328544,28.099431453287238,0.07967070848400691,-2.536533059414139,67.2493100275989,0.024775677708523902,-1.9726784619912743,70.98765432098766,0.03461185611500842,-2.95076141427453,70.00849617672047,0.03252059595607001,182.21723152307067,192.97297297297297,187.97388374052235,4,0.03062474479379337,0.2999999999999998,0.2999999999999998,0.5,0,0,0.09146590445079615
0249,26.9,4.317,219.42401202860813,80.72409285950133,65.5369387527344,395.0352415275212,329.4983027747868,82.04460966542752,0.059532186775450614,-0.1727948501884021,-2.4970426417556264,6.570366814916683,0.04002322568358063,0.03628313808400783,40.38357618982134,-0.02496228117547379,-3.7005433756592314,78.25581395348837,0.037404683693469935,-1.688082763230496,88.30472103004291,0.045273947795940725,-2.294254999152329,79.17594654788418,0.03709054918178747,115.32177979946825,133.33333333333334,125.36128425671205,9,0.08008456930518634,0.27777777777777796,0.10000000000000142,0.8000000000000007,2,0,0.13829003427619568
0250,50.60000000000001,9.664999999999992,200.0184034179307,53.0692672206968,81.66044181099478,394.2343659051585,312.5739240941637,85.59288537549408,0.003794701430400333,-0.11508552147192905,1.3169072201859315,4.13123225301665,0.04227694888661577,0.03303553456832117,33.50141133160956,0.0551444871359252,1.4375447997375341,86.73647469458987,0.03696362923328021,0.9036850660680092,87.09494030699261,0.04588616476087115,1.66337947477096,82.68015170670039,0.044037369721804526,159.29644072015265,168.42105263157896,180.56992382206337,17,0.11781299261594608,0.41764705882352887,0.29999999999999716,1.2999999999999972,4,1,0.16037501037086188
0252,7.600000000000001,3.214999999999998,218.88058246247746,65.42838865655654,107.6960656531949,392.611249071166,284.9151834179711,80.0,0.17669555617525734,1.8124522146100497,-2.029381866499699,5.65486922803965,0.010218547737911768,0.008857804454499798,56.43022357477434,-1.6240245657911814,-2.4968404533567203,81.87134502923976,0.01067917109983492,-2.134323550521666,82.97872340425532,0.007625254261387056,-1.5468522157408264,75.0,0.013197112964403197,122.05270457697642,165.0,138.72832369942196,2,0.12020342117429486,0.6499999999999995,0.6499999999999995,0.6999999999999993,2,0,0.2972723069810447
0255,35.300000000000004,12.242999999999995,181.50869170518627,60.27744632156242,72.25739804277413,385.13495088680514,312.877552844031,81.04815864022663,0.024692988091576107,-0.36020627317223725,1.8598978573549512,4.706785282840762,0.03769180890101851,0.031052244037692002,41.24755998094401,-0.14565694140395818,1.3710578193336185,81.93308550185874,0.041611242836944236,2.073846303491315,79.85130111524164,0.037975374482733956,2.3108775518791163,81.54761904761905,0.030962006101938326,129.9875901815199,150.73170731707316,149.84360982469755,14,0.13251162105883096,0.45000000000000007,0.40000000000000124,1.0,3,0,0.2575142502576614
0256,10.3,7.698999999999998,151.9962817917139,66.34707764670675,73.11404861774206,394.2009544069657,321.08690578922364,61.067961165048544,-0.09400672847639685,-0.3203602606810115,-3.0707316493280445,7.273511499818697,0.02239626787371092,0.020974315658549507,27.179144647334013,-0.040323896936466506,-3.092501695347365,67.85714285714286,0.02424624033422612,-2.7255231742037562,62.19512195121951,0.021463907939305988,-3.526665629833602,54.11764705882353,0.02199707753301023,103.33907439302185,143.07692307692307,130.07902650535001,5,0.20556697594310797,0.74,0.7000000000000011,1.6999999999999993,3,1,0.4277459858881048
0257,12.999999999999998,2.543937500000002,221.45592176573496,30.097366023270617,99.05458229353292,389.67885491138156,290.62427261784865,90.07692307692308,0.0015540242607911061,0.1139753739353424,0.5751371381584559,2.3199969960788835,0.028300202028173984,0.026573655623053166,57.29548499619975,-0.49032129564429433,0.45118612693988597,96.80170575692964,0.02870693455657717,0.8600613926083314,90.74074074074075,0.029727653214423323,0.4642941964924757,82.560706401766,0.026685732220489256,131.24087767336943,145.71428571428572,151.74125883878887,6,0.1351009034872922,0.3500000000000003,0.35000000000000053,0.5,0,0,0.16366107365009683
0258,40.699999999999996,7.314000000000007,184.84864588915022,67.2314811007876,93.71944203766209,394.138112133748,300.4186700960859,84.37346437346437,-0.0040573490757165025,-0.05042685641841056,2.8920687456695693,5.458850307504562,0.05412242222681572,0.04356618652363102,54.76129632512868,0.06573515739338026,2.830063462705371,81.60753077480086,0.04973296089628639,3.128782031837364,86.08695652173913,0.05718576518697141,2.7032077715259697,85.48510313216195,0.05552382238911225,124.96355229724662,133.33333333333334,138.20426590500762,13,0.09580539009455592,0.3538461538461545,0.30000000000000426,0.6000000000000014,1,0,0.1523305702503438
0259,17.0,4.838999999999999,223.82661140443102,59.25234680236931,77.93391511059204,394.8575676541854,316.92365254359333,81.58823529411765,-0.03867825824348405,-0.3258404696001972,0.8386162916891082,4.2621621960744225,0.028234983166376428,0.031343826817483045,29.507210238821205,0.03899368656722791,0.4915798035206135,81.93430656934306,0.025356004740944623,1.595383282768447,86.97183098591549,0.030549395521263532,0.3475723493342901,76.02739726027397,0.028685486521788692,115.38989880489034,148.23529411764707,135.20038628681797,6,0.14652685562525758,0.5333333333333333,0.35000000000000053,1.5999999999999996,1,1,0.22157607949081912
0261,13.299999999999997,9.140000000000004,160.49393271516263,64.61424454404565,81.90558328220182,394.43909752055,312.5335142383482,75.0375939849624,0.112462504791479,-1.140645821208091,-2.4775683041118266,6.5713356151507,0.030484656371351906,0.027398754352789486,27.060476235377035,-0.041118862063441015,-2.92836439378253,79.88826815642459,0.036940958637401114,-2.2153039728345676,75.24271844660194,0.026877119593043695,-2.449330378598078,69.77401129943503,0.030253304726574656,85.56149732620321,128.0,104.68920392584516,7,0.18270944741532993,0.5857142857142863,0.6000000000000014,1.1000000000000014,4,1,0.40730837789661334
0264,8.999999999999998,2.0770000000000017,156.77317293221603,49.92304406963878,78.33433822258061,392.2938815369709,313.9595433143903,69.11111111111111,-0.02756899917228802,1.4633658342311502,1.3872376806050832,5.263195349827387,0.03235839924126792,0.03029734100648294,33.12227007591334,0.11072247881761309,1.5092336603570655,76.15384615384616,0.03866967459692076,1.3113822861052413,65.88235294117646,0.024457160421664206,1.3514197024904433,66.66666666666667,0.035890739642503854,146.2489843820529,162.0,157.633550647076,2,0.0722217206824953,0.40000000000000024,0.40000000000000024,0.6000000000000005,1,0,0.18750564232192848
0265,13.4,5.383000000000001,222.34870410773811,62.222370957721196,71.04593590506,394.16674270234233,323.12080679728234,91.86567164179105,-0.08117921397211172,-0.0624289643243669,-1.811779703040094,5.255561172427125,0.032911436804016585,0.03594126552821068,50.059020175553115,-0.4815699544954212,-1.3175270610025025,93.61702127659575,0.03965927754060356,-1.8771960873853095,91.33064516129032,0.0317112316427996,-2.524652684801358,89.90825688073394,0.024110875645128624,150.13576106053344,165.88235294117646,190.75965636203745,7,0.21295852632699772,0.5714285714285712,0.3000000000000007,1.799999999999999,2,1,0.2865889368045573
0267,12.100000000000001,2.6079999999999988,258.77940016476913,54.28352155281524,73.68762149086497,394.1728672314897,320.48524574062475,84.29752066115702,-0.21430056555763455,0.7675441074456895,0.23507432281081808,4.069459375621699,0.04365932883025424,0.044453837676344574,36.871272379420994,-0.669985054824069,1.3319825491800847,87.4015748031496,0.06264845596615906,0.14903512138795186,85.33333333333333,0.03726735674597299,-0.8613988984254367,79.94722955145119,0.03215940798367591,142.77943976067445,150.0,156.62291169451072,4,0.08838727223279844,0.32499999999999984,0.30000000000000004,0.5,0,0,0.17731846614087562
0271,22.6,14.103000000000002,165.57243709999702,53.47002175048795,66.17928210116146,394.3260488221997,328.14676672103826,69.33628318584071,-0.06825438695604186,0.5771320435872813,0.7506519814704484,4.671866662385177,0.011400591242427085,0.012065262982066692,130.96686857361416,-0.021778834866712997,1.64117654843311,68.17073170731707,0.007736723263060137,0.4166067243166991,69.24731182795699,0.011841176518066567,-0.025936170521620238,71.37254901960785,0.016488096020341167,112.79731902024356,153.33333333333334,161.69980080459317,16,0.302427594474566,0.6937499999999999,0.39999999999999947,2.0,7,4,0.3842465193580906
0273,6.4,2.2989999999999995,216.08804410952754,29.06991084126223,80.4384423013239,369.05935094943993,288.620908648116,83.28125,-0.23469860270025425,1.3719255187402626,0.4190560985757389,2.1951877141636156,0.03482276027179946,0.023593512414354593,27.655329205733665,-0.7714371116650748,0.8545727546097066,83.33333333333333,0.03877498854843459,0.6344453873995219,80.34482758620689,0.031824341193471446,-0.3510319194311714,88.23529411764706,0.03575299817133356,124.15220140246005,154.28571428571428,124.15220140246005,0,0.0,0.0,0.0,0.0,0,0,0.26428325094838484
0275,38.100000000000016,4.688999999999986,248.89530858106312,50.681278596571744,105.29750283570056,394.75233532114237,289.4548324854418,81.83727034120734,0.00015896081621496756,-0.15686254080921264,0.2700885770992585,3.4131863683743866,0.04271987972631583,0.034515627882423905,37.7890375171373,-0.0006434103659800203,0.37685940268013957,83.43245539507221,0.04725647869673289,-0.00028029071116741005,77.20897615708274,0.038791798797279675,0.4563950241899384,85.74979287489644,0.04293683616096759,123.3961999579331,135.3846153846154,132.03630998524588,10,0.06543737876557025,0.2799999999999986,0.24999999999999867,0.6999999999999993,1,0,0.10958423893991413
0277,14.100000000000001,6.902999999999999,148.96992706929998,65.30750470978693,88.8318329302184,394.0395880590266,305.2077551288082,71.5400993612491,-0.04052128772410586,0.6823112911067031,3.2632500193532468,6.222474447911498,0.029726602827785085,0.023947175534739875,33.92526350526075,-0.10989224567298943,3.2590242541168077,78.47826086956522,0.02925256003961152,3.805819465882595,64.04761904761905,0.029523156745313958,2.881171501189118,71.45557655954632,0.030300340138177735,105.69918583059562,130.58823529411765,139.59630258441803,6,0.242822453935152,0.8499999999999996,0.40000000000000013,2.200000000000001,2,2,0.32866733323810876
0278,8.897999999999998,2.1000000000000014,207.84452499817638,100.34666115743167,77.89400590301102,394.9241608601185,317.03015495710747,84.68468468468468,0.18927893492297726,-1.885062805443268,4.0329708428724445,7.920114527049844,0.03685907724698718,0.028667073337888635,37.080970796923644,-0.20629129029194176,2.612814739954433,77.82101167315174,0.03394797954426912,3.8479253851642476,86.23853211009174,0.03517959675866518,5.278208026788422,88.8157894736842,0.041093269236501924,92.74413529732679,102.0,108.5337305809747,4,0.1454809965448265,0.4000000000000004,0.4500000000000002,0.5999999999999999,1,0,0.1909438079650847
0279,21.1,7.504999999999999,212.47410844623454,39.69993315786045,72.16739625792499,394.7871641999632,322.61976794203815,77.01421800947867,-0.02145744642642707,-0.08742701390003751,0.6890937987399591,2.914429440973574,0.03511929111848492,0.0303945824439397,60.366686729021225,-0.14220373122773913,0.5483624056264556,81.12582781456953,0.03553389278528738,0.9669915398200031,74.65564738292011,0.03673751790962427,0.551383523799374,76.02564102564102,0.033292044891413304,125.85212375458836,144.0,155.810430642718,12,0.19227407795839882,0.4583333333333332,0.40000000000000036,1.1000000000000014,3,1,0.26236671910505155
0282,47.8,6.509,213.38965688291103,48.213778716973586,90.37071710639913,394.72747935832973,304.3567622519306,87.28033472803347,-0.014708698156293,-0.0625038152834426,-0.17990609680108155,4.203783676542775,0.04277723776103103,0.03281589251277852,42.35491231739594,0.045063726082212874,0.04692702909185826,89.68609865470852,0.03753774893213808,-0.2704436667158841,85.63953488372093,0.04285559570108493,-0.3217109742187962,86.6577718478986,0.04814352622334536,134.7842898967022,155.74468085106383,144.63830543974393,10,0.06812867112265014,0.37000000000000066,0.40000000000000036,0.6999999999999993,1,0,0.11985122171279163
0284,13.999999999999996,5.7230000000000025,236.9390666686555,67.93820294845874,93.25286806765708,394.84091660697123,301.5880485393142,88.07142857142857,-0.03098398798706094,-0.12318200697090353,-0.4199362393070254,5.273058350769501,0.17127945148164667,0.15605395533465047,50.471709558801166,-0.8808961069033531,-0.1442304272178302,85.94594594594595,0.25691857707183435,-0.3976665343437371,90.36363636363636,0.15986866513182713,-0.6561622957929546,87.08333333333333,0.1183408181983785,152.1066774831415,187.5,166.453975475781,5,0.08619378390711363,0.3400000000000004,0.3000000000000007,0.40000000000000036,0,0,0.2901688384120064
0285,25.799999999999994,2.7000000000000064,207.28718443956956,65.96024107679622,77.38140535968864,394.83381970796376,317.4524143482751,85.34883720930233,0.00815150613642825,-0.22906454959123373,-0.6470461969154053,5.5197613323016705,0.041548046008556674,0.03485048006333332,40.03622340652875,-0.0361792826507008,-1.2889970357885392,85.375,0.03855961216334066,-0.0005229945517295082,86.81318681318682,0.04589561095680754,-0.7462243957040933,83.79310344827586,0.039748578161734285,155.78947368421052,185.0,162.63736263736268,5,0.04210526315789493,0.2400000000000011,0.20000000000000284,0.3000000000000007,0,0,0.09473684210526338
0287,9.799999999999999,1.5640000000000018,225.40019597822493,51.617716116458915,89.05222378979035,388.45221478354335,299.399990993753,77.55102040816327,-0.1322886389493206,0.800825653777686,0.980189766229628,3.883585193898228,0.04160172157535298,0.04433620548960067,29.131958242554777,-1.0960991992635387,1.239379912116373,76.10619469026548,0.06039913012798661,1.221899957665967,81.00263852242745,0.03821425465115529,0.25672265643610864,74.42748091603053,0.022180074494925976,147.8352692713833,186.66666666666666,147.8352692713833,0,0.0,0.0,0.0,0.0,0,0,0.1376275959169308
0288,34.199999999999996,22.225,212.02548306492656,78.01219623006202,83.25984998869326,394.9856373206821,311.72578733198884,79.15204678362574,0.044462611693933875,0.1243332709873308,-2.0887355478867864,6.5540516691702795,0.035158215050913,0.03210925620981292,36.72634854893795,-0.07515779483160603,-3.6311740058101467,77.90697674418605,0.03585983143504626,-1.252895175512383,80.81312410841655,0.0389805209555507,-1.9931308743154899,78.06563039723662,0.030009456010622278,135.04652193176784,143.77358490566039,209.19698009608786,23,0.354452813469207,0.8695652173913045,0.30000000000000426,6.199999999999999,10,5,0.39388568896765624
0290,25.799999999999994,2.7000000000000064,207.28718443956956,65.96024107679622,77.38140535968864,394.83381970796376,317.4524143482751,85.34883720930233,0.00815150613642825,-0.22906454959123373,-0.6470461969154053,5.5197613323016705,0.041548046008556674,0.03485048006333332,40.03622340652875,-0.0361792826507008,-1.2889970357885392,85.375,0.03855961216334066,-0.0005229945517295082,86.81318681318682,0.04589561095680754,-0.7462243957040933,83.79310344827586,0.039748578161734285,155.78947368421052,185.0,162.63736263736268,5,0.04210526315789493,0.2400000000000011,0.20000000000000284,0.3000000000000007,0,0,0.09473684210526338
0293,36.46600000000001,8.699999999999989,258.91910384847165,42.52464903039751,80.43356252200516,393.88298812927104,313.4494256072659,86.44718792866941,-0.008331533503290522,-0.0004133355652348522,0.5228711601976018,2.7927613758921397,0.02373667653898313,0.021661624266600184,52.57546283263551,0.027994979916961118,0.6689385828737564,86.57894736842105,0.020808233379639655,0.6194521781294037,86.83431952662721,0.023842930076529694,0.26271493672962226,85.86296617519514,0.026502803528096697,132.8432891998406,146.34146341463415,158.8730604247206,17,0.16384005667980311,0.43529411764705805,0.3000000000000007,1.5,5,1,0.1926227693397686
0294,0.0,1.046,,,,,,0.0,,,,,,,,,,,,,,,,,,,,,0,0.0,0.0,0.0,0.0,0,0,1.0
0296,30.2,12.093,141.7340846120055,49.31383963388033,86.0134612689998,391.87931035526924,305.86584908626946,65.49668874172185,0.010946086117236147,-0.2691814510757124,2.6876009325032184,5.285548872257993,0.012953016156923269,0.012621289557392874,18.843607342746225,-0.04502162399821668,2.524621499886531,68.15533980582525,0.015777018971301033,2.596837555817685,67.04081632653062,0.011929630708958533,2.9687691072678533,61.28712871287129,0.011066080355137472,134.77407608824154,154.05405405405406,179.2847482150159,14,0.2482680348993924,0.7500000000000001,0.4499999999999993,2.299999999999997,5,5,0.285933842479843
0297,48.79999999999999,2.4010000000000105,262.92434853721545,58.608928296839636,75.9132581197681,394.6664211857032,318.7531630659351,79.30327868852459,0.0022775981354814226,0.005844752834182407,-0.4684236970274577,4.085829100106632,0.03408504526046245,0.028785564698118972,35.57744963717515,-0.007362224125656945,-0.7455532869471967,79.96334758704948,0.03173943078686609,-0.03265252889816688,79.66804979253112,0.03735306225292442,-0.6515903500766183,78.2133676092545,0.033009612244391695,166.4029999414074,170.4,169.04426499474218,3,0.01562469483017918,0.2666666666666681,0.20000000000000284,0.3999999999999986,0,0,0.04689361535907522
0298,41.40000000000001,6.900999999999989,277.13150022362976,42.58755532202833,103.95686909539124,394.07847966297675,290.1216105675855,83.47826086956522,0.00612318346564797,-0.018627729308656138,-0.0048616331850787516,2.787443728561532,0.03914267114238653,0.03607415560581754,34.671729346181905,0.02507930545019458,-0.2018062123851424,80.47655649500385,0.03474868292938676,0.14732884183506986,84.96551724137932,0.04351427070816544,0.01102817921733719,84.73722102231821,0.03869185481614215,115.52555847705015,124.0,131.29102844638945,14,0.12008032959980107,0.4142857142857137,0.399999999999999,0.8999999999999986,3,0,0.14287488871865983
0301,38.09999999999999,7.954000000000015,229.6254778389634,73.33024121212526,66.84646573543252,394.7766392435996,327.9301735081671,88.37270341207349,-0.01558649830995828,0.08371978039723196,0.3393843029139436,5.4751050958557865,0.03991632154784563,0.042294098860341134,54.93112989065283,-0.04308087623308617,0.559362448300902,90.37520391517128,0.03877301423203633,0.12780354837174598,89.5880149812734,0.038498208193865936,0.34814704735770513,85.10808646917533,0.042554552855118034,152.42975637295348,159.54545454545453,175.26339441753638,15,0.13028184305380663,0.4000000000000007,0.30000000000000426,0.8000000000000043,3,0,0.17271029660832968
0302,34.10000000000001,5.292999999999992,226.75096808872843,70.41207668817259,85.10579201895143,393.7371505774325,308.63135855848105,86.7741935483871,0.01349403788916549,0.04138176536279827,-0.3218213596514205,5.474173456773016,0.054255306543448435,0.05244912465632432,55.41563163041343,-0.030005550304119225,-0.8914434005527927,87.60831889081456,0.05223881172659653,0.46785839715064587,87.42903487429035,0.059980756018052,-0.6383580199747999,85.04398826979472,0.0496318097872415,158.4037773208438,164.21052631578948,180.9062708375612,11,0.12438758155002139,0.44545454545454477,0.3999999999999986,1.0,4,0,0.13436397329474759
0303,34.199999999999996,22.225,212.02548306492656,78.01219623006202,83.25984998869326,394.9856373206821,311.72578733198884,79.15204678362574,0.044462611693933875,0.1243332709873308,-2.0887355478867864,6.5540516691702795,0.035158215050913,0.03210925620981292,36.72634854893795,-0.07515779483160603,-3.6311740058101467,77.90697674418605,0.03585983143504626,-1.252895175512383,80.81312410841655,0.0389805209555507,-1.9931308743154899,78.06563039723662,0.030009456010622278,103.14576871953922,114.11764705882354,159.78037062457105,23,0.354452813469207,0.8695652173913045,0.30000000000000426,6.199999999999999,10,5,0.39388568896765624
0305,19.0,1.6370000000000005,200.94471595933058,47.5607563915025,94.51789626110937,394.2520820065914,299.734185745482,83.10526315789474,-0.020896580684210322,-0.5328408957207542,0.8907262306796468,3.5988441555192874,0.034167841319954595,0.026155531511341774,39.18825680227362,-0.24499215080680725,0.7856793806886794,86.99059561128527,0.03344576529553348,0.9691019955411238,79.2483660130719,0.031685416559266766,0.9283677070936921,82.92307692307692,0.03721388510014169,145.36996656490768,166.66666666666666,152.77282680653866,3,0.04845665552163598,0.3333333333333339,0.40000000000000036,0.5,0,0,0.07932354508891798
0306,29.482,5.0,199.5822552548507,94.68732120650375,73.60664861168131,393.78574314626917,320.1790945345879,67.1869697997964,-0.027614730058925254,-0.20481377287354155,-2.0242998724820613,8.933700774103626,0.03229828175311883,0.031085620523791258,33.36779014767353,-0.0920574047752667,-1.9496688853534074,69.70873786407768,0.033145433463068,-1.50134677568091,67.2858617131063,0.0360500834177911,-2.6711039181750507,64.34599156118144,0.027542942012280157,128.76283278232123,130.58823529411765,148.0888533119872,12,0.13050287106316344,0.37500000000000017,0.35000000000000053,0.6999999999999993,3,0,0.14500319007018156
0307,38.2,5.973999999999997,262.19684156759826,80.78938457093793,100.82434640720875,395.03914747864184,294.2148010714331,76.75392670157069,0.02374143153848642,0.02938834167777075,-2.2286927734061064,6.377620011055593,0.03644806334048622,0.037769488325960485,51.960845596462626,-0.02159242723239978,-2.2936506181625367,78.40416305290546,0.03643122131500912,-2.482667961562584,76.65198237885463,0.03801731175810305,-1.8995545741223916,75.40229885057471,0.03482515338690841,162.99180513424187,189.47368421052633,174.0223328660511,9,0.06338570199664939,0.31111111111111,0.3000000000000007,0.5,0,0,0.1352379227599945
0308,16.200000000000003,13.396999999999998,214.0445560852261,27.554142855906377,96.33933604186207,393.6000924473872,297.26075640552517,73.27160493827161,-0.02139822818739558,-0.03152379833899278,0.31409231063597043,2.105360127428119,0.02158118549646564,0.020159232924105267,23.076996419412247,0.2023492369362224,0.5240916752374887,57.945205479452056,0.01815339559608658,0.19537708557362676,89.23076923076923,0.026590752159384345,0.20553306775399804,76.66666666666667,0.01843980339804713,97.30715950940973,120.0,161.82502668989156,8,0.398689056323276,1.475,1.0999999999999996,5.199999999999999,5,4,0.45264722775957017
0309,7.400000000000001,3.8859999999999983,185.03655658999264,69.40057845018887,95.79261152210094,394.48024319073534,298.68763166863437,65.67567567567568,0.12063931812832732,0.6429025308420969,-2.7216807879395613,6.325094917996583,0.018573088295583386,0.017778027880644733,26.007349601710786,0.30039368661255866,-4.015267522851489,66.96035242290749,0.01795694029960151,-1.8003705124135876,69.68085106382979,0.017196936055889525,-3.3433211835116747,52.55474452554745,0.02337643750329496,116.95906432748538,188.57142857142858,133.52215253894397,1,0.12404749246854506,1.3999999999999995,1.3999999999999995,1.3999999999999995,1,1,0.34432039695197575
0310,40.50000000000001,4.8489999999999895,237.066225022806,84.41774120000466,74.29336696233037,394.9103704221295,320.61700345979915,82.44444444444444,0.024789568562672757,-0.12122670855167975,-2.901252287039517,7.036083995374322,0.046449328853941145,0.04150842399404705,48.51342290015246,-0.06568302712677249,-3.5778104117885063,82.50750750750751,0.04394696035501402,-2.329897153059614,83.64022662889518,0.05121606042289102,-2.8363165307894,81.08728943338438,0.043847896897749504,174.64552691349314,180.0,189.70514263814698,13,0.07938433041522391,0.27692307692307605,0.1999999999999993,0.7999999999999998,2,0,0.10692628282872808
0311,0.0,0.628,,,,,,0.0,,,,,,,,,,,,,,,,,,,,,0,0.0,0.0,0.0,0.0,0,0,1.0
0313,37.5,12.003,208.99822408435386,79.98919144493206,97.07519367933638,395.03349720274844,297.95830352341204,78.24,0.009543037814060133,-0.053284452795500134,-0.5735834863950391,6.552165854200838,0.265469069577619,0.19418934744683478,28.474593615491845,-0.0061335275080956235,-1.2223043197671752,77.2226304188097,0.24507241314557265,-0.027237397973725576,82.4194952132289,0.29656850234488846,-0.3979255268446856,75.48387096774194,0.2589973801140893,117.56863220410884,121.25,148.0802992138005,21,0.20604811829586084,0.48571428571428565,0.40000000000000036,1.3999999999999986,7,1,0.24247015332404098
0314,11.383,1.0,200.0466161082737,64.4839471037352,97.74240674355667,394.0651289155137,296.322722171957,84.87247141600703,0.16811960436684706,0.8677353926042406,0.7673122644784249,5.496733320291249,0.050185239325896226,0.05714172030177972,43.679096469233684,-1.2918319606779398,-0.31717796654648206,85.11749347258485,0.0807136168146949,1.976305406287591,87.71498771498771,0.04140419166959506,0.49047986620979833,81.26801152737752,0.026789037072019257,140.5152224824356,174.0,148.9343490541813,2,0.056529112492933804,0.34999999999999964,0.34999999999999964,0.40000000000000036,0,0,0.08075587498990552
0315,12.0,0.6440000000000001,226.4304075983668,39.36804325064433,81.07473363607107,369.25971284572347,288.1849792096524,82.58333333333333,-0.056822177270642996,-0.5434310435826412,0.20142036698723575,3.130404188007566,0.04093147400101225,0.036290952685483054,44.32141857802279,-1.0199006695588149,0.6257160667155536,82.52688172043011,0.04952784326474077,-0.10536729805189235,84.3230403800475,0.03978340251326733,0.13652930702461225,80.83538083538083,0.034261913141635326,156.59601391964569,180.0,157.84438775510205,1,0.007908889591901268,0.09999999999999964,0.09999999999999964,0.09999999999999964,0,0,0.05093324897184436
0317,9.700000000000001,5.372999999999999,240.88063906238008,47.638447455720616,94.3540543388212,391.0824945524774,296.7284402136562,68.8659793814433,-0.0017910846499390649,0.8059930681821432,0.40924965156605997,3.449856158500979,0.08014634351410492,0.08605563939082549,38.1684407689814,0.22021175974741553,0.6669059616406654,87.8594249201278,0.0760986658100124,-0.18168115271599658,48.3402489626556,0.0990942627914231,0.8269458523610768,91.42857142857143,0.03519792082675418,95.53506269488489,144.0,116.38244564778145,4,0.17912824255290916,0.6749999999999999,0.34999999999999987,1.8000000000000007,1,1,0.3564652026802892
0318,11.200000000000001,2.0189999999999984,173.3156937465432,52.31427268681326,91.75641849203576,391.7406276655266,299.9842091734908,69.01785714285714,0.4380830135773451,0.5608528351909756,1.5083926447835687,4.456467968965372,0.03933272385284441,0.04378703648543756,32.411285399148,-0.5516855208032039,-0.0927741438454992,78.16711590296497,0.048619709764270394,1.936190562310584,74.82993197278911,0.03835153621160337,3.620582552747716,49.675324675324674,0.029551009491312816,131.62871624177322,158.1818181818182,145.98540145985402,2,0.09834329374385346,0.6499999999999995,0.6499999999999995,0.6999999999999993,2,0,0.15273470005295398
0320,7.900000000000002,2.496999999999998,179.61259340173075,61.91846468513231,89.93888505804142,390.38774577571706,300.44886071767564,78.48101265822784,0.2942919430284231,-0.7104499307902717,0.29545897658606557,5.974881767259118,0.04454041303820392,0.0369719177596978,31.012575281224457,-1.509041223548366,-0.6144831492742932,89.45147679324894,0.05197959055419025,0.6369346856389502,74.63976945244957,0.04979704261847753,0.9965698627451186,72.33009708737865,0.027236650206979626,155.81417716649034,180.0,168.80275085964362,2,0.07694527267480994,0.39999999999999947,0.39999999999999947,0.6999999999999993,1,0,0.24016543233625065
0321,40.8,12.177,143.66889416742868,53.779543192298085,69.23219054708055,393.2147019394073,323.9825113923267,72.69607843137254,-0.011230704240669185,-0.0005311441592822347,1.998538991148603,4.867503873802576,0.025667849182031157,0.02498151573309084,25.731462975428553,0.038798877953328224,2.1974684899938146,72.93956043956044,0.025700470700455544,2.051206652639828,72.84122562674095,0.022607207539011874,1.688103674489586,72.22222222222223,0.029327432068015826,143.83600430375446,185.85365853658536,178.96986635977171,18,0.19631160692375937,0.5777777777777778,0.40000000000000036,1.5,6,4,0.2298544651452517
0322,7.400000000000001,3.8859999999999983,185.03655658999264,69.40057845018887,95.79261152210094,394.48024319073534,298.68763166863437,65.67567567567568,0.12063931812832732,0.6429025308420969,-2.7216807879395613,6.325094917996583,0.018573088295583386,0.017778027880644733,26.007349601710786,0.30039368661255866,-4.015267522851489,66.96035242290749,0.01795694029960151,-1.8003705124135876,69.68085106382979,0.017196936055889525,-3.3433211835116747,52.55474452554745,0.02337643750329496,116.95906432748538,188.57142857142858,133.52215253894397,1,0.12404749246854506,1.3999999999999995,1.3999999999999995,1.3999999999999995,1,1,0.34432039695197575
0323,18.299999999999997,6.935000000000002,258.19469826037556,65.43378314191085,83.22964312786442,394.8165789385961,311.5869358107317,77.8688524590164,-0.07712888157905372,-0.354312832399633,-0.26644064387914934,4.804152724857077,0.023085876442696565,0.027139817276247837,35.35270315508925,-0.13182177949689242,0.48392014067585726,72.51461988304094,0.025044791135396108,-0.19187613369972686,77.66097240473061,0.019939870128013137,-0.6592002003393548,80.60522696011004,0.025464510420108152,168.81315633049337,202.85714285714286,187.3762920606994,5,0.09906875371507835,0.5000000000000004,0.40000000000000036,1.1,1,1,0.2748167228056272
0325,26.09999999999999,4.699000000000009,262.21889914539867,66.58476055937088,67.86822801138995,394.9686209942407,327.1003929828508,76.55172413793103,-0.0005191930920146649,-0.3364529444912324,-0.1265119529377049,4.576940144329259,0.03554040087784011,0.03557729688749977,29.936785863237,0.132075210924374,-0.22443182505601186,73.16798196166854,0.028502443099560036,-0.1843915799651494,78.57889237199582,0.03709503563089248,0.05284395414674953,77.9373368146214,0.04174782005625175,130.5237183025423,138.6206896551724,146.72068323661452,11,0.11039319458423996,0.3090909090909097,0.3000000000000007,0.6000000000000014,1,0,0.1525698886327481
0326,16.0,1.6329999999999991,195.46995585384528,72.02709647359515,65.3296721008649,391.97800744821836,326.64833534735345,61.375,0.03262262374848581,0.051783348212498095,1.2418776313495365,5.88758551950386,0.02597620078442153,0.024142768513825387,25.695920456978122,-0.1746745101972852,1.3459689472914105,69.14498141263941,0.029678702132443103,0.9156844540577174,60.43307086614173,0.02047018115015303,1.4445817102215213,54.69314079422383,0.027429471991953645,153.12198718312257,158.8235294117647,163.30974414806752,4,0.06238303181534631,0.27500000000000036,0.25,0.5,0,0,0.09261044632223667
0327,14.5,3.472999999999999,179.6905200001692,70.44934424092888,84.36648629124063,391.0877541873261,306.72126789608546,83.17241379310344,0.011712612256268537,1.4384241229297456,1.6955463340953005,6.628820144865367,0.03614448621538343,0.03122947610895723,34.44718117311456,-0.2285608662877507,1.9668372802453205,80.88888888888889,0.03956624189817827,1.7828174054736043,91.09461966604823,0.04236352949315941,1.292127529407681,76.13882863340564,0.025569517945467513,140.21031547320982,157.5,160.78606520768201,6,0.12796973237634235,0.38333333333333347,0.3999999999999999,0.5999999999999996,1,0,0.1932342958882768
0329,15.6,1.5370000000000008,200.61000465452824,83.25106465697051,88.04051689184152,395.0189506651397,306.9784337732982,84.23076923076923,-0.023521763206469683,-0.49811539877533295,0.09283208112301337,6.801811124128849,0.040186188507046514,0.032867858530780864,38.31574937520204,-0.23563656529675134,0.6348606821160748,87.35632183908046,0.0393470704031652,-0.6868151462188744,81.63992869875223,0.04464834455065397,0.3676155512973848,83.85744234800839,0.03584541038464562,150.55143840812278,172.0,155.0760353429104,2,0.029176635350411442,0.25000000000000044,0.25000000000000044,0.40000000000000036,0,0,0.08968897706716467
0330,6.199999999999999,1.6110000000000007,236.45486278372022,95.783139963817,89.79766228479474,393.5693303676776,303.77166808288285,72.90322580645162,-0.06772787995500303,-6.586764259954574,-1.5052903490843808,7.846567583544902,0.025852775386189224,0.01805919590848935,36.421060489065475,-3.7983349118196106,-3.6034126800653947,77.19298245614036,0.035731237175116205,1.0010999017774118,81.92307692307692,0.027290509622616133,-3.906308813982212,56.613756613756614,0.014937284024403448,122.90359749071821,160.0,126.13322822230982,1,0.02560491614389965,0.20000000000000018,0.20000000000000018,0.20000000000000018,0,0,0.2062475995391116
0331,7.1,3.9239999999999995,218.53691178848516,44.7361799173024,76.25666239133622,394.9070377806561,318.65037538931983,95.07042253521126,-0.17384865280604525,-0.20183307827421576,0.6176684298988723,3.207258708522373,0.043323148681149524,0.02804752020367712,38.92052543581349,-0.5590754892979367,1.6376231084687067,94.44444444444444,0.0478360798345605,0.5328880224267466,94.06528189910979,0.043586450749948824,0.31626222659629677,96.60377358490567,0.041149075617927806,136.066763425254,214.28571428571428,139.87318164863856,1,0.027213352685050783,0.2999999999999998,0.2999999999999998,0.2999999999999998,0,0,0.3559506531204644
0332,43.000000000000014,5.744999999999983,182.55070115170133,56.871535311053414,66.88223870094758,395.0484619119947,328.1662232110471,68.37209302325581,0.03306885366082874,0.22321178775595008,1.0104474033142246,4.62835692444962,0.02596418826925573,0.0249780157303853,25.80531502190578,-0.02895615467495903,0.6659408685720961,66.57243816254417,0.021538139155179804,0.6862492916659582,69.17491749174917,0.03434609040092875,1.7096945367189273,69.34306569343066,0.021266580799863623,146.47656169863578,158.66666666666666,163.59262229350438,13,0.10462611549902535,0.3923076923076916,0.29999999999999716,1.1999999999999957,3,1,0.11785824187096079
0333,31.068999999999996,3.1000000000000014,235.49648003855756,58.02714672018554,75.17307770018115,393.0358142155996,317.8627365154184,78.4219001610306,0.028642769371714845,-0.020251752065294372,-0.8385183695747774,4.637425591620804,0.0357484430653993,0.03286836425605589,38.57926324758396,0.03348768600214389,-1.1886249380148024,75.94339622641509,0.028484498899543773,-0.7241871289221439,77.91828793774319,0.04088806269608761,-0.6090172069312785,81.51425762045231,0.038121971390997815,168.57385349293222,174.54545454545453,181.30882306651142,7,0.07023910562205515,0.34285714285714314,0.29999999999999716,0.6000000000000014,1,0,0.09072551142848786
0336,12.6,5.321,174.3893287035408,82.32299087150864,86.80995083787678,394.75818987747215,307.94823903959536,81.5079365079365,-0.06433544334481062,0.09368579285604112,1.7486443285068545,6.44963110110009,0.03465463070738331,0.03488510035831487,37.38102944859799,0.08136084358671876,1.8567007500255646,80.55555555555556,0.026265194718239862,2.6434049708513663,82.68733850129199,0.05058825789155417,0.75755136952868,81.48148148148148,0.029123624096630274,127.22504324535461,142.5,168.6265808741957,7,0.24552201328050882,0.6285714285714283,0.6999999999999993,1.0999999999999996,4,1,0.2969142346967245
0337,12.7,1.5370000000000008,153.69501603667132,56.07830284357204,70.60489502016532,390.8203093082208,320.2154142880555,84.80314960629921,0.22948475200833524,0.12022127214090825,3.8627171807632665,5.832653246753804,0.04054275758608968,0.03648620669312273,34.48349611679396,-0.332495043580917,2.9569073178213534,84.23529411764706,0.033155415844433066,4.305455778812215,88.31460674157303,0.05872609578945116,4.323710008677278,81.5,0.028239062019784357,160.14609819484443,175.3846153846154,167.19219769744078,2,0.04214371005127482,0.2999999999999998,0.2999999999999998,0.2999999999999998,0,0,0.10795813724801578
0339,53.59999999999999,4.915000000000013,270.09218312130133,54.40204092737004,71.80519394877791,394.944209470005,323.13901552122707,78.67537313432837,-0.011184667189537471,-0.061308218175065037,-0.4586284834078958,3.9250561579790006,0.03897877524324446,0.03482411181109412,36.786102923098404,-0.033717890588367334,-0.30107624577032693,80.56322473771397,0.0396763736197004,-0.3484472291883292,79.32960893854748,0.03851322332162851,-0.7473624861769527,76.06594656054577,0.0387343109339385,151.75596001025377,161.45454545454547,160.82586253735403,14,0.05639579594975676,0.2357142857142869,0.20000000000000107,0.4000000000000057,0,0,0.08399555669486479
0341,15.0,2.9209999999999994,208.0301392422455,95.3994694995915,67.29422875733826,394.9933367729654,327.69910801562713,78.33333333333333,-0.08394473877738697,-0.04553845908894619,-2.278550728858234,8.733424332838275,0.03117184677484382,0.030951711267767884,34.930264302555756,-0.3551731698624535,-1.201072320655537,82.04633204633204,0.03999715459554482,-3.0190804281649783,73.91304347826087,0.023674692728044636,-2.7340834954342417,79.53488372093024,0.030164683013704348,143.9651805144802,161.25,150.69213246889785,4,0.044640366051001586,0.19999999999999984,0.20000000000000018,0.29999999999999893,0,0,0.16299313654371964
0342,7.500000000000002,2.400999999999998,257.188795351744,61.44420117385762,85.98597446609803,394.25136799582447,308.26539352972645,87.6,-0.23154856146121547,-0.22727157663016062,-1.9151457536592822,4.719237085480033,0.08613817486769744,0.08059461397561193,81.69467378483489,-3.814707849568144,-1.212919083471899,98.40637450199203,0.16206054134165226,-2.0459036300719933,87.5,0.05408045630571951,-2.7722021646603086,75.34246575342466,0.04066349113526622,151.4998485001515,166.66666666666666,174.39832577607248,5,0.1312998687001311,0.2599999999999996,0.1999999999999993,0.5999999999999996,1,0,0.2425007574992423
0343,10.774000000000001,1.3999999999999986,163.4333287921062,78.98725958211996,75.55393752158618,394.336461433934,318.7825239123478,76.95167286245353,0.25439785422557626,2.584859372732247,2.326081636453062,7.307816064082584,0.03239598575628452,0.02756553520302687,51.68511633627082,-0.22941954803113163,1.0364891987402454,87.0253164556962,0.03403437770581787,3.855977031702991,63.9344262295082,0.032095588383739125,2.315556237965731,80.96446700507614,0.031360994848414155,137.99901429275505,152.72727272727272,143.9095425732397,3,0.04107113520617703,0.16666666666666638,0.09999999999999964,0.2999999999999998,0,0,0.11499917857729576
0344,12.300000000000002,3.974999999999996,207.6822061853281,57.75239276524763,90.47740545080623,394.9904229898753,304.5130175390691,83.0081300813008,-0.1450391106676967,0.10208669473194766,0.8539048588907038,4.670113103633044,0.03580634003669452,0.028357151046274707,39.41665250507807,-0.4336040945019676,1.7995574884526637,82.38213399503722,0.037416021418396776,0.5513512911433605,88.46153846153847,0.04447829635583847,0.1973336239062757,77.40259740259741,0.02416554447854481,136.40552995391707,170.76923076923077,162.3400365630713,7,0.15975422427035324,0.3714285714285713,0.40000000000000013,0.7999999999999998,1,0,0.2442396313364053
0345,7.3,2.732,164.88715666456446,69.5665995309411,90.24379571732135,394.9843748215014,304.74057910418003,72.87671232876713,0.23174590541871268,12.144062795432044,2.920193152583008,6.0984259135877625,0.03286915172010796,0.028113364051164512,31.491611082481832,0.2782385676584632,2.6170983154729,79.29824561403508,0.026509951656306412,2.8567810698240628,65.86826347305389,0.040929003742554274,3.8789151455347772,77.47747747747748,0.02494466021277794,119.61722488038278,171.42857142857142,119.61722488038278,0,0.0,0.0,0.0,0.0,0,0,0.27232854864433814
0346,48.8,9.036000000000001,174.42777277607652,82.35141329258028,71.6700714522409,394.18437556389335,322.51430411165245,81.35245901639344,-0.005024479526694071,0.03066855829329831,2.986121955624921,7.323261245116589,0.0372654920637758,0.03599942795809509,34.349602983605514,0.011011662093647689,3.2145314272895913,82.94190358467243,0.035519269952865265,2.7522960152323606,83.17535545023696,0.03966718838148682,3.003904724691235,77.76365946632782,0.036484884688399104,155.6124213292759,176.47058823529412,175.6577406511047,15,0.11411577564146903,0.4400000000000002,0.3999999999999999,0.8000000000000007,6,0,0.15623487101459302
0347,11.8,3.664999999999999,240.4162582525703,76.80790422442453,106.83539371620526,394.64542038796793,287.81002667176267,64.23728813559322,0.017621186882084704,-0.8828588145189158,-0.621298107393557,6.068075239299485,0.03542570171235894,0.035405941469709386,25.482420521728415,-0.21837262548160105,-0.9330007398392633,65.9090909090909,0.032707047564264784,-0.5077706866269625,64.71910112359551,0.04289349801176075,-0.38848236630480026,61.65191740412979,0.028798615250445896,120.27158098933074,155.0,130.38906414300735,5,0.07759456838021334,0.23999999999999985,0.29999999999999893,0.2999999999999998,0,0,0.236986744261235
0349,30.000000000000004,9.968,166.27918958720062,87.18152109043847,66.02640202370279,394.8464610272564,328.82005900355364,77.60000000000001,0.07694923876750717,0.17150476464181963,2.855375960442159,8.678194047312303,0.037473682581286916,0.03769255024205518,41.266643805753375,-0.07914765925729104,2.0059227850497137,77.91239515377447,0.042802320883506946,3.042436629140514,78.32661290322581,0.03407344495298623,3.6453014360358136,76.47058823529412,0.03496609630213416,111.0888710968775,143.2258064516129,133.46158470602379,12,0.1676341072858285,0.5583333333333328,0.399999999999999,1.6000000000000014,5,1,0.24939951961569254
0350,20.799999999999997,3.7820000000000036,168.68543305074877,59.65297205798563,77.67942963384367,394.62027365932283,316.9408440254792,71.63461538461539,0.014832888009815522,0.13500138022705524,1.9205475961726786,5.7202860509091815,0.03286051621825128,0.032281955580257475,30.54403107824629,-0.008542871891567216,1.8966943568409316,72.11267605633803,0.033186339298932464,2.181936002628015,71.95994277539342,0.03057272866026809,1.6694623121533532,70.78986587183309,0.0348990096843416,153.77105198926043,180.0,165.92046352383463,4,0.0732243104710765,0.4500000000000006,0.40000000000000124,0.8000000000000007,1,0,0.15385241233422844
0351,45.499999999999986,12.074000000000012,231.12464578357387,64.2042479879731,71.85157393331548,395.0005733749636,323.14899944164813,78.7032967032967,-0.02426859566249228,-0.1550601358919762,-0.25067976559623306,5.27109514189144,0.037970021198669296,0.03491124707909773,36.766596621342025,0.017648486658597747,0.1775167881563593,81.0126582278481,0.036545705699327136,-0.46376187056300683,77.10583153347733,0.03958977979849886,-0.5107453382660734,77.7988614800759,0.037968458719034974,126.09858616736722,145.2,144.98542157606747,12,0.13026713447042088,0.625000000000001,0.2000000000000015,3.0,3,2,0.20971271754611479
0352,35.9,9.841000000000001,215.23448432547147,66.89944451175401,80.47407716642986,393.8221674312222,313.34809026479235,76.43454038997216,0.011677216591650974,-0.38881195756600007,-3.327378997389691,6.529803056944846,0.02852352312349339,0.029094055198936694,27.93233228457118,-0.028424662033014702,-3.9137782692144083,79.38697318007662,0.027514707240200886,-3.0179504076234487,76.88715953307393,0.02939488525086756,-2.9082203877766917,72.0,0.028720327517514306,90.50960844756345,100.97560975609755,103.65288800981449,15,0.12680090072363967,0.3866666666666668,0.3000000000000007,0.8999999999999986,3,0,0.21514614896919615
0353,23.300000000000004,6.270999999999997,219.05621733626725,77.9900827959755,88.62012611882061,395.0275603153733,306.4074341965527,85.15021459227468,-0.01830749441367221,-0.10099438205758701,2.035596964045402,6.134432981148338,0.037549366151418545,0.02699345023860214,31.83002199304476,0.014677103415539473,2.150036005042703,90.65155807365439,0.03653040985981397,2.1924045969765396,83.52144469525959,0.035241141407721416,1.72222174118561,81.84281842818429,0.04129526081915361,137.97301410165363,170.0,156.49572321736792,8,0.11835920327347725,0.4374999999999995,0.44999999999999973,0.9000000000000004,3,0,0.2120658753508504
0354,26.700000000000003,7.860999999999997,186.63027108566104,58.631835213890454,73.44786181442748,394.2338314507378,320.7859696363103,83.70786516853933,0.03378158212217255,-0.3900913092001734,1.9874579067256968,4.545827835084047,0.10423626220867428,0.07556834490581453,61.532592682267484,-0.22430633029791117,1.7399704384430523,86.89809630459126,0.11328277859826467,1.5408108526163553,84.79834539813858,0.0984541939055916,2.8611681723860913,78.88888888888889,0.1011838541813526,170.1339660310755,183.75,205.15683332751817,14,0.17071265299036467,0.42142857142857093,0.39999999999999925,0.9999999999999991,3,0,0.22745290934868775
0356,30.5,9.677,240.17663550650045,81.87143099370815,84.20685401319571,395.0081635372914,310.8013095240957,79.9672131147541,-0.09097273966608507,-0.43789829825118504,-2.6095388817340597,6.462748931999249,0.07509569302702591,0.07563836384362708,77.04980293520958,-0.15238642126258792,-1.631663792288425,76.28571428571429,0.08015273454847487,-2.7532291100770943,83.36538461538461,0.08050328404300325,-3.463881966912456,80.3125,0.06370596510657554,138.88543196356125,155.0,170.7623098815681,14,0.18667396769295866,0.5357142857142857,0.44999999999999885,1.6000000000000014,7,2,0.2408591980486348
0358,43.000000000000014,5.744999999999983,182.55070115170133,56.871535311053414,66.88223870094758,395.0484619119947,328.1662232110471,68.37209302325581,0.03306885366082874,0.22321178775595008,1.0104474033142246,4.62835692444962,0.02596418826925573,0.0249780157303853,25.80531502190578,-0.02895615467495903,0.6659408685720961,66.57243816254417,0.021538139155179804,0.6862492916659582,69.17491749174917,0.03434609040092875,1.7096945367189273,69.34306569343066,0.021266580799863623,146.47656169863578,158.66666666666666,163.59262229350438,13,0.10462611549902535,0.3923076923076916,0.29999999999999716,1.1999999999999957,3,1,0.11785824187096079
0359,21.9,6.156000000000002,234.15041367062034,72.28640318138615,84.01272678641755,395.0555996531476,311.0428728667301,85.47945205479452,-0.023539027967542182,0.15407473666879914,-1.5080487186608957,5.913944449010424,0.033312061581878355,0.032184913303827015,51.12867248074585,-0.11740390951095915,-1.1936260886536698,86.05898123324397,0.03799964337931205,-1.408014177985345,86.58064516129032,0.03035824724914475,-1.989233880124105,83.5575485799701,0.0315182072965468,119.76047904191617,129.23076923076923,145.10278113663847,9,0.17465069860279442,0.5444444444444445,0.6000000000000014,1.0,5,0,0.21941830624465364
0360,10.8,6.806999999999999,242.93240335369285,71.31564449263401,85.73524247877425,393.3192342740507,307.58399179527646,92.77777777777779,-0.06120777398797225,-0.1902339963356541,1.3922746211292722,4.922695991152229,0.04691988980024687,0.033268850639392555,41.05067386700562,-0.13566945048223075,0.9559748986194505,90.94076655052265,0.04576423531917393,1.7669412859761413,95.07186858316221,0.047467425391749404,1.177898943974463,90.84967320261438,0.04713238327412334,112.45527347077868,152.30769230769232,124.47350223172188,5,0.09655250752541598,0.33999999999999986,0.29999999999999893,0.6000000000000005,1,0,0.38660759925029814
0362,11.299999999999999,2.8850000000000016,196.42951499249392,110.39622745142975,72.6029549636541,395.0567386678487,322.4537837041946,85.57522123893804,0.0194252155979298,-0.29896276315017856,5.032479040070957,8.957100489544018,0.04127029827905485,0.038477254852476994,35.6937851692265,-0.7392427508053454,5.1709744286362005,88.05460750853243,0.0668213992570259,4.287115570823621,82.39277652370203,0.03271067568820982,5.7194728075867864,87.30964467005076,0.03189324300290976,156.50334860768416,185.0,161.04461371055496,2,0.028198801550934172,0.20000000000000062,0.20000000000000062,0.3000000000000007,0,0,0.20338385618611218
0363,12.900000000000004,5.490999999999994,171.27902639160138,72.1471684471358,88.98041006630457,392.53615985732006,303.5557497910155,84.8062015503876,0.02091104183182609,0.857311116388967,2.8616169324010143,6.200376076016399,0.04278515711393905,0.04265843031630667,35.41931434608522,-0.504538813024915,2.265518144187467,87.43961352657004,0.05326595194547979,3.7130888398672837,87.13318284424379,0.04412288733167008,2.5353730163643786,79.90762124711317,0.0314460263492359,127.23614811592628,146.25,159.28119256687768,7,0.20118536240552437,0.5285714285714284,0.40000000000000036,0.9000000000000004,3,0,0.29856995269425235
0364,12.300000000000004,12.751999999999995,170.25673061269165,85.24796626399727,98.40587080591955,394.2798794045852,295.8740085986656,74.22764227642277,-0.08181656981745417,32.0187073133862,3.492724537641201,6.8419041810145735,0.034900315662926555,0.03332602498866064,37.613691023596296,-0.19972794579886988,3.2802944024375096,76.97841726618705,0.03564455285877742,3.773736754320743,71.49606299212599,0.034461769322792414,2.3101616826304605,79.48717948717949,0.03153594772012544,62.27047740699346,104.0,72.38307349665924,10,0.13970940443876728,0.34999999999999976,0.3000000000000007,0.8999999999999995,1,0,0.5090212358294746
0365,10.0,1.4939999999999998,203.51598414300818,87.65308686798845,98.58614263584545,390.49013979342413,291.9039971575787,87.0,0.04858488392049186,-1.1624610992963922,-2.6242235113532395,7.5756519853716116,0.03392339510671329,0.03341211996364204,40.03896804186258,-0.4923242398131055,-2.996232875270832,87.0,0.04638756295714122,-2.730645785484634,82.72727272727273,0.019953220592565137,-2.24878385414978,90.8108108108108,0.03627719844330928,156.60344527579608,180.0,171.52658662092625,4,0.08700191404210891,0.24999999999999994,0.19999999999999984,0.5,0,0,0.12998085957891073
0366,21.9,6.156000000000002,234.15041367062034,72.28640318138615,84.01272678641755,395.0555996531476,311.0428728667301,85.47945205479452,-0.023539027967542182,0.15407473666879914,-1.5080487186608957,5.913944449010424,0.033312061581878355,0.032184913303827015,51.12867248074585,-0.11740390951095915,-1.1936260886536698,86.05898123324397,0.03799964337931205,-1.408014177985345,86.58064516129032,0.03035824724914475,-1.989233880124105,83.5575485799701,0.0315182072965468,119.76047904191617,129.23076923076923,145.10278113663847,9,0.17465069860279442,0.5444444444444445,0.6000000000000014,1.0,5,0,0.21941830624465364
0368,33.2,10.424999999999997,279.8305073424244,48.32424625020418,102.5840629435442,394.95512719017967,292.37106424663546,87.25903614457832,-0.004080169307228499,-0.025084872394214704,0.6007082317065093,2.9716658032862133,0.025715917215014723,0.02313000369150725,54.42058521033998,-0.013949297267418701,0.535165390904161,88.54901960784314,0.024173535848502417,0.8724511988496884,86.29893238434164,0.02713829717474939,0.36312325568767173,86.64495114006515,0.026112026233728276,132.03438395415472,147.69230769230768,161.23163051084674,15,0.1810888252148997,0.5266666666666666,0.3999999999999986,1.6000000000000014,4,2,0.2389684813753581
0369,21.9,6.156000000000002,234.15041367062034,72.28640318138615,84.01272678641755,395.0555996531476,311.0428728667301,85.47945205479452,-0.023539027967542182,0.15407473666879914,-1.5080487186608957,5.913944449010424,0.033312061581878355,0.032184913303827015,51.12867248074585,-0.11740390951095915,-1.1936260886536698,86.05898123324397,0.03799964337931205,-1.408014177985345,86.58064516129032,0.03035824724914475,-1.989233880124105,83.5575485799701,0.0315182072965468,119.76047904191617,129.23076923076923,145.10278113663847,9,0.17465069860279442,0.5444444444444445,0.6000000000000014,1.0,5,0,0.21941830624465364
0370,9.200000000000001,2.137999999999998,224.52354611886463,92.66387309286593,76.76780356193235,394.86059718538314,318.0927936234508,55.21739130434783,-0.4705353305333148,-1.6817455543094122,0.40518736849901044,6.97539926778685,0.014806909606415172,0.011471101128551962,20.089737177066134,0.09418043978744418,1.0904344160407902,59.74025974025974,0.014393030138654199,1.5136888315564658,57.82122905027933,0.015939904733762757,-2.6336610041555253,46.06299212598425,0.013711880553186603,158.7581584053625,200.0,167.62898118830324,3,0.052919386135120844,0.20000000000000004,0.20000000000000018,0.20000000000000018,0,0,0.18856941259481375
0375,15.899999999999999,4.920000000000002,185.66606038995803,86.10223955902681,88.7484990396159,393.7412266293741,304.99272758975826,83.27044025157232,-0.05896522820796258,-0.33114159324801207,0.1241497453106785,7.756966598547175,0.04164187154311688,0.03386067272789779,36.29237943233238,-0.32049283840379483,-0.10094459210232869,83.01526717557252,0.04787632025388547,1.3787420453387587,80.79470198675497,0.043793963103626626,-1.1584562537891843,86.7965367965368,0.031757208281232394,138.328530259366,151.57894736842104,157.20524017467253,7,0.12007684918347758,0.3571428571428576,0.39999999999999947,0.6000000000000014,1,0,0.23631123919308364
0377,47.7,4.545999999999999,188.96519497325247,89.03705289573466,75.86908167423002,394.49034050598726,318.62125883175725,74.94758909853249,-0.018128292387191783,-0.11096287547535183,0.592689459780107,8.239244308970843,0.037094559329402955,0.03952908557097459,39.18245345000862,-0.04766300104749334,0.7427898230962171,76.14056720098644,0.041602381315556526,1.2027556375706305,73.98273736128236,0.03605649281821103,-0.21209419113570385,74.70511140235911,0.0334082584473473,155.035792213758,162.0,164.1470433267134,9,0.0555066416567775,0.32222222222222197,0.30000000000000426,0.7000000000000028,2,0,0.08701144585231403
0378,34.199999999999996,3.260000000000005,259.34456821260727,78.80242888498675,80.34933457430414,394.7294996136143,314.38016503931016,84.09356725146199,0.044077238568099586,-0.21820675360856834,-0.9968957387871275,5.757940957454163,0.03795754767437745,0.029470695794061325,43.34544882954774,-0.19590327975392546,-1.392590662848197,85.61816652649286,0.04313615846640773,-0.9767277199061813,83.49261511728932,0.036891320983471386,-0.5694308931354221,83.05555555555556,0.033392602016515324,150.56059797116924,161.14285714285714,160.86708499714777,9,0.06406833956219976,0.266666666666667,0.20000000000000107,0.6999999999999993,1,0,0.0870261612386547
0379,15.000000000000002,3.520999999999999,198.17451450254066,78.73240254181225,96.44603564789993,394.8240585324513,298.3780228845514,83.33333333333334,-0.015161594603847571,1.4179800627768362,2.3395271001703724,6.12539016015025,0.037563569333141165,0.03216124897374766,36.006016394037836,0.09346511822851825,2.4548954427193506,80.80985915492958,0.038443451214425904,3.0510605817547267,80.95238095238095,0.03664375647063376,1.1963104216245903,90.95890410958904,0.03762318846868081,129.5826359267858,141.1764705882353,151.69711143416973,5,0.14578046541763384,0.5399999999999994,0.2999999999999998,1.0,2,0,0.19010852545758863
0380,24.799999999999997,2.7860000000000014,194.1342911098491,80.05619094363063,71.5504716645468,394.9708410431376,323.4203693785908,72.94354838709678,0.030887282794170717,-0.2906010520042615,2.211001962957253,6.800444984962519,0.04262112971393247,0.047514403970739964,50.22468422775588,-0.36381135291741623,1.0640801709369818,79.74025974025975,0.04431189527098669,3.301210183992304,70.11111111111111,0.04649521158785963,2.2398824466936533,69.62962962962963,0.03672138978348578,143.55107663307476,158.4,146.20098944103967,2,0.01812513593851967,0.2500000000000018,0.2500000000000018,0.3000000000000007,0,0,0.10099325744943093
0381,17.2,2.8100000000000023,221.89169612346055,40.46325525133396,95.61879933826306,390.7015581311305,295.0827587928675,77.32558139534885,-0.038442634879807785,-0.030650645216470027,0.5756256587950157,2.813986916943546,0.028654528592602306,0.028083920205375947,27.396245123310212,-0.16077279957595636,0.9354619691148919,79.7319932998325,0.029925294850191783,0.20429161706641166,79.36507936507937,0.03086551705398412,0.5652747554920721,72.66187050359713,0.02503532371241453,137.9310344827586,153.33333333333334,148.30736163353038,3,0.06996501749125443,0.46666666666666706,0.5,0.5000000000000009,1,0,0.1404297851074464
0382,31.1,3.591000000000001,153.62479056930715,58.228968829662406,69.09942610565024,393.1810208141967,324.08159470854645,78.10289389067523,0.0465907820408996,0.019084779100172325,1.98436107223593,5.095066399765245,0.03564423166898766,0.03672871671168148,32.64509766220605,0.09355129161564665,1.7429919803943774,82.72095332671302,0.031104694336717708,1.5566747709653843,76.03978300180832,0.03601911259984537,2.7270691952459205,75.72718154463391,0.03981343506323762,141.82352771612233,153.75,152.837749681588,7,0.07206480066876124,0.35714285714285665,0.30000000000000426,0.5999999999999996,2,0,0.10351387968060882
0383,57.3,3.226000000000006,214.50824696084058,42.37558671332609,67.1001640161941,392.6649451632108,325.5647811470167,73.49040139616055,-0.007998501873084563,-0.038943993673062394,0.03742082647720086,3.437034586118721,0.03371886240968944,0.029335167109660713,28.845825234559577,-0.014565673459134336,0.12475707221442503,73.87580299785867,0.03241816785284704,0.04918341000619348,74.15338645418326,0.03631239895305327,-0.06543946114726955,72.38403451995686,0.032222619600875635,130.85285662359976,144.0,133.2749974758523,3,0.018174007864388896,0.3666666666666674,0.39999999999999947,0.6000000000000014,1,0,0.05329940851865324
0385,20.099999999999994,7.199000000000005,222.13721992501306,56.54289105870074,77.89342955453803,392.4065266167147,314.51309706217666,72.13930348258707,0.032907503882652143,-0.20705697527295672,1.0544949039368017,4.320698845338153,0.03339678056107098,0.02956164822284213,36.027985407861664,-0.03792878242363925,0.1700456281299779,80.59701492537313,0.031050555042048424,1.6301615200474087,70.8695652173913,0.03782641783434007,1.5202945088242084,64.76923076923077,0.03111296729828553,116.48778343529067,127.2,147.22903838140658,14,0.20879885710099286,0.4071428571428574,0.30000000000000027,1.0,3,0,0.2637092933807101
0387,45.8,5.609999999999999,267.6986165313026,62.233746158185554,78.35461262836716,394.6732944886041,316.3186818602369,80.58951965065502,-0.01594957343248505,-0.07033280333734526,-1.9524860250409082,4.691079083150145,0.04144144782060697,0.04085580191250345,44.83124101843181,-0.01465454776997116,-1.7021117252921796,82.28900255754476,0.04074417402300875,-2.236255055167133,79.73316391359593,0.04337047172147508,-1.92298349324648,79.68099861303745,0.04009210843050795,158.7239836607664,177.3913043478261,172.1155874288125,10,0.07780587434351299,0.40000000000000024,0.40000000000000213,1.0,2,0,0.10912273876677689
0389,28.300000000000004,5.711999999999996,153.00724883777252,61.32787802307417,75.69243872206908,393.12234099182473,317.42990226975564,57.34982332155477,0.08661243349978513,0.36135904659204626,-2.2971472899296113,6.582051295516931,0.01568605194177651,0.01259978357353535,21.647677001979126,-0.027742339953381576,-3.886608341681552,62.11267605633803,0.014049974433745265,-1.2269658704787518,54.12573673870334,0.015354573191242124,-2.120788555056105,57.259528130671505,0.017046360833560707,134.07032811948724,157.24137931034483,149.44939695857366,7,0.10290485710925547,0.49999999999999956,0.5,0.8999999999999999,3,0,0.16794072680230496
0390,24.400000000000002,3.211999999999996,154.25172759206708,58.76995327999989,80.59615095605687,393.95149255341,313.3553415973531,72.82786885245902,-0.06759678236742073,0.25333069692556537,1.0728506138144436,5.255930993858788,0.03461429811118606,0.0322266744461561,32.49434373468374,0.018443499752026863,2.1796712859266028,73.36504161712247,0.03352955950946405,0.7946854495866346,70.30716723549489,0.03583038637212918,0.13004197322326977,75.27777777777777,0.03439669197601831,128.2051282051282,147.5,132.03043413396986,4,0.028972910328842454,0.19999999999999946,0.1499999999999998,0.3999999999999986,0,0,0.11632623497030263
0391,48.7,2.7620000000000005,128.80093028118574,62.181021839764504,65.21335922652996,394.3321763962648,329.1188171697348,59.07597535934291,0.005463411641322959,0.13596126158777003,2.5239746308882776,6.303902835971987,0.030789794337747034,0.025164339373601876,51.54373276599658,-0.06182155840991073,2.5614546219302565,63.040629095674966,0.03003890978686493,2.6060649250975687,56.417910447761194,0.03134004455748842,2.406829188197387,58.11863391252247,0.030924114713168995,164.39314445610353,188.0,166.33242892532732,4,0.011659088259298081,0.14999999999999947,0.10000000000000053,0.29999999999999716,0,0,0.05367066962030236
0392,40.699999999999996,17.71,196.42804641098706,51.841941769882176,67.59087187441327,392.32500239594566,324.7341305215324,70.78624078624078,0.020815612053080582,-0.026396880656445517,-0.7405757309769722,4.750591647711603,0.027541039632731815,0.02843710493055785,30.990364266355954,0.024708790941386654,-1.5028927915437695,75.63261480787254,0.03021291496650962,-0.33978373920751404,68.14386640976237,0.02340332556017958,-0.5530638211941392,70.05532503457815,0.030024808533024284,115.04879301489471,120.0,156.6068515497553,30,0.2653655196028078,0.5166666666666667,0.45000000000000107,1.8000000000000007,10,3,0.30320150659133716
0394,21.0,1.8320000000000007,223.31546893447447,52.25010562291064,86.90255233034917,394.65519124405347,307.7526389137043,75.90476190476191,-0.03967480867047711,-0.02454818906593499,0.9413609579961248,3.626402418784067,0.03874656735899305,0.04003414435210929,31.236917145371667,-0.12180843132633318,1.1515174596215358,81.25,0.04763160960878124,1.3107664513774042,71.0124826629681,0.03578249621285978,0.37441867721498767,75.81329561527582,0.03334435259452161,149.78976874562017,171.0,155.9365310961153,4,0.03941836019621589,0.2250000000000003,0.20000000000000107,0.2999999999999998,0,0,0.08023826208829715
0395,8.5,1.3230000000000004,267.6045527055205,84.56065608911638,112.9930015665553,394.85560029606967,281.8625987295144,81.88235294117648,-0.643260547168541,1.3791735135590901,-2.9278560454077196,5.906417260596238,0.02963647186064261,0.029507663591333094,36.57918634411578,-1.4704380439513987,-0.1983377227382822,94.95412844036697,0.04716575193596529,-3.48681517007584,87.76758409785933,0.027209301582186506,-4.930772005867238,66.22950819672131,0.019709591941412464,134.37849944008957,165.0,134.37849944008957,0,0.0,0.0,0.0,0.0,0,0,0.13468390512063527
0396,13.899999999999999,5.823,149.62958997289627,44.53495298032189,71.84879812795542,389.8979966734615,318.04919854550604,75.32374100719424,0.12179396596124521,0.8704939641385376,2.130170756655885,4.368789125234967,0.018462046506707037,0.014804432620322326,21.120882106826862,-0.09349900361731964,1.6159851221006634,79.93197278911565,0.017643009737787718,1.9153612725161901,74.35158501440922,0.020470381452659604,3.061481399756185,70.10989010989012,0.01798886275699059,106.47467423819906,116.66666666666667,137.9491558825462,8,0.2281600162247124,0.5625000000000003,0.39999999999999947,1.4000000000000004,3,2,0.2952390609947777
0397,39.262,2.8999999999999986,207.90796624404388,97.4202865902489,78.20770022111044,394.9751384332127,316.76743821210226,80.17834394904459,-0.044698785732090913,0.12003835121813893,-0.10202134338874048,8.069753171874392,0.03162238041865815,0.031024880373121004,54.71168152413071,-0.09434963622557746,0.8852296037614211,83.22632423756019,0.038301462860842746,-0.5782000615540136,80.75471698113208,0.030037286501842408,-0.5965098085405438,76.80945347119645,0.027027190401537664,173.6160523694322,197.83783783783784,185.0260350841717,12,0.06166690384706607,0.21666666666666665,0.1500000000000008,0.5999999999999996,1,0,0.06878231582941982
0398,49.8,3.386000000000003,271.29067523047877,60.070553456050895,78.79896686119403,394.9893185351668,316.1903516739727,79.19678714859437,-0.008235002917680234,-0.002293670553264385,0.32378447378906605,3.8714214720752342,0.03767382221607839,0.03935241527854696,34.72225934202909,-0.002711334733785819,0.6166679423182554,78.61128332300062,0.038014440607170255,-0.017034790421199677,80.15002885170225,0.03924452613107665,0.403055429416919,78.76376988984089,0.035671712455048306,172.60181250705074,183.6,175.57281107753508,5,0.016921746324220683,0.18000000000000024,0.1999999999999993,0.20000000000000284,0,0,0.06366337005979023
0400,56.30000000000002,4.225999999999985,242.55110600267184,80.11249835843948,70.2229514027984,394.8594931335821,324.6365417307837,82.64653641207815,-0.02321828856402043,-0.3236381655355321,-2.619257279218286,6.213254251406338,0.03835882073570976,0.03131129316160307,39.42070972480251,-0.017112651259551408,-2.471369596465509,83.79237288135593,0.0373858147701607,-2.254453837335115,83.85311871227364,0.0409275577919576,-3.219033384442031,80.04561003420753,0.0364972564805486,133.82678518322703,150.0,137.92868576099167,10,0.029739285596272407,0.17999999999999838,0.19999999999999574,0.3000000000000007,0,0,0.06982123384991548
0401,3.9999999999999996,0.8330000000000006,196.12999234588875,73.41372379871437,80.26455280063452,394.87112748260904,314.6065746819745,89.5,-1.310844607397124,-12.095946578980445,1.3013030646461636,5.9742188760125865,0.03385697385441191,0.03372779829417336,43.90191009971771,-5.885159859714748,1.2855275680278582,91.17647058823529,0.06421364538609647,3.32990534898721,96.27329192546584,0.030967993998413275,-1.5438445070571072,80.2919708029197,0.015009886405974494,173.8050900062073,210.0,173.8050900062073,0,0.0,0.0,0.0,0.0,0,0,0.17235671425615573
0402,31.000000000000004,2.045999999999996,177.9018184100986,64.56472703960611,76.44601853873795,393.482094601471,317.03607606273306,68.61290322580645,0.043208097742877816,-0.16735950749773346,3.0455266845304405,5.952983909948299,0.028883263307341506,0.02347040178443465,23.823954337039275,-0.04566060602884092,2.724670721378823,71.00760456273764,0.02694222953105392,2.845460242482204,68.96551724137932,0.03174672391913303,3.677349104580307,65.53911205073996,0.027710398892422886,192.45899655026327,205.16129032258064,196.62400296790946,4,0.021182593959934614,0.17499999999999982,0.15000000000000036,0.3000000000000007,0,0,0.061913696060037396
0403,19.1,1.9289999999999985,187.50491077459307,70.16647119131424,81.13039623133449,394.784112170061,313.6537159387265,84.34554973821989,0.03999429892394498,-0.4509030745589446,1.7588115154502664,6.044692171096946,0.0371319468975127,0.0343988054513416,34.17606217452689,0.008266337090461803,0.9728356173493847,85.99033816425121,0.03492453653170132,2.0088891651805283,81.99697428139183,0.03666206339059924,2.2899686059774975,85.19108280254777,0.0398093272084023,151.21974416282276,159.0,156.42677947759358,5,0.03328736506728795,0.13999999999999968,0.10000000000000142,0.20000000000000018,0,0,0.09173046744971224
0404,3.6999999999999997,1.3940000000000006,190.3449854732421,88.56944329160737,93.93885474180101,393.8118832258048,299.87302848400384,87.56756756756758,-3.543776331198549,-3.597312346041071,3.087454564328088,7.321259008853892,0.05719893176673207,0.03672954446902174,23.326581397417677,-2.5568339129201987,6.532177949419969,95.0,0.07261022130969977,5.297281296663574,87.05882352941177,0.06030686432603275,-2.801078772198261,83.33333333333333,0.042521834279077665,141.34275618374556,180.0,141.34275618374556,0,0.0,0.0,0.0,0.0,0,0,0.2736552807224186
0406,41.16399999999999,15.000000000000014,185.30005448398396,48.248831481490825,65.66015429107347,379.85336354660956,314.1932092555361,73.4629404617254,-0.01790214499216093,0.06380862986373245,-0.19719365214993037,4.591606046631104,0.0252059854674659,0.024316488161957386,29.948363579384058,0.042291340702379804,0.13011070818891146,77.04347826086956,0.02421856823355034,-0.05379907834587611,75.53113553113553,0.024544138609171384,-0.5930629729927818,69.125,0.02648032970532521,110.03489779930204,121.17647058823529,142.18663721700722,25,0.22612349547753033,0.5080000000000006,0.3999999999999986,1.5999999999999979,10,2,0.2670749946585004
0408,56.3,1.1440000000000055,239.86328538464477,77.0342079609666,68.16247668829638,393.846593262519,325.68411657422257,82.52220248667851,0.00258973781602433,0.04175283883338436,-3.11927950647436,6.191388601821342,0.04001350178212776,0.03342177587662307,39.94048389872571,0.0084082492802906,-3.3973527260640086,84.71849865951742,0.037425633019730196,-2.7335110356805217,81.0079575596817,0.039946312241733055,-3.216558757904214,81.86170212765957,0.04264809089144451,134.73992061834133,138.21428571428572,136.64289245109808,6,0.013926606782257484,0.13333333333333316,0.10000000000000142,0.20000000000000107,0,0,0.019915047698628324
0409,8.399999999999999,1.2140000000000022,272.16720515865444,81.57018211834726,109.29739105218256,392.9677666051806,283.67037555299805,87.02380952380952,-0.5510185650374089,0.6822508951576421,-2.979368692890533,5.7559793448078205,0.03118975545145883,0.03145061274656039,40.12017334251202,-1.9203493400969003,-1.782564082892164,98.1549815498155,0.04550877986518128,-2.317975058544166,88.27586206896552,0.033729185267366145,-5.3127026481643895,74.91039426523298,0.014641761678226197,168.50426461410441,202.5,173.93171569680052,1,0.031204493447056354,0.2999999999999998,0.2999999999999998,0.2999999999999998,0,0,0.1262741834824217
0410,14.2,6.097999999999999,143.7393973819634,36.38618007229203,67.8524427708321,355.7760045759063,287.9235618050742,70.77464788732394,0.11749606659338348,0.5352751856218159,1.453368449901485,3.794103568814134,0.014272204093083761,0.010731570432707272,20.116540029830176,-0.03223152077565707,1.3307105686648961,72.26890756302521,0.013229519958167438,0.6070340805585537,72.88676236044657,0.01564851783052841,2.896197898690311,66.5137614678899,0.01315244628192765,124.15016257759386,157.5,152.74578736816585,8,0.18721056261700664,0.47500000000000003,0.30000000000000027,1.6,2,1,0.3004236870627648
0411,31.5,4.6540000000000035,145.37470943926647,47.71996328599493,67.98830734205093,391.67209842702545,323.68379108497453,73.23809523809524,-0.028854052791122155,0.06315208566135246,1.0064094258131455,4.725177048209485,0.037357705629457005,0.03446446654356457,32.38099483369957,-0.009052279639825528,1.4828079853132747,76.88766114180478,0.04020175719879324,0.6360568487815804,70.3225806451613,0.03502420939262115,0.8439076191734789,72.42083758937692,0.0367942541079799,142.72279692426838,156.36363636363637,152.4192119099663,11,0.06361675056701878,0.20909090909090883,0.1999999999999993,0.5,0,0,0.12872711179952434
0412,44.00000000000001,3.621999999999993,135.1205592687417,72.37533253008822,65.22856208559723,394.64972292901854,329.4211608434213,56.522727272727266,0.009526053390582809,-0.03834932911161588,2.5938289786432294,6.972111704610585,0.02982262926101497,0.025675975605657396,60.00827412632745,0.013062896931724391,2.065384805691754,54.97032640949555,0.028244511087753152,3.5986728576500138,55.55555555555556,0.029860068893598782,2.0517031861530763,58.929765886287626,0.031206582297552715,163.78984502960816,173.33333333333334,173.24863400115498,10,0.05459661500986929,0.2599999999999995,0.1999999999999975,0.6000000000000014,2,0,0.07605728444836404
0414,29.300000000000004,1.3939999999999948,218.79853011256958,99.70273385371846,87.3139618885401,395.0090828652228,307.6951209766827,82.66211604095564,0.024250139559828774,0.13858133676294304,-1.350572308705737,8.047002755959353,0.03612167989803854,0.036450743773662087,57.47668858031015,-0.19567121317375172,-1.5918144185989662,80.9959349593496,0.04364553608288525,-1.6645092640433123,85.68608094768015,0.03616670003083439,-0.7366129443491726,81.13612004287245,0.02814568735317329,218.93529680067766,231.72413793103448,223.30032564630824,4,0.019547794357203264,0.14999999999999925,0.14999999999999947,0.20000000000000018,0,0,0.04541604222323564
0415,27.883999999999997,1.4000000000000021,226.91052115060572,56.33872893225075,85.55263943141534,394.9605826517266,309.40794322031127,79.44025834230355,-0.015388216913630357,-0.34015780335547335,1.2164076754883508,3.868611178434064,0.041262907633427943,0.03818338115463513,30.38947580378085,-0.042211879564143184,1.3188241333336317,81.58765159867696,0.04229778179554273,1.0801368872653663,79.39958592132506,0.04497320489079488,1.257046311643261,77.35229759299781,0.036311645665430346,184.40103810954787,216.0,192.280301951289,4,0.040978008468788484,0.3000000000000005,0.25000000000000044,0.6000000000000014,1,0,0.04780767654691989
0416,19.999999999999996,2.6750000000000043,177.16238022101172,44.83680139503783,85.4251760516589,394.26722933313687,308.842053281478,86.75,-0.08316426089904284,-0.7826242201391775,0.921957243771792,3.7821388643992924,0.043766498287699324,0.03577988942820783,38.28257770686456,-0.06747531003985477,1.1338303562760323,90.89456869009585,0.04470505169107244,1.2580634033578655,81.30311614730878,0.043168697203629654,0.3924289724587532,88.62275449101796,0.04351876345961791,153.47298787210585,165.71428571428572,159.8163030998852,3,0.03969128996692402,0.3000000000000007,0.3000000000000007,0.40000000000000213,0,0,0.1179713340683574
0417,45.066,5.899999999999999,261.43311670421224,59.8992460161708,68.48494700014456,392.7017897641461,324.2168427640015,82.39733629300777,-0.019031040466017234,-0.10014686430133032,-1.8314586362364391,4.495503212666999,0.047494399925070103,0.04597877355598702,43.71747649318315,-0.12098940168600221,-1.514239868449767,85.5944055944056,0.05722751903259773,-1.800302672397031,84.7636815920398,0.04448945024055723,-2.2143398366666616,76.68711656441718,0.041304753309901306,158.9294824000314,180.0,176.98728313595242,12,0.10202880351606951,0.4333333333333332,0.399999999999999,0.8999999999999986,2,0,0.11576345014323271
0418,54.99999999999999,3.4890000000000043,265.77166644605546,58.95826294746244,88.78405595421118,394.67209969324324,305.88804373903207,80.38181818181818,-0.0014900996023512595,0.003975551247070022,0.350490755178576,3.8567535784422553,0.03930320862581408,0.03787972715975734,35.13334469512721,0.025726596563339647,0.47385119198619546,81.62162162162163,0.037085509775467096,0.12429769795950035,78.17708333333333,0.03756945819324225,0.45917268376462345,81.5028901734104,0.043598898627941154,166.1850946331789,170.52631578947367,172.68027500932692,11,0.03761391030792127,0.20000000000000065,0.20000000000000018,0.3999999999999986,0,0,0.05965224230197139
0419,46.1,4.211999999999996,160.9101242604951,58.26144419084574,74.47905276867479,393.96053832553156,319.4814855568568,66.68112798264642,-0.004972822878709463,0.09092002530913654,2.8943908570599994,5.432675723035862,0.02082544386370312,0.01534672280667961,20.93790265137464,0.0026695030286620247,3.0201510461383476,67.21204188481676,0.020938798384483856,2.739125144439496,67.90352504638219,0.02003433051061741,2.937937788855414,64.77815699658703,0.02157997178915155,170.5358562569566,178.75,182.5065940610908,13,0.06559071394498331,0.25384615384615383,0.1999999999999993,0.5,0,0,0.08371760216250589
0420,24.699999999999996,13.753000000000007,149.4469989231952,64.83782042720867,69.24136610343994,393.1635288529708,323.92216274953086,57.97570850202429,0.018077482477876865,1.545021241847783,-2.3709613993092247,6.8049990417326836,0.0165861580501915,0.013511473367133826,21.803002478913616,-0.09451286974485612,-1.549718608260133,67.79359430604983,0.018206204508198934,-3.073696354489537,56.65557404326123,0.01633919965525692,-1.923207342314389,52.40793201133145,0.015717004907572784,109.22424778300783,155.55555555555554,112.74259791157759,7,0.031206927938002237,0.17142857142857146,0.10000000000000142,0.40000000000000213,0,0,0.35765739994278745
0421,30.1,8.64,133.65712571574386,43.10300449079339,81.02869967607577,394.85512844341986,313.82642876734405,71.92691029900332,0.025195585431526283,0.31605555126073426,1.5775021639658655,4.161603933393301,0.033731531060133005,0.027072893240843793,31.147493744092834,0.010337876205199315,1.5655315333094169,72.65469061876247,0.03192258706961213,1.161316816196666,67.41028128031037,0.0361767159988019,1.9790701367657144,75.9467758444217,0.03300642994113022,99.1223541559112,147.69230769230768,118.73840445269015,13,0.16520392359318523,0.492307692307692,0.40000000000000213,0.7999999999999998,6,0,0.22302529685080022
0424,14.100000000000001,3.663999999999998,192.5377313725001,74.808926199871,85.03198535822956,394.86524865839664,309.83326330016706,75.81560283687944,-0.14523590258807031,-1.711479564571421,3.644013117727041,6.511331436866975,0.04989985196421902,0.0481472202736827,49.520260751700356,-0.2513132720855161,4.453733506041457,80.67542213883678,0.06300855097915663,3.5725271668714504,72.55639097744361,0.043439319784984685,2.376874027035576,73.33333333333333,0.039666912183306244,165.50326503039855,196.0,175.37580529706514,3,0.056293627561360006,0.33333333333333304,0.2999999999999998,0.5999999999999996,1,0,0.20625985138482314
0425,21.7,8.132000000000001,169.40748872009027,78.79117584727408,70.30610418647662,394.83702043464626,324.53091624816966,76.3594470046083,0.018444272949280395,0.060259109852444544,1.8521213980690494,7.168065010557332,0.03444533099369181,0.033805845768369876,38.382931653026596,0.11142074762693509,1.046502296038266,76.3265306122449,0.02688382018469946,3.0983565682733745,80.80536912751678,0.041947304894686316,1.2483131870898312,71.59420289855072,0.03440002648408089,122.68704746580852,140.76923076923077,149.80353634577605,10,0.18101367658889786,0.5400000000000001,0.5,1.3999999999999986,5,1,0.2725931885223921
0426,12.899999999999999,4.054000000000002,185.0953334162742,59.165862641583246,78.90941462321224,393.72604372330676,314.81662910009453,70.7751937984496,-0.08882288535694592,0.2387611685332437,-1.2318253834995898,5.617018343986466,0.025996025404878536,0.022326492750625,26.13393513114861,-0.024727554847097162,-0.1398722326677081,76.82403433476395,0.02200077110608117,-3.1302042433666384,73.82716049382717,0.03229013369838118,-0.541606433880707,61.097852028639615,0.024331073810078305,141.559513979002,171.42857142857142,160.49217600641967,3,0.11796626164916839,0.666666666666667,0.7999999999999998,0.8000000000000007,2,0,0.23911761236286433
0427,24.1,6.9339999999999975,168.0942763731846,27.303842062458674,73.95094601686071,392.0758877195476,318.1249417026869,73.3609958506224,0.011959029762772072,-0.08641323138959889,0.294179326510598,2.515909430939689,0.03869623802768248,0.0355926378361184,31.35214774915106,-0.03638016914462508,-0.16220014108478084,73.37016574585635,0.03437559884006942,0.5744397337574856,73.75886524822695,0.04074938546955217,0.5635295914334575,73.0,0.041774624925522114,156.60243603789394,167.58620689655172,191.83705691955475,11,0.18366952374814718,0.5181818181818181,0.3999999999999986,1.5,5,2,0.22343236450344775
0429,20.299999999999994,9.141000000000005,148.14354881809922,56.244249539194236,70.26034636713543,392.0808495948178,321.82050322768237,76.05911330049261,0.0376567903265731,-0.008821551699163615,1.635668307881725,6.0112775718114015,0.03188241661531328,0.02924184226670519,31.898499456278557,-0.14150120860371898,0.9160365856520792,77.45398773006134,0.03320267450484135,1.8857646529815724,81.19325551232166,0.034472965143898644,2.136524742974865,68.03953871499176,0.027173815199313923,126.35440372269964,143.07692307692307,166.51000402846788,14,0.2411602866750452,0.5071428571428575,0.5000000000000009,0.9000000000000021,7,0,0.31048537753473066
0431,43.30000000000001,5.000999999999991,195.1943347127155,76.60629637080966,65.96202430796802,394.98430825217787,329.02228394420985,90.5311778290993,-0.02839354320625722,-0.058518483920098355,3.1445054382812785,6.275439359083066,0.03856978179309283,0.033156842971428714,34.58551420638216,-0.167832082869069,3.32295503592687,88.46411804158284,0.0422431759713664,3.7957308019964766,94.66216216216216,0.04059166717649472,2.1880539767316707,88.30022075055187,0.032344967312899854,159.00291919421957,170.66666666666666,170.28447262810133,12,0.06625121633092455,0.26666666666666555,0.29999999999999716,0.6000000000000014,1,0,0.10353822902217326
0432,3.5999999999999996,1.8860000000000001,150.53657845181172,69.93545286837232,82.47116041761248,392.659529073425,310.1883686558125,58.88888888888889,-0.8164646068555885,0.988057380416697,3.2711637002562353,6.672114396381012,0.022944783784363536,0.02037046686157478,27.482185376542134,-2.454687364675153,2.6608367530489176,73.7864077669903,0.02906980953472774,5.320390245751408,53.55191256830601,0.022163067909368676,-0.7930298121324667,51.351351351351354,0.01635257233620877,87.49544294567991,120.0,90.80590238365494,1,0.036456434560699996,0.20000000000000018,0.20000000000000018,0.20000000000000018,0,0,0.3437841779074007
0433,6.199999999999999,1.716000000000001,152.99844070778246,47.36246208566118,107.64212201242873,384.23336628737655,276.5912442749478,67.0967741935484,-0.24902399997570904,-0.04339668083345603,2.161250396316362,4.519153386281601,0.023407286057481987,0.021536812738575516,25.27078285471906,-0.6906568569035633,2.8825087178971054,71.83908045977012,0.03218246738894215,2.0827537861117067,70.94017094017094,0.01787575331066122,1.5442355730873991,58.9622641509434,0.022310574317302698,166.75088428499242,188.57142857142858,185.4974704890388,3,0.10106114199090459,0.2666666666666669,0.2999999999999998,0.3000000000000007,0,0,0.21677614957049027
0435,17.299999999999997,4.434000000000005,203.63136613961754,68.56916503479317,88.45949262969316,394.0749621622248,305.6154695325316,66.0693641618497,-0.17430713406648746,0.44264303908810665,-2.516262708409374,5.973147555831932,0.03413870486529194,0.027550798160346505,28.951940581680915,-0.03843146005972378,-1.4258943291884532,71.90082644628099,0.03195643787522915,-3.120654485424584,67.54966887417218,0.03825658677255917,-3.2753240415390237,57.58157389635317,0.03189891764264045,124.2293181190761,142.10526315789474,141.8514237679941,10,0.1242293181190761,0.27,0.2500000000000009,0.5,0,0,0.20401214686666072
0436,22.999999999999996,9.340000000000007,184.3832776175676,65.02503377076582,82.12199812439734,394.40737005631945,312.2853719319221,76.17391304347827,-0.056525821462225276,-0.23473769576599196,-1.5649833477650903,6.1232605042482104,0.032433871069346046,0.025809533311226728,34.756910804890836,0.0085454976033694,-1.4097374682642605,75.53865652724969,0.028852309038532396,-1.0336173031559897,74.15458937198068,0.03282742430010072,-2.33764994476229,79.35578330893118,0.03608359154480845,124.30426716141001,143.57142857142858,163.81418092909536,18,0.24118738404452703,0.4333333333333336,0.4499999999999993,1.1000000000000014,5,1,0.2888064316635747
0437,19.5,3.776,142.89719446520064,59.52728012969675,77.5692438012649,393.961609092128,316.3923652908631,67.6923076923077,0.07960410079495925,1.07696452297978,2.986453277836359,5.995569193221114,0.03242894314816343,0.030751011514682253,33.841961052291246,0.003574085902459091,2.975190474192222,73.15436241610739,0.02761321406536709,2.3047576377596,65.88921282798835,0.0352418109418814,3.711075990113068,64.67065868263474,0.033836947978786315,157.24351263103625,174.28571428571428,168.85034139140063,5,0.06874033339061701,0.3200000000000003,0.40000000000000036,0.40000000000000036,0,0,0.162227186801856
0438,9.900000000000002,2.3779999999999983,257.0683602877819,48.72066766598741,110.31765120924,394.88230290538365,284.56465169614364,74.04040404040404,-0.16985510970211615,0.3893347798243216,0.8501109560306185,3.161129951112248,0.0327669472217449,0.030778889860337437,29.45582028605727,-0.5492807651792457,1.9537323094719743,79.66666666666667,0.03419067053935853,0.13626313168484594,76.51715039577836,0.03553321571972235,0.571926473617825,65.59485530546624,0.028022468906575934,136.83010262257696,168.0,145.10278113663844,3,0.05701254275940701,0.2333333333333331,0.2999999999999998,0.2999999999999998,0,0,0.1936797524026713
0439,10.0,1.1289999999999996,250.6225095481039,69.16384681005256,90.03588961806716,394.85808221958894,304.8221926015218,82.5,-0.43630719849267086,-0.04071154894665685,0.7876697618346482,4.738548448947362,0.039583692860683105,0.04086472434524274,48.863292262660366,-1.51185328398837,2.1138979164980523,86.42659279778394,0.050857395194463306,1.1207401850501952,81.52492668621701,0.04496885852807739,-1.3671249696926036,78.85906040268456,0.019764404152374043,177.91355916973674,220.0,191.6932907348243,2,0.07188426633120683,0.40000000000000036,0.40000000000000036,0.5,0,0,0.1014466708599155
0440,6.7,0.5369999999999999,224.12207688393966,88.75623321748495,95.448372840173,394.6128316101602,299.16445876998716,62.23880597014926,0.527219601064208,-0.03653955695237979,-1.2766742979284078,7.425357188714642,0.014324165139284946,0.01843953695018587,36.14905649192024,-1.9749719272449255,-3.5879441622872807,69.79166666666667,0.029843124165921338,-0.0015264781899232036,59.33609958506224,0.0064620717002396855,-0.3669312722035097,59.07172995780591,0.009845285131527154,215.55893325963797,260.0,215.55893325963797,0,0.0,0.0,0.0,0.0,0,0,0.07420201741052922
0441,8.399999999999999,4.531000000000001,157.62936061685684,61.133955775960224,65.25016458335696,384.83700422247574,319.5868396391188,75.95238095238095,0.18685768374099607,1.60137724085153,2.461284463482131,5.817729475393369,0.036229818307788875,0.03044822932771903,31.21609113992588,-0.14085009189422387,2.0078024634799405,78.2442748091603,0.028685987991253128,2.5559233596563273,76.25698324022346,0.044271955942687694,2.880830659387714,72.72727272727273,0.03205623786091232,111.3602969607919,160.0,123.80706732009286,4,0.10053360142293712,0.32499999999999996,0.30000000000000027,0.5,0,0,0.350398267728714
0442,22.500000000000007,15.873999999999995,159.01195080845102,58.96096064275887,84.51619360991138,394.8805511591057,310.3643575491943,81.2,-0.05070132479077475,0.15420841783139005,2.0229280499064513,5.1098372020066,0.038230914035835034,0.026875576399045392,34.78410239204313,0.07817490918210643,2.9362186171433358,80.3529411764706,0.035188408159171236,1.4319613447094357,79.54866008462623,0.03505854702808686,1.5221138504380454,83.93632416787266,0.045228697052895464,95.3770782300516,118.06451612903226,130.8357760777865,16,0.2710168343149006,0.6499999999999998,0.5999999999999999,1.7000000000000028,10,3,0.4136655026841089
0443,23.1,4.381,213.6818751857255,72.32742270720091,72.98845423798811,394.4400520889919,321.4515978510038,88.05194805194805,0.05403043623955717,-0.11568923077002775,1.6152667594854035,5.404504624339265,0.03997847585123774,0.04697543162355969,40.53174971773021,-0.2091963590061066,1.0358588556125863,92.43466299862449,0.041490405051890514,1.9981716117213224,89.11483253588517,0.04647719913034019,1.783983123321341,82.59705488621151,0.031247736197489672,174.66613296459371,208.69565217391303,192.9182910654716,7,0.09461082202248823,0.37142857142857133,0.3999999999999986,0.5,0,0,0.15941923510789272
0444,44.90000000000001,2.98299999999999,259.26598755246147,54.007092365156545,70.62694340736546,393.7766180409264,323.14967463356095,81.87082405345211,-0.012295127371200585,-0.04857582558900884,0.12518713120958663,3.87795124795419,0.04077763616531024,0.03535910430145688,36.713015807458774,-0.004567946518738608,0.31021619298438063,83.85525400139178,0.04137676173946875,0.24616802286420614,82.03026481715007,0.042880545806576596,-0.1999036033898038,79.75460122699387,0.0379196259367407,171.6684418269532,191.1627906976744,175.70485005236938,6,0.022972662531587217,0.1833333333333318,0.1499999999999977,0.40000000000000036,0,0,0.06229768393793183
0446,51.5,5.526000000000003,192.26013964179936,72.58931785590867,70.42531765767144,394.59724778013447,324.17193012246304,90.89320388349515,0.011930453460948148,-0.11114431462519345,3.019189090098332,5.997846430402634,0.03452437490088828,0.03244137138470124,36.34984818549272,-0.04545471965664064,2.6465141264641217,90.63756461803561,0.03534809771390635,3.4553200135405797,90.58012636415853,0.03260594529122361,2.9538566040867726,91.48681055155875,0.035666991527364106,164.1356574194227,176.60377358490567,173.5711901494641,12,0.054361168589766064,0.2583333333333333,0.1999999999999993,0.6000000000000014,1,0,0.09690316697646693
0448,20.8,7.282,180.04132033536047,73.80671857630891,67.42627267839914,394.3829943926611,326.95672171426196,76.15384615384615,-0.1235590822693561,-1.2785232172554564,3.515791107316331,6.495414583413493,0.03796104393022673,0.03369966664554081,49.654806895761254,-0.3440274190031854,4.140011686336043,83.35949764521193,0.04776288907230387,3.7087405262237594,73.72353673723536,0.03540020799647612,2.549007629110986,72.03125,0.03143751046206179,141.01559717968806,188.57142857142858,165.81525835357172,7,0.14956199700876002,0.5999999999999999,0.5,1.3000000000000007,3,1,0.2593120148137597
0449,7.6,1.8049999999999997,181.3284348071164,82.34428118994556,69.61851687504058,390.2912794715385,320.6727625964979,76.54808959156784,0.16806421705600008,0.2296471797757359,2.875813252896743,7.412946393508966,0.03845828616024737,0.033063645374339,31.416929128656,0.02815282030598382,2.662127922853564,74.22680412371135,0.03128054016330334,2.3909823812595534,75.82417582417582,0.044203944036348974,3.4459466353102917,78.76712328767124,0.03785732412349449,178.62838915470496,186.66666666666666,190.8006814310051,3,0.06379585326953754,0.20000000000000018,0.20000000000000018,0.3000000000000007,0,0,0.1919191919191919
0451,9.2,3.0,153.40648616549572,67.80737972236932,71.47472608043647,391.67158986985805,320.19686378942157,64.13043478260869,0.099445952501016,1.5247320974560132,2.628130560784888,6.399700532057437,0.02363837242049855,0.02107736797582515,30.510033434210353,0.2527668763602865,2.2363132968974178,71.71717171717172,0.018271483793377046,3.2842629689332834,62.94277929155314,0.027995474414943468,2.1616270739749694,57.03125,0.023618487616958714,122.95081967213116,150.0,131.57894736842107,3,0.06557377049180334,0.2666666666666669,0.20000000000000018,0.40000000000000036,0,0,0.24590163934426232
0453,14.900000000000006,6.520999999999994,205.80299159749404,64.00812814653342,65.91448288205261,390.9043868400614,324.9899039580088,70.26845637583892,-0.05647822494066987,0.08074581700846752,-2.743533573368656,5.83584989806547,0.03386219611715108,0.030023596416123087,28.05798081653346,0.13351196996964093,-2.285290382943896,71.62393162393163,0.030551155982712987,-3.005308553361493,72.90076335877863,0.03877411621033084,-3.1175411117048797,64.56692913385827,0.032186283315281075,120.44255636991737,135.78947368421052,149.81708379304334,6,0.1960692778114932,0.6999999999999993,0.6999999999999993,1.1999999999999993,4,1,0.3044208953830351
0454,19.700000000000003,8.146999999999998,151.35944440037997,56.117306515290736,77.97803714559976,392.59909130719126,314.6210541615915,75.58375634517766,-0.058351864058101145,0.1218441001126956,2.6899603564552486,5.989428687892462,0.0340684546030751,0.032051582825321584,33.905429292337175,-0.08841799862890327,3.787117646928491,76.63421418636996,0.03499284551366838,1.6366481857055089,75.26881720430107,0.039199375704942835,2.376943840362843,74.74747474747475,0.028971921313392518,112.04079434050347,120.0,151.1115416283237,12,0.2585556792473155,0.5999999999999995,0.5499999999999989,1.3999999999999986,6,2,0.29256293317053894
0455,19.699999999999996,3.706000000000003,191.65334959371157,63.339718172810585,81.14470432648899,394.4919862011558,313.3472818746668,80.76142131979695,-0.06354447139208755,0.3174530577058176,-2.551836410475114,6.111713964423918,0.0339281506874576,0.027541492640173356,30.836448627973283,-0.12734555987676552,-1.8872177758491413,76.48054145516075,0.03431906062941839,-2.424025283333144,84.72972972972973,0.03824467049426579,-3.295088753383229,80.12519561815337,0.028561674877439255,128.1722635221738,142.85714285714286,142.81633818908887,8,0.10253781081773922,0.3000000000000005,0.25000000000000033,0.6000000000000014,1,0,0.1583354695377255
0456,11.200000000000001,2.514999999999999,244.46140202953194,93.28180420952343,91.87342019192408,393.6844546655582,301.8110344736341,63.30357142857142,-0.04096700270370011,-0.08735438974067639,-1.5625489735254945,7.377921121724537,0.021408265138896633,0.021678209730458586,33.54799754499747,0.2296627128544773,-1.7587820733888222,66.20111731843575,0.015942222448737754,-1.6424470069151598,60.957178841309826,0.021278168653897256,-1.2762769354911139,63.013698630136986,0.02689636278661299,157.49179730222383,180.0,171.22473246135553,2,0.08020415603353989,0.5499999999999998,0.5499999999999998,0.5999999999999996,1,0,0.18337586584032073
0458,37.2,12.799,170.02373456754205,36.41221520155976,88.45152017782694,392.01725508250115,303.56573490467423,69.11290322580645,0.0017129591321201605,0.02077518151638857,0.8220630192082431,3.0679932020639535,0.0433185795406075,0.0426728851160538,31.096810605603167,-0.09807254028044725,0.2277870644013602,69.91935483870968,0.04204038988295048,1.5142625966522816,71.95945945945945,0.048598449003283625,0.7346020014092366,65.74074074074075,0.03971795433357524,120.00240004800095,133.33333333333334,150.75755672253072,24,0.20400408008160165,0.42500000000000004,0.3000000000000007,1.3000000000000007,5,3,0.255985119702394
0459,24.7,6.099,174.6437602958075,59.72524758718158,86.27684135386795,374.604281441369,288.32744008750103,68.62348178137651,0.026016467778417304,0.7213005769376015,1.6833156761561727,5.721408569449765,0.034399213041111855,0.031241320595958934,27.259025005070654,0.025561363520831753,1.0252993941454447,64.9393605292172,0.027463515422571166,2.6023281688750552,74.96902106567534,0.044600957043531744,1.3471261192886979,66.26984126984127,0.03183025845124882,132.4718335010877,151.11111111111111,152.81471216150416,8,0.13312120523393614,0.5124999999999998,0.4499999999999993,1.200000000000001,3,1,0.19802590993214067
0460,56.400000000000006,4.125999999999998,252.7583234996943,52.05720034851596,80.13098724451973,394.6531287369472,314.5221414924275,85.53191489361703,0.0018671053964915882,0.0826072230539828,0.2514132504990829,3.8178970866596473,0.04364801517137389,0.035954208518713726,36.519916714106664,0.016792913998467916,0.302900962799732,82.33601841196779,0.04328370345321853,0.3592331479717635,87.5,0.042596055049259236,0.09620991133080962,86.40124095139608,0.045044593634605674,179.4270230975118,187.24137931034483,187.15748112914898,11,0.041304563328156435,0.22727272727272696,0.1999999999999993,0.6000000000000014,1,0,0.06816905131678944
0462,35.900000000000006,13.471999999999994,167.2902429488365,61.63621442762843,77.15089622897172,394.937328669293,317.7864324403213,85.51532033426183,-0.06642559050349006,-0.14944432615096012,2.5036346150335773,5.344866635659478,0.041111732881119585,0.02903754230943342,35.474984265839296,0.01691207996372323,3.1261689328089304,86.87782805429865,0.036581387407189636,2.758198143249492,84.84848484848484,0.043846293123064074,1.3467082355266213,84.55445544554455,0.04366430669798367,105.72794296362311,116.0,137.83269961977186,24,0.23292554484323091,0.4791666666666665,0.40000000000000124,1.3000000000000043,8,2,0.27286721218504406
0463,47.19999999999999,8.62400000000001,134.51250408055387,39.86314857033412,67.17745135225275,391.947203220123,324.76975186787024,75.65677966101696,0.02057463024503095,0.1432939556872362,1.4412014798989181,4.003205120146075,0.03621099652206337,0.0308765483433183,30.99390908821374,0.01534800946817116,1.1217165305259298,75.70317175344105,0.03595577922166923,1.5211074227531713,73.00454250486698,0.03940431775335595,1.7072931608860435,78.315649867374,0.03323059870478004,125.75236457437661,130.0,142.90367233938608,22,0.12002006305531687,0.30454545454545495,0.20000000000000284,1.0,3,0,0.15448552593866455
0464,15.399999999999999,5.3160000000000025,152.22022005977036,68.86595430586546,87.51592382978096,393.59999404117605,306.0840702113951,80.97402597402598,0.06526830010515201,-0.5795188105589248,2.550555402526472,6.267438588092561,0.03605615222165986,0.03793702630787952,37.54192602568849,0.010189410074794467,2.269112972750223,81.34490238611714,0.03097206631262942,2.1639874728953794,85.2994555353902,0.04260789752829823,3.2650525122098215,76.13636363636364,0.033674873744177686,127.43772929136898,138.94736842105263,149.01783698351773,9,0.14481560146746472,0.33333333333333326,0.3999999999999999,0.5,0,0,0.25661324580034767
0465,18.672,1.5999999999999979,236.00041855399348,67.97665627358853,83.98451115657352,394.6653647727623,310.68085361618876,85.7449088960343,-0.12320688832038167,-0.432697569215802,0.3904723041428859,4.9945797939796,0.0385064109026001,0.038232583469963305,46.25127634876627,-0.5354288766595369,1.3611934841410913,88.01916932907348,0.044376445775364926,0.02014358456585436,84.14634146341463,0.03959791699656995,-0.2744088165261078,85.1027397260274,0.030988140649184003,180.54459352801896,203.33333333333334,191.90436241610735,5,0.05919494869771101,0.2399999999999995,0.1999999999999993,0.5,0,0,0.07892659826361474
0466,9.200000000000003,2.1119999999999965,269.73000903801125,66.59826705973906,84.7242574961752,394.77056302904845,310.04630553287325,75.8695652173913,0.004691187081591465,0.20005555176100717,-0.07851936424082086,4.368210834711296,0.048414045874322034,0.04758829201734874,32.07678043408247,0.5039926762975366,-0.29423871708252936,72.5609756097561,0.04342232574514506,0.17179090780009384,72.99703264094956,0.03963508365483189,-0.12634703221156116,83.92156862745098,0.06634686911732612,164.42715700141443,186.0,175.27327553712774,3,0.06188118811881174,0.2333333333333328,0.1999999999999993,0.39999999999999947,0,0,0.1867043847241864
0467,6.5,2.6430000000000007,148.50874594566687,60.449488439231175,76.07147077773175,389.6258175405619,313.55434676283016,54.92307692307692,0.3259440338722213,-0.6994656888090048,2.1332335170864263,6.169864226802962,0.028432748047431712,0.025357692031052325,27.70574517127298,-0.4628892441308844,0.6551886204946643,59.62264150943396,0.027289864760984835,3.5951076267201953,55.609756097560975,0.0337113132376914,2.920026989595233,47.22222222222222,0.02410362697468275,85.31116701301542,111.42857142857143,95.78779319661058,2,0.10937329104232746,0.5,0.5,0.7999999999999998,1,0,0.28907360822487155
0468,25.6,4.858999999999998,212.20364499979252,64.74618382438474,67.48964475242498,395.01605634545786,327.5264115930329,91.640625,-0.0004140799150027592,-0.7195220680455285,0.14116440995685817,4.983678099333631,0.03674057459025557,0.04087225625273937,39.8944580641992,-0.16074647124813168,-0.34901221986857633,91.62679425837321,0.03933213384151464,0.34449146131800795,91.74603174603175,0.03834019743086729,0.4205343186751834,91.52759948652118,0.0320188966461854,130.01083423618635,152.30769230769232,146.34687165083704,7,0.11162546373813967,0.48571428571428515,0.5999999999999996,1.0,4,0,0.1595259200893003
0470,3.6000000000000005,1.5469999999999997,156.52058598369612,50.3715707346886,107.69613099966726,320.016181356006,212.3200503563387,68.88888888888889,0.4349772459029245,1.1782172180814066,2.4369349213268396,4.885522636237916,0.028901966835689945,0.019561692129401457,23.02971660587429,-2.1448633506224417,1.3564464520130717,61.53846153846154,0.03688971302546998,2.398730255889131,74.4186046511628,0.032177226356806456,2.885410241713968,64.70588235294117,0.021782023916131647,151.54458908101807,195.0,154.54725579552206,1,0.019428793471925325,0.09999999999999964,0.09999999999999964,0.09999999999999964,0,0,0.3005634350106858
0472,1.9,1.9929999999999999,184.2177213952798,62.349948765146294,118.13637881840808,347.0262980568214,228.88991923841334,71.57894736842105,0.17383373291310955,1.448914336447148,1.1264979231634304,5.679997512926571,0.035474729028826056,0.026049404788191274,25.382943375055152,-6.592601603387968,,,,0.7774896070232675,84.16666666666667,0.045629438159834855,2.133636206882186,50.0,0.018066656232810983,107.88594913948113,210.0,107.88594913948113,0,0.0,0.0,0.0,0.0,0,0,0.5119445157975854
0473,15.2,5.045999999999999,175.6681917335155,72.46320243928432,67.85752440032446,386.9458969887303,319.08837258840583,77.89473684210526,-0.260077392426891,-0.2737158117340241,3.439941150281457,6.442898041070731,0.04186975337065858,0.04178505496006122,52.14500521128646,-0.38281885658731374,4.718728312647565,81.71428571428571,0.05255065641911186,4.010318583781364,77.1900826446281,0.04331099067683018,0.6101982541025792,73.84615384615384,0.02525584908688473,154.1045144719945,208.0,162.9583202757756,3,0.05433171984589543,0.36666666666666625,0.20000000000000018,0.6999999999999993,1,0,0.24923441667489873
0474,23.8,6.163,191.07264736980227,69.65146362329098,81.31603459322977,394.9617446297464,313.6457100365167,75.7563025210084,-0.035651277218993686,-0.5507515811111661,-2.344318903583191,6.5671552614694475,0.03193042044890803,0.026238661270378515,31.738357199967417,0.010985571043772168,-1.7928468027974946,77.62669962917181,0.031162286403794322,-2.9210376583985957,78.67360208062419,0.034011860790339896,-2.3397743994254667,71.07231920199501,0.030709463865286942,116.14324333344457,128.88888888888889,135.60378755406614,12,0.14351032940626768,0.3583333333333332,0.2500000000000009,1.1999999999999993,2,1,0.2056870139839135
0475,4.9,2.101,228.1008231779366,100.18396202397072,92.76836935673218,392.9345169489003,300.1661475921681,62.04081632653061,0.8479316194863149,7.356424349025693,-0.34919433933282834,8.177483094498017,0.011323413959294574,0.011123514228209175,35.57591966533154,-2.786582513613222,-1.1563100250410687,67.53246753246754,0.021383854624059253,-0.2489007299065951,65.57377049180327,0.0062345242974935966,0.5496156379485351,52.287581699346404,0.007283929944495993,137.12326810455647,192.0,154.81373971940008,3,0.11426939008713032,0.26666666666666644,0.2999999999999998,0.3999999999999999,0,0,0.30009998571632623
0476,18.9,8.190000000000001,151.8012705061185,50.66727066089331,71.10987422867395,389.1313626426588,318.02148841398486,79.1005291005291,0.049056528487135,-0.007443334625069772,0.242747005019262,5.772960025456606,0.03490278692703444,0.03328630714664851,34.31252665881858,0.031953649227604596,-0.5171683707200609,78.18499127399652,0.030658405652211,0.9980247014002238,86.02620087336244,0.04118350310157084,0.01045088609397298,72.38095238095238,0.03191418130571274,157.25359911406423,177.5,215.2602324406266,9,0.26947212993724623,0.8111111111111111,0.6999999999999993,1.7000000000000002,5,3,0.3023255813953489
0477,13.7,5.292000000000002,148.04737057789606,75.57493850363534,88.89075056103489,394.75674191437645,305.86599135334154,81.24087591240877,-0.03845144672123804,0.6216840055517096,2.9059388039290583,6.686864266472588,0.03478181436882778,0.03304842829540693,37.35648376339819,0.21811938915376292,3.253958876020403,82.96703296703296,0.033247599712081605,2.5375042405688495,81.45025295109612,0.03250753470636095,3.128048048841847,79.41888619854721,0.039384635045740087,132.68744734625105,168.0,148.30508474576274,5,0.10530749789385013,0.40000000000000036,0.40000000000000036,0.7000000000000002,1,0,0.2786436394271273
0479,7.6,0.6029999999999998,272.19346759508943,68.82413994846141,72.45460040238974,395.00903640979556,322.5544360074058,75.75757575757575,0.02645740950946826,-1.8386503944288135,-0.6647601508502898,4.942481895867976,0.02955853377604277,0.03127494080309034,32.85708851056842,-0.6751943877360167,-0.7941239097917578,80.80357142857143,0.0490397751004222,-0.8791194691416236,77.9467680608365,0.015683888070645986,-0.30836596768558555,69.48529411764706,0.026930716731404382,146.28794343532854,171.42857142857142,148.0932987782303,1,0.012190661952944002,0.09999999999999964,0.09999999999999964,0.09999999999999964,0,0,0.07350969157625256
0480,31.900000000000002,8.852,208.65912940454874,68.40424975531862,75.38903422735338,395.0117716755245,319.62273744817116,88.15047021943573,0.0008585544412341007,-0.03916802942084198,1.523851421112112,5.190121140218294,0.03280940250049879,0.03281986602424997,39.386325802006155,0.020974612509080594,1.7310468930349583,86.98817106460419,0.03359784925971971,0.8352267888966514,89.83200707338638,0.03141060826906566,2.1209511296510004,87.5,0.03355474967483951,125.1472320376914,134.21052631578948,150.65579581708613,20,0.1693168433451118,0.34499999999999986,0.29999999999999893,1.2999999999999972,2,1,0.21721633294071457
0481,3.167,0.7000000000000002,160.05462054526134,58.89574747975038,84.77308110949946,385.9536146151307,301.1805335056312,54.6031746031746,0.8103397742671354,5.0593817525046285,0.437896500010913,5.658650771718039,0.015213950455318951,0.014339596370171754,26.055493736203424,-4.276709370199049,-1.6414143913426038,69.56521739130434,0.02805104582887335,2.206287556586979,64.34108527131782,0.014158292488963513,-0.7077019124487133,35.042735042735046,0.008861580089934184,139.64313421256787,180.0,143.35014600477834,1,0.025859839668994074,0.10000000000000009,0.10000000000000009,0.10000000000000009,0,0,0.1810188776829584
0482,15.8,8.756,167.62347121661878,66.3918775762405,78.19708100913562,394.6709113267652,316.47383031762956,75.31645569620254,-0.13015333214511682,-0.29076266887623714,2.573070757239026,5.643356113840826,0.035557092792142544,0.027146053126821876,35.3258860104862,-0.15836525517527175,4.094529236393546,69.08315565031982,0.03364987352471849,2.0198149939799865,85.79234972677595,0.04321869826767391,1.984794598375592,70.2846975088968,0.029688400138200618,105.0659716566216,129.0,130.5932374974691,5,0.19547157517510988,0.9599999999999996,0.5,2.6999999999999993,2,2,0.35657273171526305
0483,10.299999999999999,6.602000000000002,185.79678677884178,74.09197926054269,68.51394755855219,390.5420766843388,322.02812912578656,77.57281553398059,0.2026539899844287,0.6869808452226867,-2.8644693412075406,6.751018611708937,0.03590147846040745,0.029313762441169976,31.730400911655273,0.4299641394192139,-4.398209272312565,73.44632768361582,0.029624914512368,-1.7785247878569101,76.99386503067484,0.02833491890021586,-2.426273857887061,82.28571428571429,0.04929748432963152,110.04614838480653,143.07692307692307,140.88774428116952,5,0.2189090048514969,0.7400000000000001,0.6999999999999993,1.700000000000001,3,1,0.3906046621701575
0484,20.0,4.920999999999999,175.06227612914807,60.601449776997555,82.03374398096325,391.0498649901552,309.0161210091919,68.35,0.20387940636185492,0.9416410553754588,1.6310067518834084,5.566463370041049,0.028392837733731944,0.026229506850979335,27.15314737074175,0.0014991426414607768,0.614029793189591,72.72727272727273,0.026009443046558556,1.156357094815952,68.89763779527559,0.03473753885486257,3.6678576086056367,62.62975778546713,0.02274989351095151,151.67930660888408,171.8181818181818,170.8783508882962,9,0.11235504193250681,0.31111111111111134,0.3000000000000007,0.6000000000000001,1,0,0.19746398619638053
0486,24.1,5.000999999999998,142.7685503338255,56.35031271373993,73.72118540380947,394.64393798366143,320.92275257985193,71.45228215767635,0.018924591640329683,1.027418707066607,2.1744978099679266,5.122194632744115,0.03743829410412394,0.03577320076024927,31.334353352925138,-0.007993523186416211,2.4274466591630737,71.46254458977408,0.04036004650166293,1.962727884563462,68.51851851851852,0.04025835912809604,2.113561502959438,74.57180500658761,0.03120339320497901,144.32493728737845,168.0,160.29922522041144,10,0.09965293288890414,0.2899999999999999,0.1999999999999993,0.8000000000000007,1,0,0.17184976461289983
0487,11.699999999999998,2.6940000000000026,237.77680097632572,68.53763925794847,86.16472428115625,394.9979264074303,308.83320212627405,81.53846153846153,-0.537544425869428,-1.9069436909467719,-0.5283844589746042,5.098419520493404,0.03529557554698092,0.035989005853792985,51.29564197602252,-0.9967913874395198,1.7928851187469226,83.6842105263158,0.044920209921045236,-0.9256586607927376,89.11111111111111,0.03851915026231269,-2.991604760193217,69.11764705882354,0.020272135299793465,141.725719049604,170.0,163.27837361933732,4,0.1319994442128666,0.47500000000000053,0.5,0.6000000000000014,1,0,0.18716131721550663
0489,18.200000000000003,5.702999999999996,167.3271109761699,34.890772857671394,91.8391338287481,392.290532556005,300.4513987272569,65.27472527472527,0.03653389914054579,0.22109994037640116,0.6393154483771489,2.956917380589494,0.03326388015169455,0.03468779694254252,29.79064276898203,-0.16858804177041142,0.509488791981538,62.808349146110054,0.030732038347871023,0.5321795487461028,69.60651289009498,0.0384040541963899,0.924005389591317,61.8705035971223,0.028850161374130746,125.50725850311677,142.85714285714286,154.61526568056485,11,0.18826088775467503,0.40909090909090884,0.3000000000000007,0.8999999999999995,3,0,0.2385892984144248
0490,40.89999999999999,4.449000000000005,257.81276426429156,51.32417079023003,65.26357103155577,393.7211773163347,328.45760628477893,84.7677261613692,-0.05216964328419805,-0.18597329225806206,0.057558266075907485,3.7780245297334334,0.042265498419297075,0.037340518990932624,36.93192076227454,-0.007202292938104179,0.9078626820752052,83.50983358547656,0.040746516388542,-0.17915214815422542,86.35153129161118,0.04075573785892768,-0.5350521166696293,84.20221169036336,0.04564287172603723,175.9685990870802,190.0,184.94055482166448,6,0.04851264636485927,0.36666666666666714,0.30000000000000426,0.7999999999999972,2,0,0.09810580167148131
0491,7.7,2.8020000000000005,209.75866753806707,61.67641704895771,105.52462221817414,381.3714500751474,275.8468278569732,66.49350649350649,-0.019383876002381416,0.6429796715643084,-2.3611628187323204,5.607990516248372,0.03000743848285839,0.025294162438989527,28.501007551323966,-1.417615813676246,-2.7064348373326887,64.9402390438247,0.04045446566665746,-2.2697078275050164,73.54838709677419,0.029686314955647237,-2.0683727275584793,57.89473684210526,0.01804454085183785,131.40354218244144,172.5,142.23871366728508,3,0.07617596648257469,0.26666666666666644,0.2999999999999998,0.3999999999999999,0,0,0.2668063226052181
0495,27.800000000000004,3.8349999999999973,179.57545947555198,67.43099497002144,69.93639236008907,393.9793415134446,324.0429491533555,91.2589928057554,0.03424630789647305,-0.13635125151136313,2.8278190899991413,5.655729481022045,0.03819204797746321,0.03441926539233269,35.021825271794995,-0.19053105751755728,2.4349692843783983,91.47727272727273,0.03679055530507025,2.968173537789046,90.990990990991,0.046893899454397106,3.057055907111747,91.34295227524973,0.029912540681401978,136.55761024182075,148.9655172413793,147.26435997954658,9,0.07270428323059892,0.25555555555555526,0.1999999999999993,0.6000000000000014,2,0,0.1212264896475422
0496,9.5,3.301,141.42209557517464,59.47472923701423,79.06298265030235,390.9388673178278,311.8758846675255,69.05263157894737,-0.12368321455802607,0.4345524048020975,3.026541785624617,6.00584714388868,0.028622457272512475,0.027368854031342198,30.9805667636582,0.15708025346558405,3.2794034693581464,75.70977917981072,0.02251415611962326,3.014409041224126,61.18980169971671,0.03368296315973143,2.7362111290969118,71.42857142857143,0.029158074727075288,164.0496836184673,210.0,176.45576002016637,2,0.07030700726505744,0.4500000000000002,0.4500000000000002,0.5,0,0,0.2578704788688384
0497,21.7,4.397000000000002,223.28992182080435,79.2276094372661,66.38090075903726,394.87067333649395,328.4897725774567,89.81566820276498,0.030939309181144094,-0.3263577621785708,2.5057159587879902,5.809053681012342,0.03850183614937171,0.03407977492171495,36.752831635839875,-0.016789247585980896,2.254077539357208,90.43478260869566,0.04142931718600827,1.9977199183116676,89.75,0.03648977648918759,3.365293439491133,89.26470588235294,0.0378984329330012,117.25485688010116,145.71428571428572,134.2281879194631,6,0.12645131624324638,0.5500000000000002,0.5,1.1000000000000014,2,1,0.16848679924895588
0498,25.299999999999997,5.003000000000004,173.09953496668086,59.52510869743686,72.73895909489687,391.9544613816223,319.21550228672544,70.94861660079052,0.008893512342510658,0.4166136220769744,1.6204403162432575,5.73746778714051,0.02950257550030498,0.029804604734445284,28.178896849016436,-0.0673024392829878,1.799100719693385,78.49588719153937,0.030261150000084464,1.4563998280717754,68.53932584269663,0.02840881743036533,1.58314737287753,65.52598225602028,0.029918596205917306,112.86011286011286,122.14285714285714,121.69519268405507,5,0.07260007260007262,0.4400000000000001,0.3000000000000007,1.0,2,0,0.16509916509916522
0499,36.60000000000001,4.804999999999993,249.1241525931877,55.13323681543413,67.21330505242386,394.4421944974935,327.2288894450696,83.46994535519126,-0.024441585775357565,-0.285990008849668,0.6262808655771982,4.025173364921375,0.04200726511766189,0.0414027506296844,36.643743231694614,0.007206944953533738,0.7385160438137686,84.6897663174859,0.03580862414649278,0.7385224525873889,82.5,0.048561255065734374,0.34975679193539627,83.28611898016997,0.04084233073137577,153.60463712112065,181.71428571428572,154.3502002184201,1,0.004830334500664154,0.1999999999999993,0.1999999999999993,0.1999999999999993,0,0,0.11604878637845653
0500,15.599999999999998,5.116000000000003,161.69152695267894,77.51360032958259,89.89299900925118,394.65319118365,304.7601921743988,79.23076923076923,0.11144893265600687,-0.5862498766059656,3.526264656510882,7.073467462780176,0.033562212476912344,0.035450642055204214,38.35185574499527,0.0946695674607042,2.781982785164106,80.04073319755601,0.02734414928379628,2.762091235695729,83.2391713747646,0.0375697375786983,5.098003877058463,74.53531598513011,0.03528592439504487,124.54141726201969,143.33333333333334,145.63106796116503,6,0.14481560146746483,0.5000000000000003,0.5000000000000009,0.6999999999999993,3,0,0.24695887236918337
0501,9.9,1.7769999999999992,234.15351552055583,90.647245472246,95.16836393063105,394.57810172906824,299.40973779843716,70.70707070707071,0.18811579546732812,-0.3678860106020848,-1.9697455864442477,7.181161882730261,0.020638785925216296,0.022205629950230232,35.97873817503057,0.2848205349356493,-2.423810389118917,67.05882352941177,0.01595326262900101,-2.9185238068346635,72.66435986159169,0.020549477942376753,-0.8141341311319881,72.57617728531856,0.025110508120342198,149.01087608118524,174.0,164.50789448804008,3,0.09420227798235846,0.36666666666666653,0.5,0.5,0,0,0.1521794981587736
0503,13.600000000000001,1.525999999999998,268.9508666686673,66.77537589020986,93.65040067776724,395.00755398693116,301.3571533091639,75.88235294117646,0.00031776701048523637,0.48694704763739577,0.5890202180257199,4.4659517932493475,0.052507908853314585,0.06127481044635954,35.1113113094348,-0.21501250993584478,1.1762401308533295,81.89473684210526,0.05159235229591712,-0.31677854673495515,70.43650793650794,0.06052162574604193,0.9123883270538433,75.59055118110236,0.04302509199604185,158.66719555731854,200.0,169.89947614328187,2,0.06611133148221594,0.4999999999999991,0.4999999999999991,0.6999999999999993,1,0,0.10088589184186157
0504,16.700000000000003,2.9969999999999963,239.29773056056692,66.37754489714324,76.63132545836513,394.8379271270014,318.20660166863627,85.20958083832335,-0.10217068341482859,0.015277991202434173,0.623788852659516,4.691868247239749,0.03630175412044673,0.03857898013881011,48.078495352335835,-0.2361073708121032,1.0942505609092903,85.78856152512998,0.04388071388950447,0.792298612081944,82.29665071770334,0.02767816361347852,-0.15249653919876321,88.41201716738198,0.03849727418600515,121.84596639082095,141.1764705882353,127.00428639466581,4,0.04061532213027355,0.1999999999999995,0.1999999999999993,0.2999999999999998,0,0,0.15215515053053746
0506,12.155000000000001,2.4999999999999982,133.7779989369268,47.25904096108184,79.9367077454647,389.80796887853563,309.8712611330709,69.19275123558485,0.031901492911113286,0.21357359155538402,2.663293672977604,5.351054883318076,0.02554684992424016,0.02214385600277991,30.433643283977364,-0.08933125702023675,2.3136873049169067,69.21241050119332,0.01990350520140167,2.5941268366527237,71.46739130434783,0.03509695347496144,3.0799373130160927,67.21311475409836,0.022860222195744587,143.29580348004095,161.53846153846155,163.36056009334888,5,0.1228249744114636,0.35999999999999976,0.3000000000000007,0.6999999999999993,1,0,0.17059024223814387
0507,16.500000000000004,7.114999999999995,185.90205522999702,72.44335048973217,95.20838176411382,377.94408196578684,282.735700201673,80.9090909090909,0.1572156409377289,-0.8787219722772012,3.725899010210695,6.4837399460489085,0.04435358119372109,0.035332724801214854,42.68684986132867,-0.1872198374522969,2.1695197300966926,74.59016393442623,0.04216291669835336,3.817357605288207,81.89655172413794,0.04750755566466385,5.367157626976257,88.04347826086956,0.04328184238725915,129.57865763286048,180.0,145.610278372591,4,0.11009951302138463,0.6499999999999995,0.6999999999999993,1.0999999999999996,2,2,0.3012915519796737
0511,36.60000000000001,4.804999999999993,249.1241525931877,55.13323681543413,67.21330505242386,394.4421944974935,327.2288894450696,83.46994535519126,-0.024441585775357565,-0.285990008849668,0.6262808655771982,4.025173364921375,0.04200726511766189,0.0414027506296844,36.643743231694614,0.007206944953533738,0.7385160438137686,84.6897663174859,0.03580862414649278,0.7385224525873889,82.5,0.048561255065734374,0.34975679193539627,83.28611898016997,0.04084233073137577,153.60463712112065,181.71428571428572,154.3502002184201,1,0.004830334500664154,0.1999999999999993,0.1999999999999993,0.1999999999999993,0,0,0.11604878637845653
0512,47.099999999999994,4.414000000000009,183.71992140408608,71.96253222974195,69.86576371122923,394.7088582112534,324.84309450002416,90.12738853503186,0.0036243846125292144,0.012451295856933579,2.9818462238325956,6.0678622536595945,0.03887012824305755,0.03842435460538099,37.31378222222415,-0.14099036585955352,3.2116649205589534,91.70918367346938,0.04819111891061698,2.8800158166028917,88.08796579108125,0.03099227118521555,2.847311543490273,90.69767441860465,0.03773918969467189,165.3919322902512,173.87755102040816,176.34640062921721,11,0.06211903560197233,0.2909090909090912,0.20000000000000107,0.8999999999999986,1,0,0.08568544473347067
0514,36.7,8.256999999999998,182.58771723514863,67.02594241048948,71.63244804852167,395.02940349548163,323.39695544695996,79.56403269754769,0.03129069313402451,-0.14070731311841175,-2.6423989179847216,6.617757230490249,0.035367451737538004,0.02775225070935767,32.749294243862806,-0.05645782303201845,-3.863169203862443,80.6672369546621,0.03544136243813659,-1.7286034206363075,84.6703733121525,0.03875982955884929,-2.44801869909418,73.34943639291465,0.031864625584513584,121.44938496785818,130.0,141.9767532568843,16,0.14458260115221205,0.40624999999999983,0.40000000000000036,0.7999999999999998,5,0,0.18366439041751
0515,21.7,4.397000000000002,223.28992182080435,79.2276094372661,66.38090075903726,394.87067333649395,328.4897725774567,89.81566820276498,0.030939309181144094,-0.3263577621785708,2.5057159587879902,5.809053681012342,0.03850183614937171,0.03407977492171495,36.752831635839875,-0.016789247585980896,2.254077539357208,90.43478260869566,0.04142931718600827,1.9977199183116676,89.75,0.03648977648918759,3.365293439491133,89.26470588235294,0.0378984329330012,117.25485688010116,145.71428571428572,134.2281879194631,6,0.12645131624324638,0.5500000000000002,0.5,1.1000000000000014,2,1,0.16848679924895588
0516,15.000000000000005,10.182999999999995,165.5928917583985,65.4296788681785,67.21572793053771,387.68915251569416,320.47342458515647,75.13333333333333,-0.01159086940816606,0.10514105361162979,2.8079242958640362,6.266481827498135,0.04192930639156466,0.0347962061147107,31.971488339347015,-0.06856937566874706,2.7912236073938823,79.64285714285714,0.043907901711704625,3.0945340254199225,72.96786389413988,0.04066576728584285,2.458151927894938,71.77615571776155,0.04085971711577021,109.59774451018545,120.0,161.56412808054787,10,0.3216455545407614,0.8099999999999994,0.5999999999999988,1.9000000000000021,6,3,0.40436008418377456
0517,30.451999999999998,13.800000000000004,171.83650144767202,65.1833697642388,72.67458680299747,395.01727049406435,322.3426836910669,80.4862023653088,-0.03671782117757037,0.06349768070064929,2.76953632908419,5.722844028734544,0.0357710500570454,0.027770498125918436,35.861457140558,0.01451680904445575,3.1795733011626806,84.13978494623656,0.0368056192173453,2.899179103376591,75.53072625698324,0.031160131995046258,2.2034725779424345,80.8325266214908,0.03864651142237891,93.55509355509355,98.57142857142857,128.76337397362528,20,0.27343396908614304,0.6050000000000002,0.4499999999999993,2.6000000000000014,7,2,0.3118503118503119
0518,45.76899999999999,11.100000000000009,206.52005823811874,60.024456814439596,67.52592935937172,394.7492352403771,327.2233058810054,70.49180327868852,0.0027712859148759433,-0.00043908621241722757,-2.389199314521262,5.489764790456423,0.032621142806728225,0.028113010343427107,27.34458253659335,0.009693551474020273,-2.3410655583894977,69.00393184796854,0.03224017845134404,-2.760845032400801,72.87917737789203,0.030948850545437587,-2.032011068983065,69.5244474212994,0.034751958312005685,136.1022701295961,148.84615384615384,166.56265467300784,25,0.18287643531625328,0.4160000000000003,0.39999999999999947,0.7000000000000028,6,0,0.19518542615484727
0519,47.50000000000001,7.618999999999993,133.13389364565097,44.6696306337124,75.20176912121632,394.72915513831686,319.5273860171005,73.97894736842106,-0.010684063815676239,0.029488547136207775,1.6130857359369868,4.3110011854051065,0.03646019668740334,0.033851597112766356,32.12141788344243,-0.04569021354978555,2.0360692985205486,76.10738255033557,0.03570582771983329,1.248430550094042,75.93650793650794,0.04151669784702281,1.5763156703106374,70.26706231454006,0.03240086163415629,119.74092418222392,143.47826086956522,134.91690345264618,22,0.11248389847421018,0.2818181818181814,0.19999999999999973,0.7999999999999998,3,0,0.13822819717338836
0520,20.054999999999996,3.900000000000002,144.76347036699158,53.77488628414055,86.37701793632944,394.7493412541,308.37232331777057,73.70259481037924,-0.02979393935400224,0.42960445631567545,2.317748891777023,5.773519537278716,0.033731377382886105,0.03278384081065694,32.13225441946722,-0.05131626849924139,2.249616793298063,75.65485362095532,0.034384274055857804,3.3467855555307406,72.96511627906976,0.029290359304311654,1.3195597495224842,72.56371814092954,0.03767103381597084,142.76768941765812,162.85714285714286,164.77957118766565,12,0.13358380296389072,0.26666666666666683,0.20000000000000284,0.5999999999999996,1,0,0.1628052598622418
0521,20.899000000000004,3.4999999999999964,167.94066140531217,35.69895069538617,84.24744431625174,393.8383585681369,309.5909142518852,70.3065134099617,0.0739002426888498,0.04135122632571717,0.52809801579111,3.108919996248951,0.03271117666747637,0.032967988609152635,28.306022920667864,0.0015528986622687956,-0.1221204143182907,73.39449541284404,0.02806248992419416,0.7397700457171318,69.70954356846472,0.03525187527179184,0.9525239318444105,68.07313642756681,0.03440122728431132,169.67908520841019,180.0,188.1903722896495,9,0.0983646870773391,0.26666666666666633,0.1999999999999993,0.6999999999999993,1,0,0.14344850198778622
0522,6.3999999999999995,1.7510000000000003,158.43103249534605,49.125744278098004,83.32214528682388,386.12994105563615,302.8077957688123,75.625,0.4805048945305166,1.2957760519023733,2.2884364460095927,4.707111192678509,0.028831457419902885,0.022458676705753872,23.516618388761156,-2.040375309769387,0.6484673555979741,85.80246913580247,0.04251084472719717,2.736099599893854,72.09302325581395,0.032185889282872505,3.1984386909450797,72.27272727272727,0.01482462030886726,176.66543982333457,205.71428571428572,185.7824796800413,1,0.049073733284259645,0.40000000000000036,0.40000000000000036,0.40000000000000036,0,0,0.21482026745184646
0523,36.2,6.640999999999998,144.7500248242949,61.71312701791594,73.76122878725239,392.1979596687437,318.4367308814913,69.55801104972376,-0.044095115733871655,-0.07910949590132792,3.0505672031592894,6.289776317281896,0.03353556547275725,0.029388636051461747,33.236553611968695,0.054932485227591074,3.394362836934664,70.98402018502944,0.031555598670010676,3.316665674429072,67.54748142031379,0.03156125046852622,2.457305445676698,70.1639344262295,0.037424967396356396,144.25433579981794,154.5,167.7478895795445,19,0.14005275320370655,0.3157894736842102,0.29999999999999716,0.5999999999999996,1,0,0.15501505567096935
0524,36.099999999999994,7.212000000000003,166.05396769776758,36.32247787021162,89.22394765430597,391.0273652137284,301.8034175594224,73.2409972299169,-0.006593408559530129,0.03471899518866858,0.7981819130938609,3.1609260733833686,0.03406449831961481,0.03496241494726081,29.754080878623416,-0.06939513466615753,1.0119912271366787,74.32216905901116,0.03635168875731256,0.8041380617834301,71.84385382059801,0.03414145962663351,0.5568332126164304,73.52430555555556,0.0314943609736743,157.9239009974141,162.85714285714286,187.33567046450486,17,0.157000369412634,0.40000000000000024,0.3999999999999986,0.8999999999999986,4,0,0.16651274473587005
0525,41.4,9.225999999999999,220.0645695482952,59.887350726650574,76.10865455395896,394.6645989923434,318.5559444383844,67.487922705314,-0.00737091150904974,-0.454398720091792,-1.159625397948767,5.119081789920081,0.03465927037198542,0.02942559216130764,29.085077619634827,0.004861755052604565,-1.1560095548978908,65.57591623036649,0.031017144267673425,-1.5886016366142193,67.54385964912281,0.03821376344323947,-0.7071473221539517,69.7749196141479,0.03522648053984439,133.92328052779206,147.3913043478261,153.65090876127456,16,0.1283925255797417,0.4062500000000002,0.40000000000000213,0.8000000000000007,3,0,0.18223837553826097
0526,3.9000000000000012,5.2959999999999985,173.13844533249883,60.45750932003219,77.75484033885277,393.91267023450496,316.1578298956522,77.43589743589745,0.13208647891555148,-0.8826088780591322,-2.863717074892565,5.978199863444592,0.03218215971402654,0.02816955578314623,31.84662150171263,-1.0688538412451245,,,,-3.3859196436533177,85.23809523809524,0.03515318771464211,-2.103763743118786,68.33333333333333,0.02871596037997504,45.67203131796433,84.0,52.52626313156578,3,0.13049151805132658,0.39999999999999974,0.2999999999999998,0.7000000000000002,1,0,0.5759025663331881
0527,22.200000000000006,7.971999999999994,156.06887359768157,79.19089687608681,86.10458499158536,394.7609622900847,308.65637729849936,80.94594594594594,0.007601719997621147,-0.04039428628034577,3.3283300390692188,7.189379192094366,0.03327693023478187,0.03629973898883214,36.492435005176674,0.20373091508221775,3.0726609483493963,82.20108695652173,0.026400067685566214,3.7505345027091614,80.3357314148681,0.03193276925470144,3.082741551036138,80.3076923076923,0.04278831653264311,139.20190905475275,175.0,169.54626190860645,10,0.1789738830703962,0.5399999999999994,0.4500000000000002,1.3999999999999986,4,1,0.2642184807105924
0528,16.6,4.219999999999999,172.10582124484756,72.10275342437647,65.47536330717689,390.6106907002794,325.1353273931025,75.06024096385542,0.03531346708077224,-2.4291506983339786,3.0387405339903397,6.34659024545546,0.03938039948852513,0.03293426499001403,58.90274628388709,-0.6942465344581739,1.8687776507858203,79.42238267148015,0.03858613911929054,4.529255106767472,77.87456445993031,0.04517398507259388,2.616800853150816,67.4812030075188,0.03395653129172156,132.56484149855908,162.35294117647058,154.01785714285714,7,0.1392891450528338,0.4142857142857142,0.29999999999999716,1.0999999999999996,2,1,0.20268972142170982
0529,24.861999999999995,4.5000000000000036,215.4219711628992,75.3986181350422,69.19899393040606,394.9455881321131,325.746594201707,88.69215291750503,-0.007971365099722162,-0.27017260887456473,2.58580764524762,5.86208191754893,0.03890425718259265,0.03216181567107428,33.42388392976678,0.017437226995290836,2.340047077993779,88.71794871794872,0.03155867527560587,3.1843904016576223,87.1638141809291,0.04909302520033686,2.2645020222430237,90.07891770011274,0.03596755103708522,122.60745180845993,138.46153846153845,141.94464158978002,9,0.13623050200940007,0.4444444444444449,0.3000000000000007,1.5,2,1,0.15325931476057503
0530,33.90000000000001,7.922999999999988,169.20963528650833,54.520374885310055,74.01509090350683,394.4658723455342,320.4507814420274,71.03244837758112,0.04571039462947742,0.4627615196095319,2.0107480756724203,5.122136257738394,0.0326310351333647,0.028722359942704445,27.909696270565625,-0.015188970299580022,1.7091842012347973,72.9113924050633,0.033437527366363254,1.7001289167929214,69.8529411764706,0.03062040291907238,2.7743628338089614,70.23445463812436,0.034164769376158505,134.8540276881142,144.6153846153846,154.00158370422955,16,0.12433350070535329,0.3249999999999994,0.29999999999999716,0.6999999999999993,3,0,0.18944121655548352
0531,40.5,5.475999999999999,131.6073717315011,39.749217804070256,68.39683381239857,394.84653455414156,326.44970074174296,71.4567901234568,0.01052430491500661,-0.01999104686368395,1.7735288873664072,4.028977035075598,0.03577147239933963,0.03246476274895645,31.040807429930744,0.006427219427138978,1.6224345297597471,74.42596991290579,0.03954964381485552,1.813227220332913,72.55717255717256,0.028394379369415145,1.8842946442951054,67.48511904761905,0.04013276433343224,117.45258395684705,142.10526315789474,128.03490136570562,14,0.08265181834000347,0.2714285714285714,0.20000000000000284,0.8000000000000007,1,0,0.1191056203236471
0532,10.900000000000002,3.5459999999999976,182.13865104483585,65.59638310357684,88.79725700311258,393.87519744175074,305.07794043863817,72.29357798165138,-0.2471198315694473,0.12402320958341945,-2.9730236479472993,6.44348039521642,0.027526934103610196,0.02331811447845851,29.43873103688068,-0.047093339202810204,-2.932353192295131,74.3801652892562,0.024962837663037928,-0.6518179002598439,65.88983050847457,0.02636020196151841,-5.428295262587667,78.98936170212765,0.030630494256246043,120.44856707739167,133.84615384615384,140.93633565527296,5,0.14536896026581742,0.41999999999999965,0.3999999999999986,0.8999999999999995,2,0,0.2454658729059946
0533,18.3,2.468,234.84489369429645,59.715268252650255,84.01948552864202,394.94457087014086,310.92508534149886,84.42622950819673,-0.08621859122772506,-0.06694554107499436,0.7997996013040995,4.374419273432728,0.03668603863950557,0.0373414595706148,44.50397418497646,-0.0919296946615697,1.5579590114210708,85.15497553017944,0.03933463232155657,0.6379717707472553,83.5725677830941,0.03493848080334393,0.17663040517329195,84.57627118644068,0.035791345141498926,130.00770416024653,142.10526315789474,136.5843787940105,4,0.04815100154083192,0.24999999999999933,0.24999999999999956,0.29999999999999893,0,0,0.11883667180277349
0534,9.499999999999998,1.942000000000002,131.7447386982259,56.55365788699777,84.72676278670039,394.24554603561484,309.5187832489145,63.368421052631575,-0.14867385753133525,-0.5183695714238686,3.395701793021462,5.970918079064615,0.04510218115956645,0.04879391511402644,31.00577826925537,0.0883692758069168,3.29561033552406,59.93975903614458,0.029833477083521437,4.001959229348481,64.797507788162,0.06359799526722254,2.8511718098725543,65.65656565656566,0.04217980211811639,152.07131620346092,174.0,166.63474430185792,3,0.08739730816290874,0.3333333333333339,0.3000000000000007,0.5999999999999996,1,0,0.16972557245236863
0535,0.0,2.456,,,,,,0.0,,,,,,,,,,,,,,,,,,,,,0,0.0,0.0,0.0,0.0,0,0,1.0
0536,50.599999999999994,4.1270000000000024,190.4266389341968,76.87575252400407,68.70501660202565,395.0508171244855,326.34580052245985,91.71936758893281,-0.011396242774823186,-0.244384435480497,3.3139580345123463,6.412464514523698,0.04087059849928418,0.039369299160215164,34.92563700629206,-0.06850423307035362,3.1506665696052005,89.36170212765957,0.044893343084450726,3.7566349774818084,93.14763231197772,0.03368217699772152,2.9803240150117194,92.53086419753086,0.04475764351088465,152.39278601056154,157.35849056603774,160.61008723785315,11,0.0511630456630184,0.25454545454545524,0.20000000000000284,0.6000000000000014,1,0,0.07541067480402731
0537,52.69999999999999,5.710000000000008,245.97696744981997,51.87667221916459,69.84912560001132,393.5451373649822,323.6960117649709,84.49715370018976,-0.0056134498724363865,-0.07476024531540547,0.41373426268051944,3.7725922309973283,0.03889930630704009,0.035823122260044936,35.53861267055774,-0.013456587500557919,0.2730053932271203,87.11189220855302,0.03759690605199812,0.6811689992774865,84.40271257172665,0.03934102612877055,0.24797345041294658,81.8955042527339,0.03973552765400201,141.75654853620955,156.22641509433961,148.3605088693783,9,0.04451292586885819,0.28888888888888964,0.20000000000000284,0.9000000000000057,1,0,0.09775723335045383
0539,34.099999999999994,3.9350000000000023,138.93774403752113,58.70426627769595,82.06087362913962,393.5599047824205,311.4990311532809,66.9208211143695,-0.018641796701678027,-0.019508101671591102,2.6363872605005603,5.934108756356913,0.03423168912769909,0.03408260909214501,32.52635284543149,0.011210657248656148,2.5456797785853085,69.85940246045695,0.03304634138774229,3.007456927065404,66.05960264900662,0.03645748146191922,2.3112767441056117,64.75563909774436,0.03297244907913979,179.83436308663076,207.27272727272728,189.29016189290166,9,0.04995398974628647,0.21111111111111175,0.20000000000000284,0.30000000000000426,0,0,0.1034573419219141
0542,26.799999999999997,10.294000000000004,145.97300347601472,56.06990993406787,75.87642510440729,388.61811465309904,312.74168954869174,74.51492537313433,-0.059506931459389685,-0.2667993649748484,2.839379984124856,6.076438255772027,0.036316925271582555,0.03213255420936816,31.134429919413694,0.09383215528586135,3.6234137249267317,73.25842696629213,0.0345598190876873,2.7393557033401517,73.86363636363636,0.03396539030282888,2.19740269420721,76.37362637362638,0.04030942557506609,121.31341996010136,125.0,163.07893020221792,13,0.25610610880465856,0.7307692307692312,0.6000000000000014,1.5,7,3,0.2775111877931742
0546,0.0,16.928,,,,,,0.0,,,,,,,,,,,,,,,,,,,,,0,0.0,0.0,0.0,0.0,0,0,1.0
0547,14.0,2.6930000000000014,235.42449850971414,81.443601593224,94.4083142943841,394.9606263657085,300.5523120713244,64.42857142857143,-0.14791892669530654,-0.24587943528747327,-0.9842723302859039,6.4351112971620585,0.021213145885783772,0.02288159165996608,33.79170962836159,0.03670747951620694,-0.6704094034857161,63.231850117096016,0.01555807081857306,-0.3146170431276457,66.66666666666667,0.023314409376019186,-2.066220945610645,63.04347826086956,0.02411916519710596,140.1785179416522,156.0,149.11106862932516,4,0.059905349547714606,0.25,0.25,0.40000000000000036,0,0,0.1613251063319955
0548,17.7,3.4860000000000007,267.90441300747614,63.04641120541548,96.56398896398804,394.9414646113403,298.37747564735224,75.02824858757063,0.026246319644245668,0.15319328545749106,0.22196637563287241,4.157670952536226,0.035034644139099555,0.03818385855521961,31.79019069882713,-0.1742572671856013,0.16455766264168747,76.23400365630712,0.03262811860383996,-0.03953357214818465,79.02684563758389,0.04347257303759881,0.5562979863651495,70.17543859649123,0.029096078572668417,181.25177003681677,192.0,205.50144493203467,5,0.11800245445105252,0.4999999999999997,0.5999999999999996,0.6999999999999997,3,0,0.16454262248654775
0549,39.4,8.64,173.05245436049242,54.93457896783239,65.37155656784589,391.9424221522505,326.5708655844046,71.5228426395939,0.011860653520334991,-0.08332110321028528,0.5484519793778322,5.209913257498487,0.02003507348132881,0.022145812453933992,21.970904894268116,0.08636085141031383,-0.44265842169464,72.93291731669267,0.015552547543271102,1.953958099513009,72.20135236664163,0.023544381342265712,0.08857870774318627,69.4800301431801,0.020845706103546566,148.6261448792673,166.04651162790697,167.4484052532833,14,0.11240632805994998,0.3857142857142855,0.3000000000000007,1.3000000000000007,2,1,0.1798501248959201
0550,13.4,2.142999999999999,214.712071409211,61.78373883506249,71.93079214912053,390.11439429898275,318.1836021498622,80.14925373134328,0.14659020401167452,-0.27374284419528194,-1.4545445052831645,5.6164384417757205,0.03144651350268845,0.030520716955475268,41.96034440229165,-0.5420889808130165,-2.399560670821903,77.85714285714286,0.0319153972697036,-1.168798104154299,87.44186046511628,0.04029941021759319,-0.9112031594429646,75.71428571428571,0.023275744585228457,154.41034549314804,171.42857142857142,170.90365306558428,5,0.09650646593321753,0.3,0.2999999999999998,0.5,0,0,0.13787557099659004
0551,35.49999999999999,10.607000000000006,239.95382986194454,66.8554689446357,87.30821143368806,394.90312436892157,307.59491293523354,84.67605633802818,-0.027560827791298755,-0.1289572197809166,0.6089519642639653,5.238632906799973,0.041308079457816234,0.04215435395299689,43.19210115016305,0.0411727269891176,0.8943376294643955,83.26596604688763,0.03981259199555607,0.8745515060200578,84.84609313338595,0.04153877584476298,-0.03418537485284113,86.1376673040153,0.04279720533597522,123.62547986205999,142.5,145.01233876917598,16,0.14748302860736992,0.4250000000000003,0.40000000000000036,0.8000000000000043,5,0,0.2300518359468195
0552,7.1000000000000005,1.678,271.04052458237464,78.54482875520465,90.21039703828342,394.4568704289796,304.24647339069617,73.66197183098592,0.41678463449042935,1.2631466806656868,-0.7240332771195899,5.553115598783654,0.0320185015199777,0.029798689163771454,36.85878344861104,-0.6485922260180476,-1.770402256162381,81.11587982832619,0.041221376657715116,-0.37794215381923185,75.7679180887372,0.02668265834451531,0.35571232704476813,60.869565217391305,0.028849832872097674,109.36431989063567,137.14285714285714,111.9141991140126,1,0.02278423331054912,0.20000000000000018,0.20000000000000018,0.20000000000000018,0,0,0.19115971747550692
0553,4.6000000000000005,1.6959999999999997,253.56687079418495,55.388451574819385,88.33504656838865,381.42226929195016,293.0872227235615,70.65217391304348,-0.4502811030367725,-5.120447350053368,0.5912361886337371,4.2538645193987,0.030569684701536034,0.027481355217502928,32.4180936912244,-0.8964769054946016,1.3573581255357055,72.94117647058823,0.027236460725495834,0.4005600897869214,73.6842105263158,0.03825699307426758,-0.5285091611578997,61.0,0.02163027955261445,152.47776365946632,240.0,160.1067378252168,1,0.0476493011435832,0.2999999999999998,0.2999999999999998,0.2999999999999998,0,0,0.2693773824650571
0554,15.399999999999995,4.036000000000005,231.29225278810577,79.69348488783582,77.02846748673343,394.9657198234371,317.93725233670364,87.40259740259741,-0.1183850516558262,-0.5224421408611452,0.8858148382779211,5.801462226237919,0.03793810752905823,0.035788244880950594,35.791902640317105,-0.4291277777688367,1.293241337460554,91.74107142857143,0.04829558975388625,0.8442913870966687,84.94623655913979,0.03878857901748043,0.5652721586593773,86.32958801498127,0.02835998931321078,179.04918707552994,204.7058823529412,204.27330359239264,6,0.12348219798312432,0.40000000000000074,0.30000000000000115,0.8999999999999999,1,0,0.20765589627495395
0555,25.800000000000004,6.252999999999993,168.90478866703876,96.59560930608666,88.42481053669444,394.9974347904611,306.57262425376666,75.1937984496124,-0.1204721615614885,-0.4230854354911741,3.8534361939958974,8.053281254700721,0.02855252401513347,0.02681933739482675,28.70340631073183,0.07547306845065249,4.856497964746685,72.91399229781771,0.0258035923296068,4.065495380783987,75.87672688629118,0.028375248928459055,2.7574645448269877,76.51162790697674,0.03123651661930311,129.1610769662746,153.33333333333334,142.00939868967174,10,0.0904751505319314,0.2899999999999997,0.29999999999999805,0.5999999999999979,1,0,0.19508314354350587
0556,2.5,1.811,225.360952030519,57.23493294612985,88.72182126003372,389.1347462612005,300.4129250011668,78.0,-0.453755699503015,-75.00402412888099,1.182646569999285,4.233477700040683,0.047152203492037234,0.037281422585475295,37.633884359486046,-10.773226815146785,1.3460888451432476,100.0,0.07999269490433689,1.0150742814189926,74.30555555555556,0.03698860165520473,1.5994684641020005,43.75,0.016944775366840543,139.17884481558804,300.0,139.17884481558804,0,0.0,0.0,0.0,0.0,0,0,0.4200881466017165
0557,14.200000000000001,3.0409999999999986,196.47016051968308,79.63556345583336,103.30615442710781,394.71616487315106,291.41001044604326,81.83098591549296,-0.12282000873771907,-2.772445307408824,2.930822827476118,6.208319698834403,0.04238230236868199,0.03483480088839235,27.91285569524843,0.012061486317433673,3.0704431954915985,82.28571428571429,0.04093392403326814,3.907414369674232,80.19417475728156,0.040128245893064754,1.4682098750770376,83.42105263157895,0.04743819108193237,201.84444057769272,248.57142857142858,211.6659570585731,2,0.04640102082245806,0.3999999999999997,0.3999999999999997,0.5999999999999996,1,0,0.17638188040136876
0558,21.7,3.221,204.40711210939082,67.68119326179507,79.43070347454533,392.6150948704087,313.1843913958634,81.29032258064515,-0.08433179578413075,-0.02840182399098862,-1.3667917099495135,6.3597847102359495,0.03756087220388348,0.03559732557126154,39.57447783447043,-0.13344038928908541,-0.45153449088522324,87.64783180026281,0.04418699691449735,-2.3526115246610413,78.64077669902913,0.03516409885990951,-1.4639930876371465,77.03488372093024,0.03274341969840102,180.57060310581437,195.65217391304347,192.13526322531064,5,0.06019020103527153,0.3000000000000004,0.3000000000000007,0.5,0,0,0.1292484250230729
0559,19.756,4.800000000000001,266.4878406059761,48.906790422221604,116.88173076439405,393.585478108047,276.703747343653,77.96352583586626,-0.1036114952860263,-0.2038161103569855,0.389421758982029,3.091526023975764,0.03511412472750104,0.037843077904655416,39.21009902062068,-0.2918808645880941,0.9968745005449151,76.3768115942029,0.04449472399991822,0.8426344174699957,85.98726114649682,0.036663611036524116,-0.8073206782788671,71.95121951219512,0.023800839904210266,109.95276103599934,117.3913043478261,135.29765484064941,12,0.18732692620948033,0.38333333333333325,0.30000000000000027,0.9000000000000004,2,0,0.19547157517510996
0561,17.3,4.8260000000000005,233.67350151738006,73.19334505553033,77.85391249453605,394.676417795086,316.82250530055,89.07514450867052,-0.18134766857933682,-0.1908984282657792,0.2831059949895506,5.4815584188216775,0.041889105400534074,0.03177722783170095,39.47526628152493,0.013634385375082977,1.3450853490247636,84.25196850393701,0.03847732570562884,1.1686134197774434,93.47133757961784,0.04430289068608955,-1.5692134382377576,88.55218855218855,0.042258417519808966,143.7223176353611,159.0,166.26581616647493,4,0.13558709210883124,0.75,0.6999999999999993,1.5,2,1,0.21811443550573986
0562,7.1,2.9060000000000006,193.95637991209108,79.57417628740703,99.16532083221827,394.9708619472632,295.8055411150449,81.69014084507043,-0.26711124707558953,-0.23615416786296153,-1.1177271758776153,6.767136424887651,0.03693288307672191,0.04068082415421527,44.494255243703634,-1.9082234995338054,-1.559811379435035,81.62393162393163,0.061481299547334264,0.46138307218197133,81.1377245508982,0.02565265211760061,-4.0287508567647405,83.09859154929578,0.023030697449198174,125.92444533280032,157.5,143.08426073131955,3,0.11992804317409551,0.3999999999999999,0.5,0.5999999999999996,1,0,0.2904257445532681
0564,24.099999999999998,3.0420000000000016,235.83759139101744,48.783207080560025,73.00422143724582,394.53782283261035,321.53360139536454,74.27385892116183,-0.0797950851315682,-0.46976345832045086,-0.057232293591327185,3.8203633949853533,0.032095685591837037,0.033387994749465466,32.93056662238425,0.08189236814362554,0.25848792874187126,73.0909090909091,0.026825108391692543,0.6827826868606494,74.62068965517241,0.03909444418892301,-0.9716709909464943,75.11627906976744,0.03125164629792061,145.89934418981653,152.30769230769232,158.76834255472698,7,0.08105519121656483,0.31428571428571467,0.3000000000000007,0.6999999999999993,1,0,0.11207722349126821
0565,3.8,1.7910000000000004,168.12341445234486,66.9068365904085,91.22929162854581,387.6727063695616,296.4434147410158,58.94736842105262,-0.3912422368395343,4.610200247389493,2.9016768126660595,5.673710765015941,0.021822442086272556,0.022164396244158766,26.875468716024308,1.3391741945443552,4.513908907896924,72.22222222222223,0.010162194177621705,1.2947814198373702,89.47368421052632,0.020407265233021818,5.062313451581254,25.477707006369428,0.029705504718507747,193.16759077088176,360.0,225.42266750156543,1,0.1430871042747272,0.7999999999999998,0.7999999999999998,0.7999999999999998,1,0,0.3203362546950457
0566,13.100000000000001,3.722999999999999,205.68452697137744,95.19860902170477,75.57993095039168,394.99428315656564,319.41435220617393,83.66412213740459,0.04689778993152891,0.6329553733384817,-1.0930735887097922,8.408469705642318,0.030843819754096106,0.02632820290113408,36.408075676588616,-0.46583797876762334,-0.8273873870056937,86.0,0.034278942663583785,-1.8286104031042416,85.47717842323651,0.033677602249239484,-0.41893012921138423,78.57142857142857,0.023140940198729535,181.89383582000832,204.0,209.2593858989263,5,0.13077334601438495,0.4399999999999996,0.40000000000000036,0.6000000000000001,2,0,0.2213041669143434
0567,1.0999999999999999,2.976,186.41369383627924,90.46720894092498,99.33869215946885,389.65936042750207,290.3206682680332,80.9090909090909,20.610191423511214,,-1.5416458349930942,7.754030823563623,0.0327922946792816,0.023830269240085848,36.36416734006678,-23.349470971717444,-8.178851794205414,66.66666666666667,0.003622858288088117,-1.2293067310301617,81.73076923076923,0.034475146778773544,,,,29.440628066732092,120.0,29.440628066732092,0,0.0,0.0,0.0,0.0,0,0,0.7301275760549559
0568,22.900000000000002,11.764999999999997,249.83545440218012,76.51363995742847,76.05455089160648,395.01798043677707,318.9634295451706,76.5065502183406,-0.03809097941446088,0.1351832923843158,-0.4749315255760056,5.58951263509263,0.03388584112057932,0.04185280906088982,32.17225741099351,0.016382508955421652,-0.13794293031992716,75.73033707865169,0.03138033459567631,-0.6346059700767933,78.12041116005874,0.03479282581555623,-0.7353408822210197,75.93880389429764,0.03612818358217097,140.19904803115534,167.58620689655172,185.74431492451745,9,0.245204096350786,0.9444444444444441,0.5,3.6000000000000014,4,3,0.33939131689023505
0569,15.100000000000001,2.820999999999998,200.79209387253482,79.41191826825612,89.72186692720763,394.23767542967477,304.51580850246717,79.73509933774835,-0.2769619480876034,-0.23379671784974604,-0.6517780931074815,6.8952520673609925,0.029484078771967036,0.025773168614273423,33.52975280887941,-0.19565168308075118,0.9645660126810012,83.13725490196079,0.03139324461255356,-0.6648482573452611,83.00884955752213,0.032233998079517545,-2.8357009028399505,71.49425287356321,0.023674012134116084,93.7447687071034,105.0,99.28491223922936,2,0.05580045756375202,0.5,0.5,0.5,0,0,0.15741309078734433
0570,4.0,2.5309999999999997,161.58329818687895,58.965215255404196,102.51615829408443,378.12522230871724,275.6090640146328,86.0,0.2768657736860789,-1.879252775334757,2.6009450615341967,5.4872710066440264,0.030424784747407306,0.02108414201797519,33.15826468698547,-1.185935515316271,1.7527844756681077,88.46153846153847,0.03842974862773552,2.608392971530749,83.94495412844037,0.029873721387848842,3.2222506364840995,88.46153846153847,0.02557617541777409,156.17822691777675,255.0,156.17822691777675,0,0.0,0.0,0.0,0.0,0,0,0.3875363650283264
0573,2.2,0.4389999999999996,226.1376804923624,33.71487364823441,89.3363287157486,391.39593837503594,302.05960965928733,80.0,-1.4945277726493487,-3.390533099737501,-0.05825381723921843,2.449122685184043,0.006286757929299874,0.0050962973339590085,123.4417517705421,-17.393109234548533,0.9782360701528872,93.75,0.009102953057251069,0.5377787428569886,80.68181818181819,0.006675042682391732,-1.540926428897142,71.42857142857143,0.004270729067231531,113.67942402425162,150.0,113.67942402425162,0,0.0,0.0,0.0,0.0,0,0,0.1663508904888214
0578,28.698000000000004,4.399999999999995,180.41154446131162,83.83411901110668,66.02390460146678,394.90950600039855,328.8856013989318,78.90516039051604,0.02528404554329681,-0.02710366294958298,3.1712721782416318,7.340793785436771,0.039582987290004194,0.03750503347716776,41.05488324466264,-0.10391628373071238,1.9272216549593955,78.79684418145956,0.043489545569044136,5.324018898773402,80.8325266214908,0.037311243459323074,1.8937727449482749,76.61388550548112,0.03761882826585225,139.58547344250408,144.375,157.68994470612324,10,0.11481056257175644,0.37999999999999945,0.30000000000000027,0.8000000000000007,4,0,0.132938546135718
0579,22.499999999999996,13.314000000000004,262.65374757735555,81.99522342751695,78.11046963278734,394.91496979080534,316.804500158018,79.46666666666667,0.01961151258130242,-0.02495166272199521,-1.1895078403264434,5.8202765030038135,0.03216069514487398,0.03756873971069708,33.618492614065104,0.027376049181862195,-1.4205620394921896,78.51458885941645,0.0337171627133523,-0.9399855082072852,79.2817679558011,0.02850993027097411,-1.1998643238156315,80.56994818652849,0.03406429258278959,123.97386496900653,193.04347826086956,183.36499545717356,13,0.32389568325235957,0.8923076923076927,0.9000000000000004,1.8999999999999986,9,4,0.37175406265706157
0580,16.299999999999997,4.494000000000003,210.04196011378042,92.67236244273992,73.08763110989253,394.49133169412573,321.4037005842332,78.03680981595093,-0.15015577033333716,-0.39617947282082633,-2.150563347618014,8.27651889503525,0.045663810091426206,0.042588117336395434,38.74900813475999,-0.21592144415087533,-1.1733294126947504,78.76712328767124,0.053785451105324664,-2.3367864707476538,77.26465364120781,0.04217216974258032,-3.1280714417912447,78.05383022774328,0.03993786484431706,147.1578339905742,170.0,171.00704146641334,8,0.1394633067230933,0.3625000000000002,0.3500000000000003,0.5,0,0,0.21612003462537285
0583,24.599999999999998,3.9790000000000028,201.11950285416526,65.10729536022482,72.00278445020452,393.41970050473947,321.41691605453497,86.46341463414635,0.06982381447822274,0.28018024687968546,-1.850518694115998,6.1108402471673475,0.039500573500601814,0.035730547878389154,43.73950729726508,-0.06013473997997454,-2.662454936349766,86.67529107373868,0.040626811322540764,-1.225356441991235,86.56215005599104,0.03898278116911736,-1.7617074932326888,86.14609571788414,0.03898647616515699,151.15994261520697,166.15384615384616,163.14815514181046,8,0.07348052766017002,0.2624999999999999,0.20000000000000018,0.5,0,0,0.13922810455229373
0584,33.199999999999996,5.932000000000002,221.45864214019872,70.28740994971164,76.12975212380216,394.623564591918,318.49381246811583,88.40361445783132,-0.08825896520655631,-0.16396988264757964,-0.6042498560208013,5.516892052048123,0.046251556266744834,0.03487548284394112,40.20309463138355,-0.05320418853759466,0.7961413061209843,91.64444444444445,0.04580054872536339,-1.3095576762547778,89.43298969072166,0.04736319507881553,-1.4264721588071414,83.7051406401552,0.0454886425003082,148.72738423796383,171.1764705882353,165.19073569482293,10,0.09966268015946042,0.39000000000000046,0.39999999999999947,0.6999999999999957,2,0,0.1515894919758766
0588,44.500000000000014,7.4839999999999876,244.42786487846692,67.1253818129291,86.27548793353185,394.9561827507257,308.68069481719385,85.91011235955057,0.02400986068426193,-0.07800233206988176,0.7486078079814124,5.121809997799594,0.042856407362195134,0.04122182334596604,43.31797682483112,0.023756630595381373,0.2625363160025497,84.93060145406477,0.04039959669422982,0.8383891152755758,84.34723171565277,0.042117331541652744,1.1426352113493883,88.46675712347354,0.046111782169579826,128.1163434903047,135.91836734693877,142.6612972324565,14,0.10195444752231438,0.37857142857142795,0.30000000000000027,1.1000000000000014,3,1,0.14396737457679262
0590,31.800000000000004,8.637999999999998,170.5964173703938,93.84036975454765,90.37453759587981,394.96392012009335,304.58938252421353,71.66666666666667,0.023851962433685786,-0.024770937932900312,3.6384646375288416,7.872091633846348,0.030999933201281943,0.029157827606853613,29.016101663298034,-0.03398014349577543,3.643373158461911,71.21212121212122,0.031075808010211182,3.5344427619398213,73.65319865319866,0.03512386620398257,3.7494608983740965,69.9294532627866,0.02662221451233165,139.4727731341807,161.14285714285714,160.96809178606082,13,0.13353776151144953,0.41538461538461513,0.3000000000000007,1.5000000000000009,2,1,0.21361095998812993
0591,7.352000000000002,1.3999999999999986,211.9698073358753,90.0431096109493,87.92302836141207,394.75605070876054,306.83302234734845,76.83923705722071,-0.1446602920658303,-2.9745936629287786,-0.5078627871103719,7.745106426739503,0.03811849056347152,0.03614878407828312,35.376357998345945,-0.8576048810892315,-0.3230209752394368,85.49618320610686,0.04820903905560667,0.36997094931444047,86.13861386138613,0.03574069603558934,-1.6774268593814978,61.48148148148148,0.03010586385863,123.40036563071297,154.28571428571428,141.13957135389438,2,0.12568555758683714,0.5499999999999994,0.5499999999999994,0.8999999999999995,1,0,0.15996343692870182
0592,42.000000000000014,10.480999999999987,159.0062171979279,48.44459409053902,73.47533024326887,384.2561044253394,310.78077418207056,67.78571428571428,0.004175143131357861,-0.06561460419984223,1.5329303467121322,4.915148256948248,0.02356824755057457,0.0206529965306577,24.00743787545577,-0.01994999785976906,1.6135756802783994,64.74074074074075,0.023179379787349297,1.4219888272185195,67.4104124408384,0.02801330613955211,1.5740416924070249,71.1889132020423,0.01915594253763244,121.18671519216478,129.79591836734693,144.9374444520407,16,0.1638688287189647,0.5374999999999991,0.5,1.0999999999999999,6,1,0.19971037137249648
0593,39.59999999999999,4.652000000000015,235.54715392095204,52.834479413909456,67.21787053558425,394.3193612999366,327.1014907643523,72.04545454545455,-0.028078302816020407,-0.02649672282919121,0.40535036106143374,3.9485572375670803,0.036190126604807756,0.04109924346039897,31.42329613260985,0.046740762964743346,0.5780952616187306,72.4563953488372,0.032124418085101886,0.7182447595962146,68.78228782287823,0.03867920168617857,-0.09664557539964902,75.18307567127746,0.037993096100204606,113.89315737141824,122.92682926829268,124.59210916641949,9,0.08587182500226001,0.4222222222222234,0.20000000000000107,1.0,4,0,0.10512519208171416
0595,16.400000000000002,2.565999999999999,169.6470248184443,72.58558741084036,102.55546017662188,394.3087114090558,291.7532512324339,79.02439024390245,-0.21802816364861258,-1.64027925540284,2.034995374446152,5.76727431836621,0.03987285625114941,0.03328349764136178,28.474170346903197,-0.41667321358861786,2.929149561272176,82.73921200750469,0.05169524835438116,1.788646469790454,78.48101265822785,0.034716895182507965,1.2769649017969873,75.57894736842105,0.033502773635424685,192.97690604239165,215.2941176470588,197.13454702143702,2,0.021090372245070144,0.20000000000000018,0.20000000000000018,0.20000000000000107,0,0,0.1352947379521248
0596,6.8999999999999995,2.5570000000000013,246.21165106116172,69.26868568868241,140.8900993626565,394.4170186056023,253.5269192429458,87.68115942028986,0.393185020471716,-1.6709942535500384,1.684259181152137,4.809040845185801,0.03752563915043056,0.026812786398175754,31.803860976602426,-1.8310195493425994,1.116743838291791,93.20388349514563,0.05053489148731257,1.4236108849977778,88.42105263157895,0.03452637246503543,2.769018910717883,80.90452261306532,0.028434651929135066,133.23464100666172,180.0,140.67210003349334,2,0.05287088928835783,0.25,0.25,0.2999999999999998,0,0,0.27038172782066205
0597,9.399999999999999,3.322000000000001,150.31004240913248,53.67271652205443,88.22910206657902,361.70758182973896,273.47847976315995,77.55319148936171,0.10068899851767318,1.6265390485230298,2.404236865130968,5.444253960176536,0.03536435704713084,0.02819276123482447,35.99426673148137,-0.8364595096862186,0.9699971973213339,72.28070175438596,0.04252262318116964,3.3374585675527038,83.248730964467,0.03798802978888186,2.3496555993589436,74.71264367816092,0.023659492000119683,117.90598962427292,136.36363636363637,129.06556530717606,4,0.08646439239113358,0.27500000000000036,0.25000000000000044,0.5,0,0,0.26112246502122316
0598,22.5,3.5450000000000017,195.15525719874583,79.74895060545093,97.3917936823862,394.79764481554804,297.40585113316183,80.62222222222222,0.10380707058094923,0.22439760928949892,-2.213358190124901,6.976990749790279,0.03454366257487859,0.026487129640114876,37.656283009934924,-0.15708379214098553,-2.5264660280070057,79.83978638184246,0.03383348716662168,-2.306713968687972,77.37665463297232,0.03622763386651544,-1.781828953354304,85.5223880597015,0.033245374650601456,172.77788443079285,187.5,184.0867253016977,5,0.06143213668650411,0.31999999999999995,0.20000000000000107,0.5999999999999979,1,0,0.13611057784603575
0599,22.2,6.849,216.5442338923822,75.84321117745976,90.33465765785185,394.66622637387394,304.3315687160221,87.43243243243242,-0.015658601358375754,-0.3067185106751986,0.40207298724139634,5.753950962845579,0.03944779673951,0.04067561317203626,38.16830827337401,-0.30803996555656443,0.6714090920559735,93.79968203497616,0.04776355308396152,-0.37660134559580666,84.83754512635379,0.03466002045300671,1.0058765519621822,85.0,0.03780046957296297,111.5356810905711,124.61538461538461,137.58546010446304,11,0.18933526111053745,0.5000000000000001,0.39999999999999947,1.5,4,1,0.23577403697201282
0600,5.2,0.5218749999999996,226.48829834135222,34.31355742076856,112.52266816596101,383.108819980775,270.586151814814,82.6923076923077,-0.42305279399669016,-0.2531616559654422,0.2157971500229608,2.643591375707281,0.005886943134251018,0.005351367801586199,71.61891134416807,-5.186211110634005,1.3399692063456163,85.1063829787234,0.006981567202276323,0.059338522039579615,82.19895287958116,0.0036398508585852845,-0.5053573739334304,81.38297872340425,0.0073489252143605225,146.80502457673404,168.0,146.80502457673404,0,0.0,0.0,0.0,0.0,0,0,0.09120699071545597
0601,11.592000000000002,0.9999999999999982,223.46215278896025,58.1285182974413,100.48408055418203,394.95023690495003,294.466156350768,79.18825561312607,0.09114560817996234,0.6319032048603221,-1.1040243003474357,4.929329593176075,0.03509133164031945,0.031656669004074274,41.30353317145114,-0.51516417757923,-1.6743573301181327,73.6842105263158,0.03425965426368121,-0.4865942111263754,89.21052631578948,0.04575742375477335,-1.2705194409855036,74.87437185929649,0.02570168942833463,181.06734434561625,190.0,190.12675116744495,2,0.04764930114358313,0.2999999999999994,0.2999999999999994,0.39999999999999947,0,0,0.07941550190597191
0602,11.4,2.0540000000000003,208.65148515836947,86.27731165263133,86.5330862998836,394.8295998442856,308.296513544402,75.17543859649123,-0.475207053501698,-3.8350641328619703,-2.0680084275999673,7.244401217407838,0.02988764379276387,0.02733708896302281,32.63511911656646,-0.8600127962270895,-0.7142412837164327,83.37730870712402,0.04242156273756779,-2.3524415654112616,73.88392857142857,0.024689693532725293,-3.6567848507031036,67.09265175718849,0.022150667551283358,107.03136613646498,144.0,107.03136613646498,0,0.0,0.0,0.0,0.0,0,0,0.15266835141965215
0603,4.1000000000000005,2.7189999999999994,254.3195896180366,48.579906387775566,93.08493606588316,390.3290966851257,297.24416061924256,80.48780487804879,-0.39332632913322846,-0.7893424997641092,0.060817393311448385,3.666163891258963,0.02800597351478843,0.02100861497384979,32.33841039110707,-1.7406916988691221,0.6628072090131414,88.88888888888889,0.03216769671900271,0.2568228978901968,80.0,0.030921639374336066,-1.131185122121554,73.6842105263158,0.017157763969762086,87.98944126704795,120.0,94.95173286912485,2,0.07332453438920657,0.24999999999999978,0.24999999999999978,0.2999999999999998,0,0,0.3987388180085056
0604,29.277,1.5999999999999979,160.31935868348953,84.65588231892478,78.55019126447472,394.3964034942649,315.8462122297902,82.53588516746412,-0.13992352702355648,-0.1394313153024329,3.969501361939832,7.380384885702925,0.039021149063102646,0.03840090242567483,37.89235123074688,-0.08041293394904071,4.956642842883506,84.73118279569893,0.04595043274123612,4.234435070431233,84.10206084396467,0.03647349544010309,2.6644160695232793,78.81269191402252,0.03509610014538645,182.66023253554425,188.0,188.14424392033894,3,0.02914790944716133,0.3000000000000001,0.29999999999999893,0.5,0,0,0.051818505683842275
0605,2.4,1.206,164.28581869869487,52.61298613388465,99.08753522734798,315.26242737723356,216.17489214988558,77.08333333333334,0.12602267410167703,0.6947867845621438,2.830339924478869,5.024451565976656,0.01252200134827237,0.009204065154459574,23.207324426802867,-1.0660644480862298,2.705651181152223,80.32786885245902,0.019188443819564867,3.1195655336319223,74.68354430379746,0.005991421475011484,2.688072878803225,77.0,0.013746599764105583,199.66722129783693,360.0,231.809401159047,1,0.13865779256794233,0.5,0.5,0.5,0,0,0.33444259567387685
0606,32.20000000000001,5.468999999999987,260.72274986913607,44.88450549693737,117.52194624933315,394.99431640840623,277.4723701590731,82.63975155279503,-0.04251189709964939,-0.10922127554903265,0.5365643751267616,2.843408346937238,0.03497877400141391,0.035192132075503466,38.553818073911906,-0.04898996355126161,0.8937005259373991,82.48031496062993,0.036445681419395956,0.6319615809688474,82.84671532846716,0.03625447502978763,0.11481491361427203,82.5812274368231,0.032371782788627484,148.13241657596433,155.0,164.7524284744161,14,0.1008787066287926,0.2714285714285706,0.24999999999999822,0.5,0,0,0.14518569646128082
0607,13.7,1.7910000000000004,278.96581798604274,76.20434359771713,86.97011291222643,394.86870522800905,307.8985923157826,75.1094890510949,-0.000891397586563627,-0.5757506810157497,-1.5761021617973423,5.382706615887309,0.03396113877125988,0.028535176344895795,34.87244648596407,-0.2660573608322021,-1.7423024330093577,79.07444668008048,0.037263414892508166,-1.5335622429377147,73.45679012345678,0.033874241272125134,-1.3964249017491874,72.09302325581395,0.029829358286296303,170.421535084888,188.57142857142858,178.48691772023528,2,0.04518752824220516,0.3500000000000001,0.3500000000000001,0.40000000000000036,0,0,0.11561551868827064
0610,4.4,1.8699999999999992,210.2758490888329,92.65293897747819,92.55734316647822,394.60446198512363,302.0471188186454,74.77272727272727,0.7128046039401436,-0.533110580956687,-0.9217842293622446,7.648504155988807,0.036333711475625766,0.03196845521815142,35.95164269894834,-1.8472920513434326,-2.442839410586055,64.77987421383648,0.0423674071692435,-0.1901586068973396,82.12290502793296,0.04023156205341858,-0.30001565766969507,77.45098039215686,0.02008789903729112,133.9712918660287,210.0,140.70351758793973,1,0.04784688995215316,0.30000000000000027,0.30000000000000027,0.30000000000000027,0,0,0.2982456140350876
0611,19.500000000000004,4.663999999999998,265.3355172431202,74.88097323090315,84.79144736089353,394.80724741068263,310.0158000497891,81.53846153846153,0.013086748553740967,-0.46880137973862784,-2.4659849963735105,5.540454869739183,0.03448806279025765,0.02752354992513635,35.69616238536918,0.00015310353149182982,-2.8335333362676614,78.59424920127796,0.033714677048719055,-2.1846381965670654,82.04379562043796,0.038548835682777796,-2.4236027543274274,83.8810641627543,0.03089261684788967,163.88015229266676,188.57142857142858,181.1196487376509,5,0.09518291673563967,0.4599999999999994,0.40000000000000036,0.7999999999999989,1,0,0.19301440158914077
0612,11.999999999999998,2.551000000000002,207.36007351833865,73.5395594600979,104.25302556370201,393.931996600501,289.678971036799,79.66666666666666,-0.5018461300172877,-0.08007259888588485,-2.549290618957571,6.4186440730405225,0.03027448817005568,0.02596958511646592,30.39614445721766,-0.29440644669002636,-0.7804439376975739,81.2807881773399,0.03826396651818827,-2.1440361765269182,82.37885462555066,0.023727465700989544,-5.467086516913376,74.11764705882354,0.029519066088971566,156.6902618376744,175.3846153846154,164.6090534979424,2,0.04810665933612818,0.35000000000000053,0.35000000000000053,0.5,0,0,0.17531441138066126
0614,28.0,2.0410000000000004,241.14427272360982,52.933876924124036,95.27095776888022,393.81381223593405,298.5428544670538,77.35714285714286,-0.011359111306767797,-0.17433993219454244,0.3593078830295326,3.89801457979101,0.03775273885593281,0.04075560157769579,33.110547085700674,-0.054891159152452185,0.5559417451898788,77.88065843621399,0.04054034582532347,0.06723624391766393,75.30186608122942,0.03467293940156806,0.43055174302311466,78.84405670665213,0.037857584361580106,139.80892779867514,144.82758620689654,144.1268316118184,3,0.029959055956858972,0.3000000000000001,0.20000000000000107,0.5,0,0,0.06794048134216572
0615,21.400000000000006,2.319999999999993,185.89807250062492,74.768583426267,99.71955764283454,393.7779662408641,294.05840859802953,79.39252336448598,-0.1243873931076954,-0.5318364245039965,2.3551356433271082,5.866712309518702,0.03617657699203766,0.03276095608051914,27.30603798410352,0.06529518246715502,2.5648572406057237,76.78339818417639,0.031512609057657105,2.9903597681081107,81.64642375168691,0.045397703939199494,1.3422556013321947,79.93630573248407,0.031022220637834618,207.41989881956155,258.94736842105266,211.88630490956072,3,0.02107925801011797,0.16666666666666607,0.1999999999999993,0.1999999999999993,0,0,0.09780775716694744
0616,49.00000000000001,7.7649999999999935,244.6903346364924,68.37061945079728,65.18880454420105,395.0026213479625,329.8138168037614,86.67346938775509,0.0015573892327632394,-0.05851640443996558,0.32337964667615543,5.245420491636893,0.04386882795282893,0.047345023667256014,42.58595076385199,-0.04796759777275534,0.27355175112388724,83.7733419188667,0.038706447915044725,0.35277053230661165,91.51270207852194,0.05349065145976198,0.3367826873736042,84.27244582043343,0.038504985030925615,138.46560380516163,145.55555555555554,153.32097922559248,17,0.09689068968554554,0.32352941176470545,0.3000000000000007,0.5,0,0,0.13679203734695664
0617,10.4,6.711,173.79490990310254,64.69300967108411,65.78690753206193,394.59358775464193,328.80668022258,82.5,-0.016810971701840937,-1.4486599505481628,2.996763269858572,5.8955188187961785,0.03202164872142554,0.029904020706583066,35.61751967216991,-0.21974558280066872,3.0867550925909013,83.76383763837639,0.02204973008771716,2.847332901457859,82.72727272727273,0.04218949417163844,3.26700573498406,80.36529680365297,0.018825643936575633,94.6759394541523,135.0,132.66726721808203,4,0.2863654958798433,1.2249999999999996,1.0499999999999998,2.5999999999999996,2,2,0.3922038454795161
0618,27.800000000000004,4.304999999999993,216.86298332404073,69.85711879653589,75.6402489065224,394.9802042099396,319.3399553034172,86.51079136690647,-0.08591822126237462,-0.06429930037062734,-0.6757900960000143,5.5074847357908645,0.0416180442851332,0.03110677616025667,39.40486857712709,-0.06889710274388791,-0.014503069948098453,87.32545649838883,0.03894306417595209,-0.0860832327226559,87.82608695652173,0.04705800869747077,-1.9692971083830673,84.39181916038751,0.03890278516540825,136.42734776514564,151.0344827586207,148.95425947968033,6,0.08409904999221293,0.4499999999999993,0.4499999999999993,0.5999999999999996,2,0,0.13409126304313948
0619,7.4,0.9079999999999995,224.94694486756907,31.516679944826894,110.67787014815212,381.792501190993,271.11463104284087,75.50744248985114,-0.26838390110705296,-1.0902055961300656,0.15317499494189252,2.376582980166046,0.010427568414948313,0.00888041582321739,55.00360506460598,-1.6557596209587535,0.42455356550627604,82.81938325991189,0.00836974076908188,0.5477886386756539,78.33935018050542,0.011730205867558581,-0.7399644296092861,65.1063829787234,0.010877976471044232,137.217140105922,190.0,144.1578148710167,1,0.04814636494944636,0.40000000000000036,0.40000000000000036,0.40000000000000036,0,0,0.10929224843524307
0620,46.871999999999986,8.900000000000013,179.95688330860727,98.71375871303236,84.11097878217223,394.9910504860992,310.880071703927,74.69056764831413,0.019573150574949873,-0.03435398152733391,4.199241514171912,8.282949619855437,0.031917878889123126,0.03199521572785094,29.9923974955853,0.008337525448241168,3.2435569783850107,75.56291390728477,0.03169151151841406,5.385960861958647,74.71539844218094,0.02941385151537937,3.8490589859729853,73.78898473788985,0.034915763537119344,149.53740228071433,163.52941176470588,169.26449098879692,18,0.11654593702933388,0.3611111111111116,0.30000000000000426,0.8000000000000007,3,0,0.15957828300939564
0621,30.400000000000002,2.618999999999996,158.13117463924416,80.78876571730207,67.11565526025764,394.8598038898342,327.74414862957656,77.30263157894737,0.2506079702230304,-0.4929979537615187,3.5974377015901684,7.156814533374286,0.038470417071841755,0.0327383904447755,36.49548863660066,-0.1386191799317348,1.6284368751678797,80.59023836549376,0.0394024610271256,1.476166297618633,77.54353803849679,0.03975636735729718,7.618327115342994,74.34456928838951,0.036387924107387705,165.35933856264575,176.1290322580645,166.87551575537154,2,0.009085677943002536,0.15000000000000036,0.15000000000000036,0.1999999999999993,0,0,0.07931796844241183
0622,45.699999999999996,8.348000000000006,275.3870865472528,43.72050281777089,98.90761299869747,394.8558494325664,295.94823643386894,84.70459518599563,-0.03157251902193834,-0.08427824588905504,0.33075625428372984,2.771622970986955,0.040295879473479256,0.034933516739634435,36.330314088516715,0.005629267946388425,0.8634645657354818,85.69667077681875,0.037469266370478406,0.22732662367811857,83.64485981308411,0.04204401349271276,-0.16669262663573614,84.6896551724138,0.041651784088827956,115.45293072824155,135.65217391304347,132.63050501615373,17,0.12951450562463007,0.41176470588235337,0.40000000000000036,1.0,4,0,0.15445529899348737
0624,26.775999999999996,2.900000000000002,209.3839699897178,71.07263542527664,84.84724409676888,394.95241945484605,310.1051753580772,83.37070254110613,-0.053346875066945985,-0.06326566897449287,-2.224515880398843,6.730638934516307,0.03879015514913937,0.0412134417327948,42.95575691913598,-0.23679136347083823,-1.7875329353670426,88.06818181818181,0.04467451303002125,-2.367621521812921,79.75528364849833,0.04245884455760229,-2.5439408296623753,82.38573021181716,0.02935343906349147,192.07440355843107,219.23076923076923,207.45377784248072,8,0.07413398032079799,0.27500000000000013,0.25,0.6000000000000014,1,0,0.09772206496832465
0625,51.099999999999994,9.426000000000009,159.33195725424784,51.33595472726747,66.27176576566977,384.79358925080965,318.52182348513986,69.68688845401174,0.015544009108357739,-0.18530393015796637,1.883744631446984,5.315168257137079,0.02197600225908964,0.018191930755102302,23.396750004649334,-0.0067763126901812425,1.1943818600979934,72.57861635220125,0.021811292979137448,2.4297282616239606,69.98784933171325,0.025075543216763196,2.0164549869632054,66.96905016008537,0.019396345128290166,134.8180947031028,143.1578947368421,155.94541910331384,22,0.13547896771635334,0.37272727272727285,0.3000000000000005,0.8000000000000043,4,0,0.1557347255724814
0626,18.0,3.655999999999999,207.750569807398,85.43402354703747,76.88008323622867,394.92590358915993,318.0458203529313,79.0,-0.06747448510476506,0.5579161754759269,-3.225065097238504,7.84232364505237,0.03447759289133977,0.03298649083976301,38.9587510010511,-0.2628611432383652,-2.63212619268466,82.71028037383178,0.03829676375968725,-3.39600454420178,79.74683544303798,0.03315103935699188,-3.8160136167439322,73.57414448669202,0.03141005322637546,188.4004432951607,214.73684210526315,207.57020757020757,7,0.09235315847801999,0.28571428571428586,0.20000000000000107,0.5,0,0,0.16882157369782042
0627,14.1,5.101000000000001,221.97570812124295,80.54888678755032,79.72428779505053,394.8836956023221,315.1594078072716,87.65957446808511,-0.16937908283031886,-0.522324073161615,0.48808705599844393,6.024486942610744,0.0378051433536219,0.03365492336314122,35.78530890012892,-0.27455766726450803,1.02250658947529,87.65880217785843,0.04262234315826757,0.7429692347859711,93.21428571428571,0.03661966128632086,-1.205303125804178,77.25752508361204,0.031186510237400114,121.86865267433987,167.14285714285714,136.83410326881466,6,0.10936930368209985,0.34999999999999987,0.34999999999999987,0.5999999999999996,1,0,0.26566324670590075
0629,28.799999999999983,18.012000000000015,242.71153115219516,80.69046569064898,78.36392393001172,395.0473601764822,316.6834362464705,75.3125,0.00873073020352812,-0.0041033073543437545,0.19652202855324327,6.014965003504334,0.03514814452271313,0.04293624886854516,33.39466459804572,0.14782638508404483,0.3573395433822532,72.6959517657192,0.027859485579336235,-0.2678797695884809,75.42553191489361,0.03381225026780993,0.5106955551227209,79.07573812580232,0.04762295021317472,124.3270956165086,132.27272727272728,185.2795110148989,17,0.3289754763735799,0.9058823529411777,0.7000000000000028,3.1000000000000014,11,5,0.3847731350935661
0632,10.5,5.226000000000001,255.21400508574462,56.41262543014786,102.11211066073975,393.77071271238077,291.658602051641,78.0952380952381,-0.06933862847930902,-0.35856845181826186,0.7942758071469352,4.009038980349625,0.03439840614445111,0.027387171330696052,35.14684720271174,-0.38998011293307794,1.0972113898088025,83.29113924050633,0.04027954463798101,0.5716071675948439,78.96103896103897,0.03314151574913621,0.6232889607730394,69.25925925925925,0.02761318809312061,99.19877909194963,130.0,119.76047904191617,5,0.17169019458222054,0.54,0.40000000000000036,1.0999999999999996,1,1,0.33231590995803134
0636,11.3,1.7359999999999989,223.14011104704576,67.06908529705952,68.49032020247462,392.42075127363546,323.93043107116085,83.53982300884955,-0.0544635747474652,0.165241457208217,-0.7352774053456818,5.62819699962259,0.04112036302040292,0.041484227039278385,42.58978329766093,-0.3949610879462525,-0.801618691233443,90.3896103896104,0.03777788324289085,-0.09154149171658471,78.63013698630137,0.05291857412371658,-1.2584665306615712,81.3157894736842,0.033226152712623344,138.07916538815587,150.0,152.07840486650898,4,0.09205277692543727,0.30000000000000004,0.2999999999999994,0.40000000000000036,0,0,0.13316968395213247
0637,4.9,0.6119999999999992,174.944871277878,63.32064714698164,82.17275214878671,389.0857104110911,306.9129582623044,69.38775510204081,0.6036254254987871,1.9076508759554551,1.2433423372608732,5.525113989057815,0.016723371438910263,0.014692785100109648,23.54180725691403,-1.9883479818755327,0.00021507049086826076,72.58064516129032,0.026174212819772353,1.1450035454007597,65.76086956521739,0.015669824629237616,2.20288069248858,70.87912087912088,0.011349460899090863,195.93613933236577,360.0,195.93613933236577,0,0.0,0.0,0.0,0.0,0,0,0.11103047895500712
0638,22.6,2.7129999999999974,198.2280931456604,78.98636663491395,93.9644583453421,394.90162881725536,300.93717047191325,79.95575221238938,-0.07709735323635082,0.03512403809381168,-2.174485934819628,6.802630532734875,0.034916034765730415,0.028804121864468926,35.827964965381554,-0.04828947881406316,-1.0372009644016762,81.41210374639769,0.03116575470243083,-2.811654051568907,84.07960199004975,0.03904343360070413,-2.548762191645831,74.2782152230971,0.03397675090826459,151.7007071465255,166.95652173913044,156.0151139641653,4,0.027653774740252088,0.17500000000000027,0.15000000000000036,0.3000000000000007,0,0,0.10717812981471961
0639,0.49999999999999994,5.927,228.6876083273175,60.55270754700794,145.54289059067568,313.6413566787035,168.09846608802783,26.0,5.105420051722987,,-3.378158616633925,4.855729527874562,0.034414870230735084,0.01513976477187359,11.326553697481462,7.144502715012988,-3.378158616633925,26.0,0.034414870230735084,,,,,,,,,,0,0.0,0.0,0.0,0.0,0,0,0.9222032052279446
0640,42.59999999999998,11.161000000000023,174.47920083395445,55.089770344131566,68.67823573532291,393.0608540303098,324.3826182949869,64.36619718309859,-0.005393976927170929,-0.016898237144506584,1.6432935691422152,4.73989030025914,0.028896340480670163,0.025225526150384977,26.557516926767967,0.003555017612358693,2.0202575142016204,68.5583822570124,0.029587929086220797,1.0105052694263692,63.905325443786985,0.028938067895508506,1.8253249895739638,60.14545454545455,0.028085345416306057,186.38046167295994,217.82608695652175,220.89460108904132,19,0.1562470936180506,0.44210526315789567,0.29999999999999716,1.6000000000000014,3,3,0.20760402522274551
0641,15.200000000000001,3.190999999999997,271.6179427747903,46.7667277196178,93.03444604867701,393.5942399784514,300.5597939297744,85.19736842105263,-0.09060518397159333,-0.523988757093984,0.6865635488526233,2.9189143416451877,0.03851038799678555,0.0319333431554911,46.43796078152018,-0.5508171258593159,1.1056011548113591,84.35114503816794,0.04402093306894043,0.5781305975037506,89.33092224231464,0.0379553266334837,0.31985395590716875,81.03837471783295,0.03271068948590475,140.2860094611495,161.25,149.21057197385923,5,0.05981186449893959,0.21999999999999958,0.1999999999999993,0.5,0,0,0.17350878146919677
0642,18.400000000000002,3.5429999999999993,239.15226851137032,65.12666411730147,103.502788952635,389.2512546594747,285.7484657068397,86.52173913043478,-0.0974984765569746,-0.521904709666751,-2.5978027348199557,5.631978906805726,0.03908542655643762,0.04329138828404349,40.990960892592426,-0.47055261405568133,-2.752379140586017,89.2282958199357,0.052572124731860424,-1.619063774501525,86.48233486943164,0.0342431802840027,-3.5793219952822177,83.5978835978836,0.029850110962508447,164.06143189171945,180.0,176.96504940274295,7,0.07291619195187533,0.22857142857142865,0.20000000000000107,0.40000000000000036,0,0,0.16146379255343385
0646,39.8,2.7020000000000053,241.6004229968431,69.72571224907348,89.03115329048136,395.04561794631394,306.01446465583257,76.60216134707213,0.016543259405632456,-0.06217658772590697,1.514838456315753,4.629302191944293,0.03859006646305497,0.03195136844619371,37.457613142574104,-0.051134606821505155,1.2129717771040547,80.79191238416175,0.035655187965679784,1.4351066130502819,74.34257285003554,0.041864168141630444,1.8723549025474897,75.30685920577618,0.03777926481296736,143.9932238482895,149.26829268292684,146.05508090305955,4,0.014116982730224598,0.15000000000000147,0.1500000000000008,0.20000000000000284,0,0,0.06357347889511093
0647,16.300000000000004,8.542999999999996,155.52530566290588,46.547873520242064,66.35608954455861,394.33458081624065,327.97849127168206,73.31288343558282,0.025456316210693945,0.748151694094124,1.4840601307998504,4.075921299153511,0.02894222056071272,0.025382228896194035,28.975235298547695,-0.06873191252360153,1.573377183030328,68.54460093896714,0.024029343131206114,1.232689478532502,81.58995815899581,0.04130814329529974,1.6445878842257815,71.53996101364523,0.02354047879591237,111.09769351527594,120.0,153.82043136599228,9,0.2777442337881896,0.7666666666666659,0.6999999999999997,1.8000000000000007,6,2,0.3438795636597833
0650,36.59999999999998,17.05600000000002,227.4337350593239,95.42202457460475,66.54967841110798,394.89286593708096,328.343187525973,71.58469945355192,0.018008529144901593,0.09726389721594156,0.8431713680794293,7.408721573491697,0.028278923851735683,0.02756159846090911,39.62293006686546,-0.06487442535564564,-0.028421562502358444,71.93548387096774,0.026286192885497182,1.6326693721103724,72.36315086782376,0.031659298370054295,0.5286152368103099,70.37337662337663,0.025677803936633364,95.04994781571493,106.25,112.69223970302285,20,0.15655285522588377,0.420000000000001,0.3000000000000025,1.799999999999999,4,1,0.31787684508722264
0651,46.30000000000001,10.255999999999986,173.89562643124378,80.51084342512715,71.79763603120793,394.9077278262991,323.1100917950912,81.87904967602591,-0.012143033923603663,-0.03990996815740133,2.8502325220225657,6.7635874195652566,0.038432677626254366,0.03294580719036808,40.757974251777405,-0.029999765284676398,3.0928618945022723,80.07334963325184,0.041321782494275955,3.0663874182169675,81.5807560137457,0.03558689849085109,2.4063219039922936,84.08057179987004,0.03805565875811393,150.64714619138553,160.75471698113208,177.66285761948453,21,0.15206167338567067,0.40952380952380907,0.3000000000000007,0.8999999999999986,6,0,0.1813423863073765
0652,25.5,7.832999999999998,176.8872226977461,104.65161613876333,78.503745116553,394.9211349865933,316.4173898700403,58.31372549019608,0.06190297100003133,0.30774159158528963,5.4844020326821425,9.246225445777625,0.026405930739443372,0.029804823314734726,28.694991157559933,-0.18101976848364865,4.028211627000112,68.20448877805487,0.031828612180208014,6.697802299004108,59.456838021338505,0.026817807462800283,5.645630744158307,45.60669456066945,0.01976496592630487,138.60138601386015,171.11111111111111,172.17605187642087,9,0.19500195001950033,0.7222222222222228,0.6999999999999993,1.7000000000000028,5,3,0.2349923499234992
0654,21.700000000000006,6.172999999999995,248.5294668647052,57.10135491021418,90.33789232417169,394.8624672392044,304.52457491503276,79.95391705069125,-0.0969270050525736,-0.8520582566581076,0.16189806861842435,4.0437986154991545,0.030517434841724807,0.02603657602026303,32.52222679959621,-0.08651982068725735,0.7398752405812805,81.61764705882354,0.0301480543480029,0.11417948937284764,83.69704749679076,0.034728257560678516,-0.38670953890291854,74.26160337552743,0.026262629304045357,157.1413195565601,175.2,176.80539296815076,7,0.1112187421519031,0.44285714285714217,0.3999999999999986,0.8000000000000007,2,0,0.22146880493667687
0655,23.599999999999998,6.572000000000003,217.70564281751018,66.76595511457994,81.1015275635347,394.99678189595267,313.89525433241795,83.85593220338983,-0.014234316443746248,-0.10043373445693694,-0.009882678216887677,5.023615144270675,0.14832078872320634,0.11215799582305709,58.58320799907819,-0.0868834421451194,-0.02879876890744212,87.86764705882354,0.14999713930998268,0.08464422404650704,79.65686274509804,0.1419560097360348,-0.08811739953401018,84.06593406593407,0.1535759502269459,147.15630385788148,185.0,169.0012180267966,8,0.12925891555084187,0.4875000000000001,0.5,0.9999999999999991,4,0,0.21781784435900844
0656,50.899999999999984,8.843000000000018,204.61231583789285,78.00748449178154,72.55462633165718,394.7709520099108,322.2163256782536,82.78978388998036,0.014097149919669502,-0.03651481465685928,2.0961471698204144,6.355307762309619,0.03576402215752371,0.035948556063750706,36.03719929173582,-0.03282137846127348,1.5600175580397893,78.63741339491916,0.037538821359648596,2.2880879163862184,84.11322934719816,0.037927895291681626,2.4190288347526514,85.8020897357099,0.031572493814986745,126.54202165944128,151.2,140.6694825372607,17,0.10043017592019178,0.35294117647058926,0.3000000000000007,0.7999999999999972,3,0,0.1480173409437092
0657,25.5,7.832999999999998,176.8872226977461,104.65161613876333,78.503745116553,394.9211349865933,316.4173898700403,58.31372549019608,0.06190297100003133,0.30774159158528963,5.4844020326821425,9.246225445777625,0.026405930739443372,0.029804823314734726,28.694991157559933,-0.18101976848364865,4.028211627000112,68.20448877805487,0.031828612180208014,6.697802299004108,59.456838021338505,0.026817807462800283,5.645630744158307,45.60669456066945,0.01976496592630487,138.60138601386015,171.11111111111111,172.17605187642087,9,0.19500195001950033,0.7222222222222228,0.6999999999999993,1.7000000000000028,5,3,0.2349923499234992
0659,45.5,11.786999999999999,257.4261463627265,53.134027493591745,81.67787571816734,395.05138737775906,313.3735116595917,85.62637362637363,-0.0002248712754682082,-0.0720089226284775,0.40142114654346944,3.758432052764855,0.044133742000371706,0.03850791942785325,45.48018605927929,0.08988972109458368,0.38652319138837427,83.0,0.037386601242060585,0.46662564308958493,88.85906040268456,0.049253712933907276,0.34792736118889506,85.20547945205479,0.046304712906096106,108.92523609195804,115.55555555555556,127.64129523186124,22,0.146630125508405,0.3818181818181818,0.25,1.1999999999999993,4,1,0.20575348682947264
0660,43.5,2.0060000000000002,223.61061761934994,60.65173142108292,86.13336492030247,394.43999370768086,308.3066287873784,76.50034490687514,-0.06606932256571453,-0.23083843466137527,-0.5054421925935898,5.210382962455587,0.0284702203915931,0.026830107070573147,25.909069998044124,-0.006047118499797733,0.11580434641914689,84.93248045486851,0.02591232739527351,0.04286371861221889,74.91479209270621,0.030930615868078163,-1.8074536258321223,70.03389830508475,0.028463144024261176,119.9841779106052,136.5,122.9563572490204,5,0.024172636575396644,0.21999999999999992,0.20000000000000107,0.5,0,0,0.044082099063859716
0661,46.4,14.126000000000005,233.5324973373813,71.92118974296642,90.76039922857456,394.6536530464264,303.89325381785187,80.23706896551724,-0.010331615624654877,-0.019936041639605606,-1.8487675036329183,6.035918005876842,0.089646432459946,0.07691902874067476,81.73039925127712,0.02844014452139365,-1.849017046547575,78.46625766871166,0.08037444345890972,-1.6301410217461603,81.913499344692,0.09645634808023915,-2.0773805161711114,80.45822102425876,0.09283041949748275,122.92238046459372,143.07692307692307,154.5941902505922,30,0.20487063410765624,0.4133333333333334,0.3500000000000014,0.9000000000000021,8,0,0.23338730462941554
0662,8.100000000000001,3.2379999999999978,178.50442255999442,73.12448161536778,77.33035734032197,393.25322271166993,315.92286537134794,72.22222222222221,0.3327830215703903,1.4788685877737946,-1.864227885062451,6.751919877913355,0.026147431135723855,0.022243675585368276,37.04138760050729,-1.5624245573335602,-3.2535459351237543,81.9327731092437,0.033968991249875236,-1.1866325233766124,65.08379888268156,0.026322718540368384,-1.144245079399051,73.3644859813084,0.017155448901935197,95.2548950432175,120.0,101.5228426395939,3,0.06173928382430754,0.23333333333333295,0.20000000000000018,0.3999999999999986,0,0,0.2855882871758686
0663,19.3,3.3230000000000004,248.04974368769658,69.14360105676884,84.15133700558663,395.00168129350175,310.8503442879151,85.49222797927462,-0.06448168474202791,-0.27908266590402514,1.6050866614044026,4.467292199984842,0.05075278589202595,0.050933926514420684,64.4624736816199,0.5180293650197331,2.1960806719772448,83.25925925925925,0.039635108331871116,1.1521605536399209,86.59638554216868,0.05486448499536189,1.4653086458539926,86.80203045685279,0.05879864141724434,137.91274366794855,148.57142857142858,154.27978044800471,10,0.10608672589842193,0.23999999999999994,0.20000000000000062,0.3999999999999986,0,0,0.14688591256685674
0664,0.09999999999999998,0.528,276.1401198728006,107.43775413855894,115.17839808780793,379.11225356090614,263.9338554730982,80.0,45.330244296484835,45.330244296484835,-5.897507613641033,8.158128713809672,0.04178842039830419,0.008334291949207547,5.044218087422884,36.46882501825214,,,,,,,-5.897507613641033,80.0,0.04178842039830419,,,,0,0.0,0.0,0.0,0.0,0,0,0.8407643312101911
0665,51.00000000000001,8.454999999999991,235.01207527042865,92.3096337386276,65.30394785844712,394.9136186103159,329.60967075186875,66.84313725490196,-0.0015881565113392447,-0.027705849395017124,-3.1333153227485475,7.6995288860312785,0.036272643609657124,0.032093505381191725,35.717620167159836,-0.057964411053246144,-3.3218969706214065,66.13995485327314,0.039567082610330574,-2.506505895944159,68.00947867298578,0.03540723703078262,-3.5911294004936787,66.40243902439025,0.033603777997429585,147.33832310150535,151.0344827586207,166.05061131646292,19,0.11269026995206458,0.3526315789473684,0.20000000000000284,1.7000000000000028,3,1,0.14220839290219478
0667,18.0,5.562999999999999,152.67870663732563,68.65902714242128,83.07239925986408,394.88303243806155,311.81063317819746,82.44444444444444,-0.028627486265114795,-0.2880384225643317,1.8409523648062833,5.575380891839804,0.03286510294083813,0.028843768875031688,32.68278984236932,0.0163048976632088,1.641900157300162,79.31654676258992,0.02952676420035261,2.318186536954093,85.03703703703704,0.03609619440619527,1.4440432149072577,82.42530755711775,0.03229415320550224,122.22552306582354,137.14285714285714,138.7082791504118,10,0.11883036964732852,0.28000000000000014,0.30000000000000027,0.5999999999999996,1,0,0.23609048083860285
0668,43.60000000000001,10.52599999999999,243.13468826490444,69.15930194264436,71.47011350184114,394.9527565408358,323.4826430389947,87.01834862385321,0.003104838757282163,0.06541710884022885,0.17086830452353352,5.356688538117057,0.04406156427456241,0.04439578720121198,42.55956828853981,0.06321052355520958,0.028716141029083066,86.3973063973064,0.03654778459850007,0.2593361552415488,90.6769596199525,0.05049294258088757,0.218928078626146,82.61964735516372,0.04432485276584588,146.32524110409045,161.6326530612245,163.5485070003717,15,0.10530983261279224,0.3799999999999995,0.40000000000000036,0.7000000000000028,4,0,0.19447215755828973
0669,31.600000000000005,3.351999999999993,272.08226429628945,78.38868615949929,75.06582119131073,394.96332354756805,319.8975023562573,77.4367088607595,-0.007821146697667284,0.18753903086828658,-2.4756330107959745,5.865557184789295,0.03452117755185288,0.028457603500624252,35.48481646838796,-0.07313975952656539,-2.631189715929703,75.53606237816764,0.0347671792024077,-2.0069623572726294,79.88929889298893,0.03504299968020827,-2.829618543640362,76.76190476190476,0.03374181688415357,175.09727626459144,180.0,189.16913946587536,6,0.074387731746395,0.43333333333333296,0.4499999999999993,0.6000000000000014,2,0,0.09590295262073682
0670,30.6,2.3930000000000007,183.93761386455054,70.07272921017865,65.2749817925496,392.29926802633645,327.0242862337868,74.90196078431373,-0.021523040180236975,-0.22195560317280943,2.3710372651163305,5.5084109079176535,0.03180149022599779,0.028350095580228104,29.30571559401864,0.08115125618094418,2.9874873601481635,77.74509803921569,0.028050963067345513,1.4871816074597362,75.0,0.031706689896478964,2.7276188559270813,71.70212765957447,0.035982147741206325,165.48964931955263,195.0,169.60208741030655,4,0.024247567665868483,0.19999999999999973,0.1999999999999993,0.29999999999999893,0,0,0.07253053678052922
0671,36.863,8.799999999999997,162.2749317294532,52.81679878599385,65.36358818615433,393.9105918223658,328.54700363621146,73.43283582089552,-0.00046375519647376103,0.021884743549731744,2.275256857436031,5.349928609909617,0.026692251312475716,0.02065926401717611,24.77566674694435,0.008913749490242514,2.0853104378684915,74.34426229508196,0.026505409922689262,2.9312106807680376,74.36734693877551,0.02737233276317362,1.7963238275850177,71.61290322580645,0.026205165736234957,98.54805860324552,100.0,120.11851693671089,20,0.1795764623436917,0.4099999999999998,0.34999999999999964,0.9000000000000004,5,0,0.1927162034907912
0674,43.099999999999994,8.022000000000006,184.9171911382361,97.60415207790855,91.21530605833988,395.0002482237903,303.78494216545045,75.63805104408353,-0.0007202974785054826,0.3014865056478787,3.8577776093085148,7.901212910483223,0.03683027875928083,0.03527523842334165,32.30838820055946,-0.02614783474058443,3.8674426396635764,75.1063829787234,0.036109019056589094,4.225915997762402,75.99720083974807,0.039360133587482,3.490034508853867,75.79877634262407,0.03506692514931078,136.14490825867531,142.0408163265306,155.62810249988823,16,0.12519072023786246,0.40000000000000024,0.39999999999999947,0.7999999999999972,3,0,0.1569187433981457
0675,11.4,4.717999999999998,255.39057487303552,56.637956577578635,68.98284179912064,391.3164324750096,322.33359067588896,81.66666666666667,-0.03145439106838007,-1.4034793858031602,0.8012870475588818,4.062182503144552,0.03530308282779059,0.027466431175476414,36.6611433952533,-0.6040250939634026,0.5363710855640612,83.69565217391305,0.03772437217214546,1.0518151903852107,83.668903803132,0.04014408301050193,0.75267897879325,76.61538461538461,0.02590320110349967,111.67638664846756,138.46153846153845,132.17799970627112,6,0.15510609256731603,0.4166666666666666,0.3500000000000001,0.8000000000000007,2,0,0.29271621789303875
0676,30.951,2.799999999999997,153.16382702983285,75.64777621900727,66.6517076214497,394.5428152633022,327.8911076418525,80.86619263089851,-0.07998190608243315,-0.22075531705276683,3.6607188884810515,6.8293779410954825,0.0355638099369514,0.03293647103364683,38.43510957989322,0.06599469422646602,4.682856757190787,81.94980694980696,0.02977103205039426,2.7655804872947782,79.43661971830986,0.03692607474242295,3.523782131193595,81.26888217522658,0.04013595590753435,149.3289087730734,157.5,158.73515794778118,8,0.05925750348137828,0.24999999999999978,0.1999999999999993,0.6000000000000014,1,0,0.08296050487392959
0677,17.899999999999995,5.663000000000004,149.91574789735543,53.20420336891765,75.02544261669111,394.83724122686107,319.81179861016994,84.30167597765363,-0.20119744120578462,0.09566351713379682,2.563873843208042,5.405085256374136,0.03623975550379593,0.02624291449226701,31.290616572641625,0.004986382416714605,5.044510080694639,78.85375494071147,0.032849154396700525,1.918068572515328,89.37062937062937,0.0401563519298338,1.3385993404808485,82.77680140597539,0.034333389450321765,114.58642787420958,142.10526315789474,135.25021289385367,5,0.1527819038322797,0.7200000000000012,0.7000000000000011,1.7999999999999998,3,1,0.24033442261172194
0678,42.70000000000001,5.809999999999988,209.47203367216252,68.39953511852505,82.85181737978863,392.08930065188855,309.2374832720999,84.89461358313818,0.007212495785082799,-0.11880882012340471,-1.9565922554508424,6.543828900073009,0.040190491636232686,0.038512823929653835,41.51294422065799,-0.03050773480320654,-2.6456160178142647,85.83333333333333,0.03867669639990647,-1.478551457257318,85.84905660377359,0.04374994803368068,-1.8156727596715267,83.08321964529331,0.037950366409860097,164.5021645021645,169.7872340425532,182.56691832532601,12,0.0989486703772417,0.3999999999999995,0.39999999999999925,0.6000000000000001,1,0,0.11976911976911953
0679,12.299999999999999,1.4410000000000007,229.35875023085265,38.69808608154781,86.36537287249216,386.80550204231685,300.4401291698247,82.60162601626017,-0.1098818813099578,-0.47959863758756216,0.5951664752988212,2.8024781719705882,0.012473550315158103,0.009934859209901158,49.141451458187184,0.5735045660153448,0.4911826279282393,83.37730870712402,0.00872042492895977,1.1694395675910776,78.82096069868996,0.015462637565278681,0.08055381881386307,86.25954198473282,0.012599640252791968,152.82730514518593,175.0,153.94765779634923,1,0.0072774907211993044,0.09999999999999964,0.09999999999999964,0.09999999999999964,0,0,0.10486864129248241
0680,15.8,4.471999999999998,231.43207086801021,63.78143600047861,96.81217463370949,394.37757744612,297.56540281241047,82.21518987341773,-0.12750504771226312,0.1316358189294326,-0.6453856127599228,5.298832293123379,0.03503774882911938,0.031547312372221276,40.51942266651004,-0.3128759968129396,0.06396087573520355,83.85416666666667,0.04040226641623,-0.7551538774875067,87.1268656716418,0.03273453242977924,-1.480206742603374,74.57264957264957,0.031073137418586458,130.22888713496448,146.66666666666666,157.4051991414262,7,0.17265193370165738,0.4999999999999997,0.5,0.7999999999999972,3,0,0.22059984214680337
0681,19.273000000000003,5.099999999999998,221.77065450716424,80.49433227066976,73.42109728025788,394.9073902148199,321.486292934562,87.27933541017653,0.02647198591929655,0.6920186170077117,0.8024639702205387,5.982828172963046,0.03301669926150313,0.02916968685952277,34.76705317023942,-0.14688860324969222,0.34843159975241283,86.32986627043091,0.03366282251769159,1.547783232319464,90.17857142857143,0.033809951549656644,0.42215897914773026,85.02581755593803,0.03135076726657371,105.8548393714356,112.17391304347827,130.4809588833257,10,0.18873343453821842,0.4599999999999998,0.3500000000000001,1.0,4,0,0.20924793829237262
0682,52.80000000000001,4.9569999999999865,240.9882433557734,45.37695500066947,84.75374162991058,394.3759347184663,309.6221930885557,75.11363636363636,-0.007248097413173854,0.03575904744244077,0.5380958536654329,3.2366186052329287,0.04011284932850629,0.04082665150188544,34.17038053808986,0.03169933902307467,0.5899498728041487,76.03583426651736,0.036028165215728374,0.6114374081576563,76.04456824512535,0.04307155603925353,0.4009043976137347,73.1606827545615,0.0412766656256261,137.1262357809443,149.43396226415095,146.51201509517728,15,0.06406149903907729,0.2466666666666658,0.1999999999999993,0.6999999999999957,1,0,0.08582509479370443
0684,55.30000000000001,5.225999999999992,191.86689561079385,77.02077938250228,72.85096217724599,394.9934439523371,322.1424817750911,83.18264014466547,0.024970841551626967,-0.08787181778508941,-0.3575151253911125,6.74560806348095,0.041715863132297776,0.03559626522543473,35.594454527014264,0.031655447057243394,-1.338958433832945,84.12610619469027,0.03772256712897195,0.5003708377198683,81.79871520342613,0.0433259081700128,-0.24021949643788978,83.65695792880258,0.043987520862000806,185.37488021676634,190.16949152542372,197.79289919966146,14,0.06278293625879763,0.2714285714285704,0.1999999999999975,0.8000000000000043,2,0,0.0863430591811782
0685,28.5,5.5120000000000005,218.4767810501594,73.94115724679868,76.07509901634921,394.7177938821352,318.642694865786,91.33333333333333,-0.10642432470015105,-0.15881792275607745,-0.23528077348961404,5.763891119953353,0.042033088477991414,0.029510255982884412,41.337551757530804,0.06446768295133136,0.7723599930363773,90.929203539823,0.037025502772025355,-0.08804100185649498,90.66265060240964,0.0435076893771533,-1.3300851286935675,92.42105263157895,0.04525219898602099,125.24991179583677,133.125,141.0035747385145,10,0.11172527343290597,0.3799999999999998,0.3000000000000007,0.8000000000000007,2,0,0.16206044925320476
0686,7.683999999999999,2.4000000000000004,180.44300550332247,69.50594552303491,70.47187879966769,394.3626900109248,323.8908112112571,72.49022164276401,0.0678239005715737,-0.8320983829297158,2.6160897389387974,6.013936820333741,0.016049952162926522,0.015061485905984322,25.54922027447163,0.6120255240584588,0.6906418947966018,81.52866242038216,0.011971733974152866,4.743668334045332,73.55072463768116,0.013548526995882422,1.7919069355769064,67.36526946107784,0.02002928392556097,172.5505751685839,193.33333333333334,212.60997067448682,3,0.18841729472431576,0.6333333333333333,0.39999999999999947,1.3000000000000003,1,1,0.23800079333597782
0688,14.2,1.7090000000000014,213.89071783501845,78.60737019966221,69.46569873686379,395.0150645517883,325.54936581492456,78.45070422535211,-0.04396366899203433,1.0147470440293564,-0.9672561569327714,6.322389726263383,0.035533233470258364,0.029088807393643886,33.864347462726045,-0.12927906945250056,-0.5638156623894703,77.49469214437367,0.031171132884642648,-1.3390073344874762,86.73469387755102,0.04185040902341597,-0.9341127311536217,70.58823529411765,0.03326555014733413,128.22930416745237,145.71428571428572,131.53652717776774,1,0.025143000817147546,0.40000000000000036,0.40000000000000036,0.40000000000000036,0,0,0.10742347099126288
0689,18.1,4.209,208.1955786722784,89.57267369906626,77.08152201549267,394.7405577173671,317.6590357018744,77.95580110497238,-0.0672012658747511,-0.4398016893223533,-2.1147307882369475,8.151091944198189,0.0334927246286134,0.03201461166088986,37.29084698727056,-0.2536813574438284,-1.6891692011852044,79.96575342465754,0.03800200687488087,-2.3756798512188464,79.96894409937889,0.03772996117963883,-2.2647272770888964,73.71134020618557,0.024279320555279055,161.36985073288807,180.0,192.42076006200222,9,0.16136985073288798,0.3999999999999998,0.3999999999999986,0.5999999999999996,1,0,0.18866825048186828
0692,48.29999999999998,12.22600000000002,293.8508758614296,46.82029997072848,85.73373956827965,395.0570406891067,309.32330112082707,86.5631469979296,-0.030533237418783298,-0.08861107561450647,0.33775103977698334,2.7997445666030165,0.037555613429829035,0.03693812270720612,40.1297147027974,0.0706871477844727,0.7402537682576157,83.33333333333333,0.03529373841747753,0.4771965195307049,87.05035971223022,0.03657132074624163,-0.23129573333017336,89.6251673360107,0.0411767662218976,114.00059478571193,121.05263157894737,133.6535854027041,16,0.14704424544823738,0.556250000000001,0.45000000000000284,1.3000000000000043,7,2,0.20199583650001685
0693,28.0,14.920000000000002,232.65143203551835,83.18812503105441,67.14557033795796,394.87541798534824,327.7298476473903,73.46428571428572,-0.04149597502180089,-0.26477823106117765,-0.1780324909001196,6.429805939864949,0.02806892299266897,0.03266950413371856,28.998451902295407,-0.06125478979872465,0.2774294948972885,74.08450704225352,0.03206058751436543,-0.03870762238986788,76.18657937806874,0.028762463143021746,-0.7935065860875882,69.12442396313364,0.023827462308180978,109.04007455731593,137.64705882352942,157.46971736204574,15,0.3075489282385834,0.88,0.40000000000000213,3.4000000000000004,6,4,0.34762348555452005
0695,9.8,0.5449999999999999,218.90284782537915,99.37227128692071,84.67344941273512,394.833411935937,310.1599625232019,80.20408163265306,0.3484936382126232,-0.04199441798058743,-1.1403921113767441,8.542332669319922,0.04162909841619719,0.03570262442970882,34.1804297972246,-0.6795507852514562,-2.6898872667461196,83.05084745762711,0.04118551285510129,-0.43437476134282255,85.79710144927536,0.04308261551467005,-0.4438811829871277,72.05882352941177,0.040539081773697645,156.59739004349927,180.0,156.59739004349927,0,0.0,0.0,0.0,0.0,0,0,0.052682455292411785
0696,24.300000000000004,4.199999999999996,138.478045336767,68.41912262177144,65.29711010139408,394.9448842058453,329.64777410445123,82.37958007410458,-0.23316703995515362,-0.17299155156462198,2.5415771865892904,6.158831312457026,0.03471821832870173,0.028371351730307942,37.68493702179909,-0.047178835039373916,5.520912685339023,82.94117647058823,0.03549549564038484,0.154182855537263,85.92105263157895,0.031623091692695324,1.6994884953893117,78.51037851037852,0.03678367684937846,117.89473684210526,124.44444444444444,135.48387096774192,9,0.12982456140350862,0.41111111111111065,0.40000000000000036,0.8000000000000007,2,0,0.14736842105263143
0697,7.000000000000001,1.9609999999999994,137.60047376653,47.02892923201559,94.34035528568583,380.15858536380694,285.81823007812113,66.14285714285715,-0.29798648308581244,-2.242403768459601,1.5813490208182361,4.628516850509431,0.02481416142608091,0.01988437962649708,28.409641342855142,-0.5800725078837538,2.6524226180653923,62.10045662100457,0.028571268795028713,1.0823859829054665,79.59866220735786,0.022090926292752302,1.278957939892685,48.9010989010989,0.0247671328055627,140.60930699698693,157.5,150.69967707212055,1,0.06695681285570802,0.5999999999999996,0.5999999999999996,0.5999999999999996,1,0,0.21883718335007246
0698,9.6,2.7829999999999995,173.1937949176655,74.66495823398986,111.75201343582088,393.4023885870174,281.6503751511965,80.0,-1.1132497694802537,1.2181317819273005,2.5170733968691454,6.017120761905752,0.03620347628614417,0.03194913539003176,27.895326920977443,-0.5106470175133188,6.469131900224773,83.10991957104558,0.03783773083005684,0.005474461582604951,82.71954674220963,0.046978334316106506,-0.4452835123873301,70.94017094017094,0.01734406675855387,174.43268997819592,240.0,183.3149452601205,1,0.04845352499394329,0.5999999999999996,0.5999999999999996,0.5999999999999996,1,0,0.22474360009690703
0700,5.300000000000001,2.0149999999999997,228.012708983893,35.969317597242835,74.03745838536867,386.6959473674944,312.65848898212573,76.9811320754717,-0.3281646621476909,-0.2887653360099764,0.5043715230625032,2.6945076016201717,0.010222920874526224,0.008819499809126963,63.38718490897843,-1.2230213414167723,1.14006452531059,76.96078431372548,0.008299761347762735,0.31770928246404767,80.09708737864078,0.012793986997260927,-0.29800675198638676,71.66666666666667,0.009078628559329583,106.63021189336978,156.0,116.15785554728218,2,0.08202323991797665,0.2999999999999996,0.2999999999999996,0.39999999999999947,0,0,0.2754613807245386
0701,12.100000000000001,3.834999999999999,215.5749054947667,93.45711568379606,80.12207267262967,393.9110485140459,313.78897584141623,78.59504132231405,-0.05190506426317624,-1.2062431535558227,-2.440176847532095,8.214628631352403,0.032284034952024435,0.03613524815776941,39.04360227842704,-0.3418782949406316,-1.695277454490871,74.45887445887446,0.038220783724351975,-3.06492700604655,85.74821852731591,0.0338413136396463,-2.5650166198185285,75.22935779816514,0.02190479094523722,146.84656416692815,167.14285714285714,175.47806524184475,6,0.16316284907436449,0.43333333333333307,0.399999999999999,0.7999999999999998,1,0,0.24066520238468772
0704,10.100000000000001,3.379999999999999,197.46090407774898,82.29878020745122,94.9436564294868,394.70952361261413,299.76586718312734,81.1881188118812,-0.16293326794783192,-0.15106583365951165,1.1429202695337204,7.054172406150331,0.03564433640601844,0.03022143766771153,38.5308102297391,-0.6790756978817659,0.6877792095970824,72.5925925925926,0.045628608457275344,2.9244764952322755,87.33509234828496,0.0320374851335488,-0.5652280682090814,81.16343490304709,0.03196356958725565,111.27596439169139,150.0,122.14983713355048,5,0.08902077151335307,0.23999999999999985,0.20000000000000018,0.40000000000000036,0,0,0.2507418397626112
0707,23.2,4.438000000000002,162.71406824719546,55.4290659561694,66.06111054705902,370.6669040184195,304.60579347136047,71.55172413793103,-0.0470526902593985,-0.3759006018071908,1.8003862342205341,5.722798356635284,0.027264075148335964,0.023829991843434015,24.775243314220695,0.03617020473702342,2.254174404589736,72.30971128608924,0.024307427328202156,1.6535667851368097,74.40699126092385,0.03321183254469184,1.483557988178564,67.76750330250991,0.02394678580152079,143.28098994138503,158.4,160.72733176394186,6,0.10854620450104924,0.49999999999999983,0.44999999999999973,0.8999999999999986,2,0,0.16057601852521897
0708,20.200000000000003,2.578999999999997,209.25794165883917,71.75603693041725,72.18249533686102,393.2609830516932,321.07848771483214,88.56435643564356,-0.09477752295357943,0.3805035192475044,-1.46440694102124,6.506156439199723,0.037539931989247745,0.040716039072573956,40.15344449968788,-0.16459031666086046,-1.0566426828964315,90.76923076923077,0.04080764089276318,-0.9814712915607474,90.84507042253522,0.03550517121977404,-2.460931139930364,83.93939393939394,0.036510643139310316,194.91637034110366,222.0,209.64162613910003,4,0.07024013345625352,0.3999999999999997,0.4499999999999993,0.5,0,0,0.11321831511479859
0709,17.400000000000006,3.811999999999994,243.35831425550023,44.37753679544489,93.6556613686503,394.5327962383146,300.87713486966425,81.66666666666667,-0.04990802305576207,0.13485087687527622,0.24654873387705098,3.2517800422275505,0.03869437663617636,0.03545312227580667,34.785490713755635,-0.06763398345867709,0.7341793980769427,82.03883495145631,0.03451600605797427,0.2615331142090496,81.04448742746615,0.04403950347502609,-0.2655870279582065,81.81818181818181,0.038388475763346946,124.45785404488026,132.0,139.59390862944161,5,0.10842919102394857,0.4599999999999994,0.29999999999999716,1.5,1,1,0.17970959834056166
0710,22.200000000000003,3.374937499999998,296.90742507168085,55.73687015132466,103.61363203959284,394.7421925085379,291.12856046894507,82.61261261261261,-0.059531260684341704,-0.203931696670332,0.3149369331994309,3.3845659557087195,0.03915046078291361,0.03985382849291678,41.05736552638676,-0.1649572058420709,1.0078138848281317,84.32563791008505,0.04263432017840607,-0.4219570389356265,83.37765957446808,0.04148295218027981,0.27824281253347116,79.53488372093024,0.031985732390185415,140.76280733823884,171.42857142857142,158.068490857549,6,0.10948218348529691,0.4666666666666668,0.4500000000000002,1.1000000000000014,1,1,0.13196268808086034
0711,24.2,6.808,206.03855226669722,76.15882718212171,66.99639757762094,393.9301796564586,326.9337820788377,86.73005374121537,-0.031214539362273214,-0.15016469807997837,0.7440528988940822,6.1339571936441,0.03749953479907444,0.029668860054991343,42.80324708457635,0.08324870588917765,1.1973005023445868,85.33333333333333,0.03253721106899097,0.4172782236764497,88.64142538975501,0.04273861225702464,0.6987873026175148,85.86251621271076,0.0362347098544189,108.35913312693499,115.86206896551724,133.29101872421455,14,0.18704850361197115,0.4142857142857143,0.34999999999999964,0.7000000000000002,3,0,0.2195562435500516
0713,9.600000000000001,4.401999999999999,231.24921631188073,82.48035740497346,95.21359907024953,394.7545969411718,299.5409978709223,72.29166666666667,0.06912705186741906,-1.022669119550755,-0.22314496595927333,6.424195935381899,0.03591499130959782,0.04544072273490318,32.184728310141814,0.32981268371904154,-0.22305549992718973,63.39066339066339,0.02846283024210753,-0.44712630945320453,77.9840848806366,0.04625010409701757,0.24042850411775632,80.68181818181819,0.03100983240966203,141.40837023282387,165.0,181.61805173362683,6,0.22139694329381507,0.5166666666666665,0.2999999999999994,1.5999999999999996,2,1,0.31438365947721747
0714,11.2,2.306000000000001,231.5663760454938,71.15927946102792,99.75226599776394,394.7386711743415,294.9864051765776,88.03571428571428,0.04267795304926327,0.1155306930038816,-0.8693069103190313,5.785450436943476,0.039075368194295655,0.03229180790057967,37.00364807182282,-0.40510157255419815,-1.1168286245526218,90.73634204275534,0.043004813882162485,-0.5092769800072641,87.05882352941177,0.041162466795201476,-0.9083184834847832,85.79387186629526,0.03249579211682227,146.60151043980454,180.0,167.7113332203964,3,0.12586998371094324,0.5666666666666664,0.5999999999999996,0.5999999999999996,2,0,0.1707389308455502
0715,5.7,1.5889999999999995,236.20966878693176,107.69038765307756,82.99592733769107,394.79017324411285,311.7942459064218,77.36842105263158,0.6553905837907321,-0.14168551676363692,-1.3316858449002522,8.597094152339396,0.045262725048518575,0.040874309379152166,33.04780422426327,-2.0868210955345385,-4.617490998890401,88.49557522123894,0.0712380710311897,-0.24251388158991813,74.48559670781893,0.04291441834394825,-0.5101834071512251,74.76635514018692,0.034213306511923954,123.47372753464124,150.0,123.47372753464124,0,0.0,0.0,0.0,0.0,0,0,0.21799972561393877
0716,10.2,1.2420000000000009,268.56756858456873,79.76669042286571,88.33620205770269,393.8745363245618,305.5383342668591,74.01960784313727,0.09841272416906016,-0.17285591201122677,-1.046553939185997,5.86280623312452,0.03395043406719254,0.02932097798459552,33.94512846071657,-0.48458870742113475,-0.7378701822838674,77.19298245614036,0.03811317828771175,-2.313885497480294,72.36467236467236,0.03387699271879504,-0.03216700254216127,72.4770642201835,0.029675569816030332,131.09596224436288,150.0,134.62574044157245,1,0.02621919244887256,0.2999999999999998,0.2999999999999998,0.2999999999999998,0,0,0.10854745673833253
0717,15.500000000000004,4.692999999999998,222.9039080740302,78.7581085271022,69.44401906570761,395.05467685097994,325.61065778527234,89.54838709677419,0.02293104566311514,1.4340480831889608,0.2906577740459172,5.897497354070522,0.04545167853719367,0.0371040915019643,32.54816808829962,-0.16896281516568026,1.1631211370160166,89.74763406940063,0.05219841095538095,-1.4424614698538378,90.5241935483871,0.03816701825360961,1.0521142253459272,88.0952380952381,0.04390357029964301,118.85306789481503,133.33333333333334,138.78447926906836,7,0.14361412370623466,0.4142857142857138,0.3999999999999986,0.7000000000000002,2,0,0.23240726984598611
0718,9.754000000000001,4.299999999999999,194.5794339183334,75.80271445204401,95.26447899804363,393.7385477417581,298.4740687437145,85.52361396303901,-0.004060601943347437,0.8073590168107808,2.5044205558495105,6.475077192489551,0.03673162824860734,0.02450555140292981,26.198400168546307,-0.2314334543607525,1.8055231291520102,81.61290322580645,0.037140338241492564,3.678551030235588,93.70277078085643,0.042232104578793235,1.2546345581708893,77.90262172284645,0.028078485174157067,72.57720222000853,78.46153846153847,95.73868969401164,5,0.24192400740002842,0.6799999999999999,0.6999999999999993,1.200000000000001,3,1,0.3059627152412124
0719,52.599999999999994,7.926000000000009,240.50211228929666,70.86138468491035,72.63756608094056,394.9710120711532,322.3334459902127,86.65399239543726,0.005420179659823299,0.09011878420413852,0.8141590396680445,5.442562173039574,0.0456321273858516,0.04569115010579715,43.205593084430454,0.05670049820438048,0.7710751392007531,83.2566168009206,0.04070108371409337,0.6765636793157948,88.94967177242889,0.04295664124523339,1.006800426812104,87.66233766233766,0.05357210796427362,135.80940422297854,139.32203389830508,152.4311092979268,20,0.10904404718633326,0.3300000000000004,0.2999999999999985,0.7000000000000028,3,0,0.1309519875755875
0721,10.399999999999999,5.065000000000001,245.20841725696783,59.52100837810157,71.28745182884843,393.95025659646774,322.6628047676193,76.53846153846153,0.041475272166783934,-0.580678408721799,0.7989070710473386,4.397993386042515,0.026222613656536685,0.019677351101974386,32.720975635523835,-0.7417324843278812,0.6640310144824267,75.90673575129534,0.029834352027821243,0.2705523093040636,87.20930232558139,0.0330195559750593,1.7744002390104006,65.48387096774194,0.014183003434318546,139.6702230843841,154.28571428571428,171.90608834062877,5,0.18752020691884916,0.5800000000000004,0.5,1.0,2,0,0.3275137407048174
0722,0.0,6.845,,,,,,0.0,,,,,,,,,,,,,,,,,,,,,0,0.0,0.0,0.0,0.0,0,0,1.0
0723,38.15599999999999,12.000000000000007,181.56877035580553,96.28248682946736,87.12943961912598,394.9199936841941,307.79055406506814,77.66124803356057,-0.06027712733558865,-0.19316191687335665,3.412123054673644,7.8279500956699755,0.03294047811716703,0.02723185973308924,31.05883012264789,0.018172925018814342,3.8717150688400013,73.86569872958258,0.027198386514113798,4.2049922221764024,77.51479289940828,0.03725728642608877,2.316636884606094,80.88235294117646,0.03330158033090872,96.89767924076881,101.25,120.42818911685997,19,0.19539038200813472,0.5157894736842108,0.5,2.3,6,1,0.23925352898955274
0724,19.800000000000004,3.840999999999994,204.76729459495385,79.71305780741149,94.70206227651403,395.0025730923525,300.3005108158385,86.01010101010101,-0.08807450827613414,-0.9929820697338348,1.541359431314345,6.4053595465491835,0.03199823875455762,0.03564426805751034,43.90477820239511,-0.30527019984902987,1.5323138936211307,85.41973490427098,0.0388972264874272,2.0227474285513103,88.80813953488372,0.02811136521020009,0.9771374499672337,83.5236541598695,0.028735462395652753,147.20189501290133,158.1818181818182,160.06623430384985,8,0.08036885072543445,0.2374999999999995,0.1999999999999993,0.40000000000000036,0,0,0.16247197665073365
0726,16.0,1.894937500000001,240.75693427778046,39.19975281730823,66.70659181494183,394.055739416617,327.34914760167516,86.25,-0.0882481381991485,-0.49387464328403835,0.4468442851352122,2.771560436465729,0.06344365937817632,0.054898217862222064,49.25901956431987,-0.045744483766241587,1.0215314827726911,87.4762808349146,0.0669224381921968,0.4537607126236517,84.56375838926175,0.06013565068303291,-0.19994288972033314,87.00209643605871,0.0637335058086096,150.88066108082242,168.75,155.2175740786651,3,0.027940863163115257,0.16666666666666663,0.20000000000000007,0.20000000000000018,0,0,0.10589237878031152
0727,47.7,4.231999999999999,241.63016507556316,53.44713279067387,78.25425312339001,394.94740703622443,316.6931539128344,85.68134171907757,0.00040523426509510345,0.02010978029408252,1.1544653966755498,3.4930571468990403,0.044303847181519335,0.038549136794178325,38.54359447872133,-0.03153991364096248,1.1939008382510574,87.5743162901308,0.04411758418416697,0.9497513782126011,87.41721854304636,0.0488126228411513,1.3602798109332768,81.42957252978276,0.03927865931590356,158.28390972810598,167.75510204081633,162.66919971503208,3,0.026958330124008358,0.4666666666666674,0.6000000000000014,0.7000000000000028,2,0,0.08149118077485941
0728,45.0,5.365000000000002,197.20150098469742,66.35108308685632,67.76052478724012,394.67418914638466,326.91366435914455,85.88888888888889,0.009883283919296153,-0.06806972018193617,2.419181023936295,5.235608690019595,0.04255569661389394,0.03432544053199676,39.81879678636203,-0.03264519251801712,1.9388857394763381,87.67979987492183,0.04376582315502037,3.0164495978658543,83.93680052666228,0.04018886321046578,2.3449862066405656,85.96237337192474,0.04375701904554822,166.78248783877692,178.72340425531914,180.78123318626922,14,0.07743472649657493,0.27857142857142836,0.25,0.7999999999999972,1,0,0.10652238657798077
0729,6.700000000000001,4.114999999999998,155.12937741172513,57.958136813852754,105.98511441510195,395.0113578240468,289.0262434089449,91.04477611940298,-0.548435408625176,0.05275959075191391,1.4696886073691637,4.691973962205238,0.041322172305861486,0.03963058477754501,50.864890103701875,1.3852345731472964,2.701775866742291,97.35099337748345,0.016086226279979538,1.9390125228680228,89.66666666666667,0.045345209769914255,-0.11466685859497437,88.58447488584476,0.05321128924966217,127.6005547850208,197.14285714285714,136.43104300543746,2,0.06472491909385107,0.34999999999999964,0.34999999999999964,0.5999999999999996,1,0,0.38049006010171044
0731,35.70000000000001,5.651999999999987,245.542951193012,75.30657593269717,70.98351953676644,394.7452835583982,323.7617640216318,88.4593837535014,-0.006219539740576978,-0.10566848428009275,-1.1799832749142818,5.6203434823868825,0.05894870477717089,0.05379715382314936,53.675417057099736,-0.03775599731146199,-0.9900743916765434,89.44487881157154,0.055684996922721205,-1.4915917020459406,89.98447204968944,0.06518603555698829,-1.0116810472866562,85.24426719840478,0.05510084864699773,146.54672083575161,178.23529411764707,155.9765263049521,12,0.06045656800154752,0.20833333333333273,0.1999999999999993,0.3000000000000007,0,0,0.1366802089378987
0732,19.800000000000004,3.840999999999994,204.76729459495385,79.71305780741149,94.70206227651403,395.0025730923525,300.3005108158385,86.01010101010101,-0.08807450827613414,-0.9929820697338348,1.541359431314345,6.4053595465491835,0.03199823875455762,0.03564426805751034,43.90477820239511,-0.30527019984902987,1.5323138936211307,85.41973490427098,0.0388972264874272,2.0227474285513103,88.80813953488372,0.02811136521020009,0.9771374499672337,83.5236541598695,0.028735462395652753,147.20189501290133,158.1818181818182,160.06623430384985,8,0.08036885072543445,0.2374999999999995,0.1999999999999993,0.40000000000000036,0,0,0.16247197665073365
0734,20.1,2.104999999999997,202.87628214960978,54.3593009951821,76.38902105233142,393.5412887621083,317.1522677097769,70.64676616915423,0.05294840218005681,-0.4723715186579494,-1.5116870834679663,5.255792229132538,0.029124999940852565,0.03088621809622328,30.666615390925127,0.12968727219047546,-2.1252642462454134,70.34795763993948,0.026087565034964805,-0.9864750775621927,70.42857142857143,0.03022145833256284,-1.4545791575373037,71.1864406779661,0.031029606574592188,194.55077685206035,227.3684210526316,202.76930298052102,2,0.04053141184417926,0.4500000000000002,0.4500000000000002,0.5,0,0,0.09479846881333019
0735,19.899999999999995,4.7080000000000055,200.46100188754204,77.95665950477232,71.71429516080451,394.95929465939463,323.2449994985901,89.89949748743719,-0.09019254547366135,-0.9705611245628013,2.6618974182609607,6.011896085508665,0.05866498907184605,0.0503141807632235,52.44157612799061,0.29002004724546177,3.4189563394322477,89.22345483359746,0.050626746986067075,2.749670971027441,89.0,0.06625304383020951,1.8643732126341745,91.50227617602428,0.05830154813902678,129.2262678803641,138.2608695652174,141.28309934245604,8,0.08533810143042932,0.26250000000000057,0.2500000000000018,0.40000000000000036,0,0,0.19131989596879087
0736,22.499999999999993,10.49300000000001,186.77172801081903,79.32478890992675,73.56057761941592,394.85650689877417,321.29592927935823,78.53333333333333,0.000986955676141167,-0.068561403772742,-0.9048431934236881,7.227108795214509,0.035178718758115034,0.03252905375752422,35.42465420170549,-0.21321817560287698,-0.6440300874123951,75.16129032258064,0.03967324005811245,-1.1172935574681806,81.68539325842697,0.03850379948061219,-0.8475043306029851,77.56756756756756,0.02741395517835714,127.29973024580971,155.55555555555554,157.93629902605952,15,0.19398054132694836,0.42666666666666714,0.5,0.7000000000000028,4,0,0.3180371593974482
0737,29.49999999999999,7.621000000000013,267.84940921335414,51.853919803441414,70.27171139733213,395.0386464159964,324.7669350186643,86.57627118644068,-0.01932550678221332,-0.10480672406488738,0.5589404559055173,3.474486478363084,0.0408896686424698,0.03195265576099295,43.177163098203664,-0.06751399080883692,1.0702988052649998,88.27655310621242,0.039155548547516385,-0.001195053464652156,87.87602552415679,0.0394097506834726,0.6851237073119203,82.92397660818713,0.04481261818139781,108.29449637671398,129.67741935483872,119.5681270634425,8,0.09428625306430348,0.4375000000000012,0.2500000000000018,1.3000000000000043,2,1,0.20530158131515888
0739,22.8,2.9830000000000005,226.32640562651687,47.478249496815025,90.77436568354827,394.5422898287458,303.7679241451975,80.65789473684211,-0.04334041215798238,-0.2991932326492014,0.8203307645507019,3.3700669200993265,0.039428172772736206,0.038000052982559866,30.58518548248276,-0.12694672974055912,1.1832483265589138,80.54054054054055,0.04420521376383128,0.6278000024829676,82.60325406758449,0.03868246974243285,0.6672800544440297,78.67746288798921,0.03546164967935161,167.55226311910948,187.82608695652175,178.6378861183476,7,0.062056393747818316,0.2285714285714285,0.20000000000000284,0.3000000000000007,0,0,0.11569638909358881
0741,24.1,5.523,165.62117330094964,49.06754255597017,69.12930823653934,394.67157869160707,325.54227045506775,66.05809128630705,-0.005850562538598012,-0.11963819928587906,-1.0601585125442887,5.274045189473583,0.0270983827127405,0.023653279216608602,26.11222743780509,-0.07185862146095448,-0.9888482962051921,72.55639097744361,0.02707716290360991,-1.3506283145414348,67.561260210035,0.029139132591748055,-0.7677774063322828,57.48344370860927,0.024804357231120264,170.1380683928029,219.1304347826087,189.30999511700412,8,0.10127265975762083,0.3750000000000002,0.20000000000000062,1.0,2,0,0.18644296661377982
0742,9.599999999999998,7.903000000000002,206.86232919757902,64.13082289469303,100.87849862034446,387.1544770275836,286.2759784072391,88.125,-0.2753042263201578,-1.6609218411355706,-3.1198351119793815,5.899628664255873,0.016967829135262253,0.010975091182612652,51.468395028588716,-0.5498921590571619,-2.0327991483426895,93.45794392523365,0.021743893957336512,-3.1227627978245973,86.23326959847036,0.016365363197845397,-4.227972580754489,87.4439461883408,0.01379747852246013,95.9835456778838,168.0,106.9859262561294,2,0.10283951322630415,0.9000000000000008,0.9000000000000008,1.2000000000000002,2,1,0.45152259612637846
0744,30.2,4.622000000000003,191.92765986020603,42.760383808324434,83.9422983480292,393.66087131926037,309.7185729712312,81.8543046357616,-0.009346016988114984,-0.03353718881067201,0.7381960896659981,3.404659828636969,0.03897342650588026,0.035670786822117946,34.06044093514425,0.14662427674730072,0.7110292288973932,79.26484448633364,0.030374775360359693,0.9504017859859071,85.32272325375774,0.04157365113397968,0.4650261691820413,80.43478260869566,0.0464399902873016,118.89035667107001,129.375,127.69107396212446,6,0.06892194589627246,0.3999999999999999,0.19999999999999973,1.0,2,0,0.13273218080523816
0746,23.9,1.466000000000001,215.85811963320316,70.15800670661866,76.52825943584293,395.0443835809634,318.5161241451205,83.38912133891213,-0.02611116003382428,-0.823303766672631,-0.6250415127119193,5.5781768758216215,0.04163019273736706,0.04067654653718521,35.42260178036537,-0.0025158497990690446,-0.5224134230142179,83.41708542713567,0.04681720165469085,-0.35210468335701817,88.65248226950355,0.040012706826047,-1.0962810180235771,77.40641711229947,0.03794249780662704,186.86430655207758,197.5,189.85820716173998,1,0.015769139793424352,0.40000000000000213,0.40000000000000213,0.40000000000000213,0,0,0.05779389734289999
0748,10.3,3.3099999999999987,228.21966109565116,79.54194024056682,69.88049961127231,393.9493971484929,324.06889753722055,73.7864077669903,0.06349970673957556,1.0603220198689531,0.6341197226433861,6.191521433372737,0.0273915243431108,0.01956215075887583,20.169272898699667,-0.4122413862687224,0.6051523067943878,86.26760563380282,0.031684800036951725,0.6421796399612475,76.49769585253456,0.027104782964682175,0.6582788720066355,58.65384615384615,0.02388240723153132,136.66421748714183,186.0,138.70246085011186,1,0.01469507714915498,0.1999999999999993,0.1999999999999993,0.1999999999999993,0,0,0.2432035268185157
0749,48.80000000000001,11.542999999999992,259.74691921325643,85.43898275836816,70.81070590470254,395.00679984088026,324.1960939361777,83.15573770491802,0.010378377106231523,-0.057462554117139374,2.889039909446568,5.806371036701008,0.03996909443738928,0.03617001458161455,33.62511435708237,-0.015601247556608844,2.9657032923424516,82.73615635179154,0.04151498366235972,2.4178867687897676,83.20288982540639,0.038288364802938506,3.3528408164382104,83.66013071895425,0.039928545396305186,146.16442669406558,166.41509433962264,165.96729578683923,14,0.11931789934209419,0.5142857142857136,0.3500000000000014,1.5,5,2,0.19128979334802698
0750,15.499999999999998,13.105000000000002,165.08621263200794,40.07459506040299,70.60273815256672,389.9875986685423,319.3848605159756,56.903225806451616,-0.014273633594298127,0.11110845822838031,-0.7358922539207016,4.4035893801487695,0.025144202390952674,0.023972904507116956,25.1072635408486,0.013628729987925702,-0.5994428285431403,64.25992779783394,0.02165225854392183,-0.9429248999317101,55.46218487394958,0.028056516321400833,-0.7126837687585087,50.38461538461539,0.026198578276263776,77.60880964866281,82.22222222222223,132.89434301107454,13,0.4160111868554449,0.9153846153846156,0.8999999999999986,2.0,9,5,0.4581366893899669
0752,50.80000000000001,7.47999999999999,279.10089881937273,57.3640970323544,89.89196726577721,394.6709678103683,304.7790005445911,88.34645669291339,-0.0020197770338013154,-0.15036069840009292,0.2894665156862646,3.7047123612410235,0.041553197219819246,0.03525127121564063,46.08877468295175,-0.03375915417170591,0.21857412187243563,87.95180722891567,0.037418706057974434,0.45545030595599206,89.62422882781829,0.04500893458562678,0.17409138146782335,87.32303732303733,0.04222555138446576,113.24639670555936,122.22222222222223,121.14537444933919,17,0.06520247083047342,0.22352941176470534,0.1999999999999993,0.5,0,0,0.12834591626630043
0754,37.0,0.9299999999999997,243.15349532094578,50.49092279063941,66.86350757384018,394.99847361853085,328.13496604469066,85.02702702702703,-0.03174886099978292,-0.15111689394901018,0.8366376955576933,3.462099816758752,0.039845531314133466,0.037808065178242374,41.47731198674514,0.0076663677017344755,1.3192139163889334,84.54183266932272,0.03884867925045999,0.44734774832516666,84.56591639871382,0.043765587714521256,0.7374311652446942,86.01165695253955,0.03682679624155044,158.18613234906405,176.47058823529412,161.5943980608672,3,0.021091484313208467,0.2666666666666657,0.20000000000000284,0.5,0,0,0.024518850514104924
0756,15.499999999999998,13.105000000000002,165.08621263200794,40.07459506040299,70.60273815256672,389.9875986685423,319.3848605159756,56.903225806451616,-0.014273633594298127,0.11110845822838031,-0.7358922539207016,4.4035893801487695,0.025144202390952674,0.023972904507116956,25.1072635408486,0.013628729987925702,-0.5994428285431403,64.25992779783394,0.02165225854392183,-0.9429248999317101,55.46218487394958,0.028056516321400833,-0.7126837687585087,50.38461538461539,0.026198578276263776,77.60880964866281,82.22222222222223,132.89434301107454,13,0.4160111868554449,0.9153846153846156,0.8999999999999986,2.0,9,5,0.4581366893899669
0757,0.0,1.411,,,,,,0.0,,,,,,,,,,,,,,,,,,,,,0,0.0,0.0,0.0,0.0,0,0,1.0
0758,33.099999999999994,5.222000000000008,177.30108029751656,57.53663525475878,71.64570151702547,394.82580693730375,323.18010542027827,83.92749244712991,-0.05044167922428893,-0.04627797509222609,2.2163162546013897,4.842117064646307,0.04099081064516265,0.03471235210892755,38.39053831519672,-0.1807804876005154,2.43796375664897,84.29602888086643,0.049519004708718985,2.5038173008597417,87.38884397736459,0.03912560176223499,1.537669599401235,79.06735751295336,0.033589799625225944,170.65915140128385,186.85714285714286,184.63102026988878,8,0.07567454725745022,0.36250000000000093,0.40000000000000124,0.5000000000000036,1,0,0.13626637440634642
0759,5.6,1.0100000000000007,201.81677782626477,72.9249769189704,114.68881830880423,385.97139170419734,271.2825733953931,80.71428571428572,-0.12601825436750394,-0.10731814578943026,3.077909233409665,5.761976073427887,0.043439498017648084,0.044324890887255754,54.94873751265159,-2.040069743817005,3.4431883502873366,79.53216374269006,0.04753177835958407,3.297937171859842,85.0,0.04721586304528172,2.3738535404984504,76.33136094674556,0.034382810180071444,154.31164901664144,204.0,154.31164901664144,0,0.0,0.0,0.0,0.0,0,0,0.15279878971255684
0760,12.400000000000002,1.288999999999998,243.8366469723937,49.14707392167266,98.9691894445082,393.9231672052832,294.95397776077505,82.01612903225806,-0.14521810128274987,-0.03142029509311191,1.0643486260901474,3.2279203152401577,0.046534013376830975,0.046107674516611144,53.23569350960285,-0.37170758585482006,1.6836400188111433,89.47368421052632,0.03784070639881549,0.9804202721556571,79.3859649122807,0.052181685903601976,0.26222411688702535,76.0806916426513,0.05006034328226378,149.0247644093798,170.0,151.23433909111128,2,0.01461027102052738,0.09999999999999964,0.09999999999999964,0.09999999999999964,0,0,0.09416319672729914
0761,35.7,4.424999999999997,202.44211211662247,53.090301828678705,78.48408841335312,392.3999475049847,313.9158590916316,82.6330532212885,-0.013374307507270585,0.005169122721487105,1.12286819070589,4.172272387762884,0.03876256877203432,0.031648280588340266,32.55880163953734,0.10565864190950919,1.2502955709658092,80.63439065108514,0.03166179893561369,1.3477303500227131,83.65458750963762,0.04202895383073381,0.7145586332088548,83.62790697674419,0.04273486723054471,127.10280373831776,134.21052631578948,135.54817275747507,6,0.06230529595015572,0.41666666666666635,0.45000000000000107,0.6999999999999957,1,0,0.11028037383177564
0764,9.4,5.151,151.8559595787478,65.12925639612536,98.81523959124571,394.436417254678,295.6211776634323,89.25531914893618,0.007857863615279504,-0.9663659930300543,1.9892126993280237,5.295894902035265,0.03968592763537254,0.040331803038480704,48.98834514399391,0.0961309271773076,1.6125920784869154,90.6015037593985,0.018034856958820823,2.4659126285590443,92.70588235294117,0.05497154807475601,1.5134568047480481,81.92771084337349,0.036650507805565474,103.08569857741736,125.0,118.56770215793217,4,0.13057521819806195,0.47499999999999987,0.4500000000000002,0.6999999999999993,2,0,0.3539962889148512
0766,16.200000000000003,6.317999999999998,187.30947459338083,75.2046636899377,69.16705471124763,391.6430673598389,322.4760126485912,82.1604938271605,-0.12725129312415664,0.184577158244998,-1.369194024629039,6.893729381751945,0.03489344011725274,0.03160607689189702,37.468026261600585,-0.1777220789631338,-0.09424213433215024,85.57844690966719,0.034334382886164826,-2.2669654625891593,81.24006359300476,0.03465673241614622,-2.1895969387815333,77.77777777777777,0.036286924163954064,117.23954169997334,146.66666666666666,158.86388253700804,10,0.2620126121325161,0.5899999999999997,0.4500000000000002,1.3999999999999986,4,1,0.28057553956834524
0767,30.6,3.7779999999999987,234.1364436924848,74.91584713496171,76.47718466870337,394.8751130605582,318.3979283918548,80.68627450980392,-0.013746971639644567,-0.13126999450554072,1.6585701188781912,5.254309269370975,0.03569513074655398,0.033651319600045256,32.76879721371193,-0.14310572429495952,1.902788409000388,80.57090239410681,0.0358594061418155,1.2161296725491588,84.94094488188976,0.04357998242601447,1.8885770974350071,76.30480167014613,0.027146683579971638,132.64296934085752,147.09677419354838,141.27269347543216,6,0.06108557798592106,0.34999999999999903,0.34999999999999964,0.5999999999999979,1,0,0.1098958636337192
0768,21.199999999999996,7.2740000000000045,237.51335725741862,72.06403177162346,71.23389095773166,395.0449320975272,323.8110411397955,71.88679245283018,-0.008371568365229837,-0.3822323642763042,-3.3867011613872573,5.799585420683641,0.030508733205152485,0.02752016244661791,25.36494492176058,-0.2195539402717287,-4.153349649728837,72.93333333333334,0.02856321149653863,-2.2586213089968505,71.39240506329114,0.03933394699133821,-3.911835092683493,71.20689655172414,0.020985373989426397,86.39460560511344,117.14285714285714,98.1095955970328,9,0.11940717847861221,0.3777777777777782,0.20000000000000107,1.0,2,0,0.25546112242747787
0769,28.900000000000006,5.581999999999994,240.64150392856945,69.98289778552981,76.98350282546407,393.27574421568886,316.2922413902248,87.99307958477509,-0.00582678739813047,0.1542867519244488,-0.6875452252323683,5.1039344925686425,0.0682374026783966,0.061520421342638264,69.40203555407967,-0.20579230037538612,-0.5139680592771043,91.41414141414141,0.07201333247646606,-0.8219197698110557,86.18618618618619,0.06953153450196957,-0.7408153054218976,86.23751387347392,0.06265359780399242,140.94310074821647,151.875,161.5584070208098,16,0.12760280726175968,0.2749999999999998,0.20000000000000195,0.7999999999999972,1,0,0.1618815613943505
0771,24.4,3.2119999999999997,222.00932494144868,62.324022565727304,82.91029908024477,390.76244947648746,307.8521503962427,72.70491803278688,-0.15945262661035006,-0.09127414024558585,1.03214978663554,4.434717202052156,0.024696227573305047,0.021802280234803767,26.548640918149147,0.06479435216487606,2.431168668200049,74.0072202166065,0.02107779997541894,0.6211733908008983,72.80898876404494,0.026999038890840956,-0.13044103070560528,71.07093184979138,0.026027814862924513,130.3780964797914,150.0,135.27731850293102,6,0.03621613791105312,0.16666666666666644,0.1999999999999993,0.20000000000000107,0,0,0.11632623497030277
0772,20.200000000000003,2.2659999999999982,216.48879323190837,78.1404269991424,65.70080490436847,394.9404185676981,329.23961366332964,83.96039603960396,-0.08700794396190632,-0.3247986087175952,-0.821439415706634,6.318012510444159,0.038789773334756784,0.03559487816515536,40.42803120573991,-0.28727400248245644,-1.1447040044726504,82.7536231884058,0.03931097232505518,0.38623226131158167,89.4150417827298,0.04863037498467472,-2.044505950821125,78.92156862745098,0.0266571274394186,136.20582213122051,161.05263157894737,145.2577613215608,5,0.06231638921036226,0.2799999999999997,0.1999999999999993,0.6000000000000014,1,0,0.10086352710762922
0773,29.599999999999998,7.0240000000000045,204.4921106795198,86.83142444137748,69.11496952082685,394.9679140855917,325.85294456476487,80.4391891891892,0.034415695233240264,-0.13551052103915776,2.061808152720593,7.05939502877314,0.03441829976744267,0.03467657071517541,43.734653083217395,-0.07840580840041173,2.2273590947116326,80.68506184586109,0.036233570531446484,1.4960574677332372,80.89233753637245,0.03358016072095699,2.5359839359409864,79.6127562642369,0.03322954325714508,165.46526867627784,183.63636363636363,189.2330751936048,16,0.1256006989951945,0.2875000000000002,0.2500000000000009,0.8000000000000007,2,0,0.19178680646570564
0775,19.700000000000003,3.131999999999998,193.69936368088992,54.33900629129662,79.83673957371529,394.82479026868975,314.98805069497445,70.55837563451777,-0.046147537865202225,-0.3207133218149937,-1.3051252687360753,5.396280135836827,0.028720279089913058,0.027562952972435502,27.62049420594597,0.0527857046535175,-0.6518967549698471,72.72727272727273,0.02405426070869506,-1.9681791277059126,68.06833114323258,0.02646470665398564,-1.1478471169386528,71.58555729984302,0.03558671658116108,194.46391030133145,222.0,195.31937357029736,1,0.004379817799579444,0.09999999999999787,0.09999999999999787,0.09999999999999787,0,0,0.13717589348283102
0776,32.3,8.034000000000006,239.9789147067464,72.76569248959807,84.54397373202417,394.78759903581647,310.2436253037923,86.28482972136223,0.02296007726609413,-0.24741808892994227,0.5368243668554853,5.163703891943113,0.06621672622971728,0.05861415373449643,63.23660616333521,-0.10179805518227926,0.2541914864207622,89.84924623115577,0.06629405052753333,0.37124287551490653,87.1859296482412,0.06897252256474742,1.0357024508862187,81.84438040345822,0.06298199183936862,120.49387613427876,127.89473684210526,137.1564034543094,18,0.12148559527941685,0.2722222222222222,0.2000000000000015,1.0,1,0,0.1991867903009869
0777,39.5,5.301000000000002,282.2057802034003,56.358404245251826,85.47682774043952,394.6709175350694,309.1940897946299,88.73417721518987,0.008262327572559505,0.09028723722723137,0.25033036471223874,3.5215328987998356,0.04004801334648769,0.034848315121354875,43.18807912490439,0.0028700551110913985,0.11231391793401523,84.4017094017094,0.03857139041583754,0.43964942506197446,92.51650770359501,0.044625032993539156,0.17933712045461642,89.51817413355874,0.03652705038427438,129.90781455771076,141.9512195121951,134.71910372445083,6,0.035713488538202304,0.2666666666666669,0.20000000000000107,0.6000000000000014,1,0,0.11832325171313145
0778,18.099999999999998,5.385000000000002,229.82290707201184,61.38656892318444,82.57151791720328,388.7378163999004,306.16629848269713,73.97790055248619,-0.04465180466696791,-0.6603586831055249,1.388522267220951,4.2852369919985085,0.029351664403702925,0.026521342754764626,27.697996720234084,0.04466387966250147,1.40107342220655,81.01071975497703,0.025316437060480305,1.5015822349616295,66.36500754147814,0.03180992026961453,1.2361278164283014,74.89878542510121,0.03138644135921907,127.74111134766873,157.89473684210526,153.17845289762576,7,0.1660634447519694,0.5571428571428574,0.40000000000000036,1.8000000000000007,2,1,0.22929529486906544
0779,28.6,1.4149999999999991,239.4367226971012,52.31488631672494,71.96310854370638,394.5721558119266,322.60904726822025,81.53846153846153,-0.0035517382800928717,0.22045576763782204,0.9301290729009432,3.7474236868198587,0.04229028381879662,0.03743187634588241,34.80944372010949,-0.0469543720433155,1.0973516608921028,82.26299694189602,0.04434216855031796,0.747114360244715,83.5,0.04108299792479983,0.9560256766097612,78.49829351535836,0.04137377297963206,179.91004497751123,192.85714285714286,182.95781805861427,1,0.016658337497917706,0.5,0.5,0.5,0,0,0.04714309511910708
0780,37.7,4.931999999999995,202.34796453524143,51.022648852079556,82.47431675826118,394.4040127138628,311.92969595560163,83.87267904509284,0.0031783427166393327,-0.11949514527492715,0.6652455294833887,4.000608261848475,0.04238332628072592,0.033851668718055214,33.52833944213218,0.10774276277510866,0.35133252364757683,79.7147385103011,0.03471014502604746,1.0175238300198048,85.36585365853658,0.04515921682357568,0.6032236133198174,86.58043654001617,0.04734917820494846,125.25802214299118,136.92307692307693,135.42300669507,9,0.07506098705197961,0.35555555555555496,0.29999999999999893,1.0,1,0,0.11568774629386365
0783,9.899999999999999,8.857000000000003,140.61034769413848,52.59081586978467,76.27166598729572,393.13912598919654,316.86746000190084,90.0,-0.2851202394920685,-0.12767417398699263,1.245325355196425,4.4487950788982715,0.03774044732225081,0.03572219883813454,51.60347889191261,1.0038926449620267,3.4914478084896325,84.39306358381504,0.016954227930049057,0.4128135229555964,91.46666666666667,0.05052365159033896,-0.20122229286221643,95.16728624535315,0.046531379982133574,76.77133870021858,102.85714285714286,112.00124445827177,6,0.31454923495228454,0.9833333333333335,0.7000000000000002,2.299999999999999,3,3,0.47219704643599736
0784,22.9,1.5250000000000021,199.62301620289992,74.54359439709746,73.0211065902961,394.6638644837336,321.64275789343753,79.43231441048036,-0.20386093897858198,-0.6447239819118369,0.10404078238860306,6.124660901373843,0.03686709002978599,0.04025545628044935,41.435338279245315,-0.09097545746062892,1.6159527152237527,82.6086956521739,0.04081268966955143,-0.14598001290503798,81.03225806451613,0.037765952363855944,-1.5089028980124768,74.08450704225352,0.03141669667540616,167.04196519959058,194.28571428571428,177.19869706840393,4,0.05731832139201639,0.3500000000000001,0.2500000000000009,0.6999999999999993,1,0,0.06243602865916078
0786,31.000000000000004,4.631999999999994,212.55299601139401,88.6920520672639,95.66075320201021,394.97207017787645,299.31131697586625,82.25806451612904,-0.05192405879936375,-0.7346980018068382,0.8042813542279122,7.133092981262577,0.03293093221121824,0.0365581073542317,46.44458677929009,-0.10278315809624108,0.902015868093274,86.2369337979094,0.036515271401569974,1.1569359748237154,80.52434456928839,0.0308243287804009,0.2327954364577704,79.18552036199095,0.030821238855549837,165.02020655590482,178.1818181818182,178.00920319689996,11,0.07296811854512787,0.236363636363636,0.1999999999999993,0.5999999999999979,1,0,0.12999550965424322
0787,10.383,2.0,198.24922530869887,73.73311492737014,96.93553542874952,395.0247753210111,298.08923989226156,86.11378977820637,-0.21058800555151827,-1.2262632223370886,2.411116421200257,5.6019716655392475,0.05244468993973668,0.04844433356903287,53.169754924603836,-0.3479562038960476,3.4526167759136333,86.26198083067092,0.04795726915421877,1.9059585426124661,84.41926345609065,0.057617282049272994,2.009060889035795,87.6010781671159,0.05130894247666602,111.44310748606962,125.45454545454545,121.23341825529299,3,0.0807558749899056,0.33333333333333365,0.3000000000000007,0.40000000000000036,0,0,0.16151174997981105
0788,19.1,6.134999999999998,233.472028614212,40.859799754163866,96.3171719050218,391.1925708477748,294.875398942753,80.41884816753927,-0.06548602739626025,-0.19698010583011366,0.48779459444045353,2.8920387874858955,0.0594703159189194,0.058075158495927516,52.49109376251997,0.13252318596878937,1.0221478276429392,81.61057692307692,0.052865803180952665,0.23905046723661041,80.18720748829953,0.06684312930777377,-0.1972531139027313,78.48970251716247,0.061198013606804665,130.7707549039033,173.68421052631578,147.09159794963224,5,0.11095700416088755,0.5599999999999994,0.5,0.9000000000000004,2,0,0.24311472161680198
0791,19.799999999999994,5.121000000000006,188.8473179749528,82.43916727263532,66.98889249631321,393.4959552893254,326.5070627930122,71.91919191919192,0.12014479272752233,-0.08620387825944406,-1.5606356259244998,7.625327636714905,0.028272008638001937,0.027468370745414777,35.32432423200068,-0.17392141295102825,-2.340683246640411,73.41430499325236,0.030410317424945925,-1.2738983896827174,74.06380027739252,0.029734783085373945,-0.7767390319466271,66.79536679536679,0.02317712989730559,108.34236186348863,122.72727272727273,132.2168356104011,10,0.18057060310581455,0.45000000000000046,0.35000000000000053,1.3000000000000007,2,1,0.20548934633441698
0792,7.2,3.877,169.05451573713492,46.49018170945045,71.20648055733976,349.667790709207,278.4613101518672,60.69444444444444,0.4836297223058791,3.1562455297454366,-0.5394919465386196,4.87757237645266,0.023206235654221936,0.019120624147637346,24.758811114206022,-0.19323623236348716,-1.48451945768544,59.54545454545455,0.02281946901723714,-0.5960775892407278,62.006079027355625,0.023616875594382657,0.787391142397297,59.64912280701754,0.02290910532233088,119.16583912611718,165.0,129.70423503979563,4,0.08124943576780716,0.22499999999999998,0.19999999999999996,0.40000000000000036,0,0,0.35000451385754267
0793,53.8,4.375,257.7031537769914,80.84886548412635,72.70983146222383,394.8960113611841,322.1861798989603,82.76951672862454,0.022339741374895115,0.0813104321384266,2.4561675315369467,5.469350124290342,0.04151074165171689,0.039143509895357746,33.36495474699637,-0.03184758121870341,2.112107833176871,80.70270270270271,0.045046692344071854,2.661748195407284,83.79364252214695,0.03988326888608622,2.591602015374291,83.92302917442582,0.03939204201164649,174.30167597765364,187.77777777777777,183.77888536474856,9,0.05156854318865502,0.3333333333333339,0.20000000000000284,0.8000000000000043,2,0,0.07520412548345509
0794,9.594,1.9000000000000004,258.85887738174296,68.65385463514144,80.89879354086561,394.8875416005606,313.988748059695,71.18997912317327,-0.16925976761924538,-0.6394607412475947,-2.4672764377362157,5.312015853371075,0.03058270685211818,0.02907288875918353,27.723686954726915,-0.39603704093371794,-2.031600756904915,81.44329896907216,0.03818945788473509,-2.202995632134826,79.3733681462141,0.030759006834061905,-3.145358812618799,57.74278215223097,0.026551730100513316,177.48390464590221,204.0,177.48390464590221,0,0.0,0.0,0.0,0.0,0,0,0.165303636680007
0796,0.0,1.072,,,,,,0.0,,,,,,,,,,,,,,,,,,,,,0,0.0,0.0,0.0,0.0,0,0,1.0
0799,20.799999999999997,2.554000000000002,180.72155212523282,58.97915857527404,83.2049263304961,394.82640431456826,311.62147798407216,68.89423076923077,0.13954351499386092,0.12077648252871936,-2.196576805298759,6.0687305400853555,0.034888994182390325,0.03426694778336839,28.923009798677946,0.058082480489044776,-3.2104913059096503,72.45949926362297,0.024941798466848717,-2.0980039214980146,64.78149100257069,0.04350242462696321,-1.1687388170493695,70.14446227929373,0.03497390109246263,174.7024064400103,194.28571428571428,182.5176702156214,2,0.04281921726470855,0.5000000000000018,0.5000000000000018,0.9000000000000021,1,0,0.10936028089406535
0800,32.1,4.2890000000000015,187.6808298379248,58.156631062256885,72.55916917534321,391.019346214659,318.4601770393158,84.67289719626169,-0.05033387313958728,-0.30192874369107875,1.815608873545843,4.750778557527796,0.0394944481188743,0.034095962548987786,39.01166172859731,-0.15542933000529568,1.9725908110724386,84.8619768477293,0.04080256198520854,2.0577004454491874,85.5072463768116,0.0412887306544001,1.300619853753323,83.36980306345733,0.035584486099109434,183.02234191651323,208.125,193.10504798631445,6,0.05221358102723351,0.3166666666666667,0.29999999999999893,0.5,0,0,0.11786528896094976
0801,38.2,4.275999999999996,205.54596694658963,53.75494958147311,82.1758358234319,394.6275045490692,312.4516687256373,85.07853403141361,-0.017679403422505735,-0.02753803382158319,0.9911546777808653,4.136293077564996,0.041438192605729014,0.03291973642566104,32.57087697050413,0.07146629942775262,1.5515042416868938,83.74805598755832,0.03680362682165207,0.46788865584685513,86.21745788667688,0.04248922150303156,0.9774976198734181,85.26058631921823,0.04517386675755786,145.49392598173085,154.5,153.44125533816666,9,0.05179395423297869,0.24444444444444477,0.3000000000000007,0.3999999999999986,0,0,0.10066861286373473
0802,19.5,12.082999999999998,151.47688705244911,68.78470221321501,76.82793278777801,395.0334377450327,318.2055049572547,92.0,-0.04986664259088148,-0.15545186610748202,1.7549902503280836,5.464716436999347,0.048707943441942,0.043843016778165954,48.7366345524081,0.25402292978179253,1.9059455727683132,90.83728278041075,0.037102867268473984,1.870823189317152,89.8236092265943,0.056036236714679756,1.4614880671792596,96.03448275862068,0.052061497020903236,96.88756609568439,109.28571428571429,140.47651838589726,12,0.310293512332584,0.8166666666666668,0.5,2.900000000000002,6,4,0.3825792356647563
0803,13.2,2.9179999999999993,208.89921538138918,77.45255847043363,95.13104034674667,392.05560936655843,296.92456901981177,90.53030303030303,0.013669624094075945,-1.025392774876372,3.1853869714420218,5.832487313619397,0.06683825119303104,0.05377268446995464,50.97093788086042,0.29352493525727863,3.0314015584606593,83.48214285714286,0.050481311297216426,2.811712487497416,95.66074950690336,0.07537613190231889,3.8961687249186974,92.05479452054794,0.07505524723060916,115.39893287008314,124.0,127.24038856204682,5,0.09306365554038974,0.3000000000000004,0.2999999999999998,0.5,0,0,0.18103983124457126
0804,22.999999999999996,8.191000000000003,174.9030509226711,76.74772259396764,74.2081611608005,394.2357661411853,320.0276049803848,77.73913043478261,0.026947538279493942,0.3326217138822311,-0.4899489736961487,7.179932969044968,0.03405117717053972,0.03454416212764753,37.830996721705546,-0.3671003397907981,-0.5981685068277771,81.89189189189189,0.04734053688147987,-0.2909011440514701,80.33333333333333,0.031469998617276,-0.6606037531195385,69.54545454545455,0.022670774915754352,125.03606809656632,144.44444444444446,141.3504403609873,11,0.11541790901221519,0.3272727272727276,0.29999999999999893,0.6999999999999993,2,0,0.2626078035330705
0806,26.662,9.100000000000001,165.02198046523233,45.61401590647077,65.21680595702686,388.78115581067965,323.5643498536528,60.56285178236398,-0.0043005273383926014,-0.02938782802457611,-1.2045632831460844,5.1549689861040235,0.02092495600987353,0.019564476822476473,25.058128897116934,0.15814377379934458,-1.0478835761966847,57.096424702058506,0.015426487651043347,-1.3407135928604628,59.85576923076923,0.022097445390637384,-1.229635186922949,64.72527472527473,0.025419002839781206,142.60947374307923,150.0,183.04500753714737,16,0.2209048710922208,0.49375,0.44999999999999996,1.0999999999999996,6,1,0.25446004138471007
0808,19.4,0.767000000000003,201.829081364127,67.46798413038557,68.2246145738898,393.8705693300152,325.64595475612543,84.12371134020619,-0.20929883908785987,-0.20909487312057692,-0.22268679974143643,5.690138060073046,0.04291930789899757,0.038169884115417316,39.803633442958144,0.18149078951170478,1.270992805303548,83.2579185520362,0.03652858883699254,-0.05132977366575694,80.37383177570094,0.05163817939633119,-1.8413594370461916,88.81889763779527,0.04075304277500043,160.65850151237169,170.52631578947367,163.08451200483213,1,0.014875787177071487,0.3000000000000007,0.3000000000000007,0.3000000000000007,0,0,0.03803242921604616
0809,44.19999999999999,3.997000000000014,202.48727992756608,67.14085212117529,74.35478520148568,394.923065382381,320.56828018089533,82.71493212669682,-0.020187189014056472,-0.060909138026432184,2.2860786362792425,5.189881871926883,0.0392272679763459,0.036778496795275506,39.15834346424147,-0.11333037232896905,2.1580772343531054,81.38117806364252,0.047274207846751196,2.9426602603694474,85.25845564773452,0.03611990824401751,1.6390881490974034,81.25,0.034129806213265036,175.52959727783886,183.91304347826087,184.7282573094308,11,0.049795630433429695,0.21818181818181917,0.1999999999999993,0.4000000000000057,0,0,0.08293047285100762
0811,42.3,1.3510000000000062,247.82546105067297,52.07590365146453,75.20958148203917,394.9935840485161,319.78400256647694,85.41371158392434,-0.010590788070817377,0.1509601325275937,0.9235275975567586,3.4390253106668935,0.0438257598922061,0.043715120463758986,37.85436455087735,-0.08243670231558524,1.1202236103465455,83.74827109266943,0.05395979445874204,0.8878583620198697,86.4259927797834,0.03739782846357252,0.7612846128673179,86.13295210864904,0.03972504923507257,153.94836315319236,176.8421052631579,156.45735838513656,2,0.0160362878284576,0.3500000000000014,0.3500000000000014,0.6000000000000014,1,0,0.03095003550892319
0813,24.599999999999994,5.494000000000007,252.21051246821102,77.20325655612602,96.14470413902629,394.8750812722154,298.7303771331891,87.72357723577235,0.09401797859342102,0.13841357151520275,-1.1101001772082444,5.590815797275742,0.05789134359504082,0.0514210298840405,61.254095006669075,-0.16126365589122477,-1.709418536827589,90.93198992443325,0.05814047050733562,-1.2878368935311153,85.52915766738661,0.05918128890511564,-0.21961052662923733,87.02702702702703,0.056008455833028464,129.59393899116102,144.44444444444446,143.94330848158268,11,0.0996876453778164,0.2727272727272733,0.20000000000000284,0.8000000000000007,1,0,0.18256130790190758
0817,23.2,4.856000000000002,194.48976400225015,83.71782767449793,93.58229323470881,394.35946115517993,300.77716792047113,80.81896551724138,-0.14397438520212494,-0.15559612254602428,2.6301746513474495,7.055891490648439,0.033445078296976044,0.03446128773046732,45.34161510458919,-0.10068588592741039,3.5687698523961378,85.678391959799,0.03412825551548665,3.269535906173977,80.35502958579882,0.034404228761397836,0.5401975713038367,75.69955817378498,0.0314501339941531,177.5021385799829,199.2,194.10664172123478,10,0.08554319931565438,0.23999999999999994,0.1999999999999995,0.5,0,0,0.1730824066153408
0819,30.699999999999996,4.226000000000006,229.67262796983024,39.46094871755347,83.97053850030997,394.83852777538726,310.8679892750773,83.0944625407166,-0.0413968698774133,-0.17206846509670465,0.5701677212012007,2.8519917144943476,0.06385485820775505,0.05531485233141584,54.38231651032964,0.016851579698544946,0.8160405196937939,88.97560975609755,0.06332730163322785,0.791187559512481,79.15129151291512,0.06118447097323252,0.04024324809451261,81.26951092611863,0.06743195298587452,146.02302009963924,159.375,159.7444089456869,6,0.0858958941762584,0.5000000000000001,0.4999999999999991,0.8000000000000007,3,0,0.1209986829296228
0820,54.7,4.415999999999997,233.6591959370875,69.17677285729441,70.95427676854655,394.7279165726788,323.77363980413224,83.6928702010969,-0.018521284786597703,0.057146744136754114,1.4897351476431726,4.863744148094436,0.041469568660462475,0.03691657435625613,33.3404977789582,-0.004691592685199307,1.8925609874960232,83.0313014827018,0.04079006760556561,1.4220539137227446,87.07482993197279,0.04356536183953886,1.1356330815847429,80.66743383199079,0.03987923309343045,172.5421205764937,178.94736842105263,182.4164818656556,9,0.05413086135733123,0.3555555555555548,0.1999999999999993,1.1999999999999957,2,1,0.07470058867311721
0821,25.8,5.573999999999998,222.1439412762418,56.99689672761717,69.21386535856243,391.9761341363919,322.7622687778295,75.0,0.0038746876536138106,-0.07558937038133193,0.7731256847183972,4.090108983657044,0.02765455720839249,0.02871850870992063,29.367925565029893,-0.03773155112052696,0.5818752770988983,75.93457943925233,0.02421502366416633,0.8757118588652696,77.29257641921397,0.033680034330107314,0.8626954484214969,71.41089108910892,0.024467556800430616,107.09504685408301,124.44444444444444,116.77208591089178,8,0.0828711672085166,0.32499999999999996,0.29999999999999805,0.6999999999999993,1,0,0.17766303308471978
0822,49.0,4.289999999999999,190.80457520147638,55.50836673540048,69.81037160115757,394.4381442980575,324.62777269689997,72.22448979591837,-0.005922230981082404,0.08901204011742796,-1.7727102467322966,5.630782548188205,0.03592638059859767,0.033255756471213156,30.78542114852832,0.03617412612844923,-1.4466556283905452,71.81129877693651,0.034411014061339326,-2.254403372954514,68.73576309794989,0.03403636137511246,-1.609490720858925,77.01471618780658,0.04007547527337877,185.77594295364983,194.11764705882354,193.3971478804454,6,0.03940701820228932,0.34999999999999964,0.3500000000000014,0.7000000000000028,1,0,0.08050290861324826
0823,15.700000000000001,3.135,257.058640847232,74.27973264884751,69.61051157024907,393.9872796637912,324.3767680935421,71.40127388535032,0.05340960191484176,-0.09189139303066841,-2.851069006107763,5.752242035374328,0.03348205779766852,0.027346040752437403,23.489430826053493,0.03313175925465193,-2.5750324927582846,78.57142857142857,0.0317603133985494,-4.196344325481257,63.3445945945946,0.027551251954990807,-1.910099294971316,74.83333333333333,0.040418485200555555,127.4223520042474,160.0,130.18714401952806,3,0.021237058667374586,0.13333333333333344,0.09999999999999964,0.20000000000000107,0,0,0.16644544730554817
0824,37.000000000000014,8.218999999999987,269.78386624417584,55.46156854775388,74.9055100325945,394.56558090851047,319.66007087591595,85.78378378378379,-0.014940231972470639,-0.01741862559048445,0.7850726327976483,3.6663596449782347,0.03858580226551402,0.034621246666672566,45.88478318949062,-0.062411343549941795,1.0984229946455497,89.25318761384335,0.04003159268468311,0.4621231245751184,83.861459100958,0.03846771710140241,0.8423010283907312,84.81927710843374,0.037439427717282515,103.49631791945863,108.83720930232558,119.63495999386483,16,0.1348990468608326,0.3812499999999993,0.30000000000000027,0.8999999999999995,4,0,0.1817598796965874
0826,22.200000000000003,6.038999999999998,190.30285058950042,82.75684991370926,70.67828641167917,395.0211431503824,324.34285673870323,77.02702702702703,-0.026732793895894464,-0.052346087212715386,-0.8570278469170266,7.841431458589627,0.03902256004288216,0.04321977735059975,35.849100541985884,-0.3465546425056069,-0.18278718967871677,75.85714285714286,0.049998349597810035,-1.506373429558989,82.92367399741268,0.045524579116038695,-0.748833182456143,72.02141900937082,0.02200902131195911,146.60575799426326,153.33333333333334,173.6650027266244,12,0.15581288289245354,0.3666666666666663,0.30000000000000027,0.8000000000000007,2,0,0.21385318176989263
0828,50.099999999999994,6.456000000000003,228.60568795831566,73.41064732236076,66.66936369245397,394.89437714567754,328.2250134532236,81.59680638722556,0.02292011205427569,0.02841608846445231,1.8426488304193627,5.163381459472784,0.040462259549550794,0.03572794671249583,33.43241002532197,-0.027175141191901172,1.4883687994694943,84.56221198156682,0.0407003245398473,1.682664163920137,81.88034188034187,0.03926829769652811,2.4766142160438718,77.88018433179724,0.04157059019849312,171.8650541056652,190.58823529411765,183.2026537997588,13,0.06188556474998245,0.2692307692307698,0.20000000000000284,0.5999999999999996,1,0,0.11415234457882459
0829,39.7,8.887999999999998,269.9577799401169,52.914853876015954,73.41600106263068,394.69680755613507,321.2808064935044,89.49622166246851,-0.004582631901388618,0.013547373075207638,0.5977134113745007,3.4238895187627225,0.04289044773953983,0.03793709830135089,46.79858842901939,0.01430530470845011,0.3901995475167546,86.16,0.04045601675782035,1.0199775188622584,91.0,0.04673039058334435,0.38422075260943894,91.05633802816901,0.0415216602469623,114.8431711533712,126.81818181818181,126.56505171475229,13,0.09261546060755735,0.34615384615384587,0.29999999999999716,1.0,2,0,0.18292582530666004
0831,16.599999999999998,14.382000000000001,170.630273001354,60.15104461194316,66.44171160062773,393.9283768436564,327.48666524302865,61.686746987951814,0.015035865703381812,0.40559185377366763,-0.8600261208243452,6.111350608820567,0.02977310806672938,0.026723107102176583,27.267250318486205,-0.008867802988398453,-0.914663203217705,57.11835334476844,0.022985415900751784,-1.1311540729504792,66.20450606585788,0.03830005765598452,-0.4659645475260538,61.8,0.027847457306258806,91.02059260215609,108.46153846153847,145.49582086471986,9,0.374410948292557,1.288888888888889,1.1000000000000014,3.0999999999999996,6,6,0.46420502227099614
0832,18.1,11.026999999999997,153.37628386400658,71.72046700230256,78.42387409044508,394.4007386915941,315.97686460114903,87.45856353591161,-0.06284953647360562,0.4315724812006163,2.269280695561924,5.984914913347418,0.03721708612650923,0.03357234705380767,48.78022092725804,0.08464591654139982,3.0216104863234237,95.00805152979066,0.031363522940318474,1.7124555242239552,87.48335552596538,0.04561295366982382,2.0370174843112108,76.71232876712328,0.031120661956635265,94.75744154907818,120.0,128.21108375528405,11,0.2609262883235486,0.6909090909090909,0.5,1.9000000000000021,5,2,0.3785834449136539
0834,21.700000000000003,1.862999999999996,208.99368290121598,68.46516812507221,69.1012000246524,395.0579564617099,325.9567564370575,85.02304147465438,0.06826585085021065,-0.3575365903544928,-0.7867863551590365,5.640531008676777,0.042818550812833124,0.03887957349411711,42.72984608971007,-0.29403211982568433,-1.8810333001299417,86.77685950413223,0.05023873734957975,0.32463644388785967,86.45161290322581,0.04280386054235091,-0.8882133276906878,81.46487294469357,0.03478316895027057,147.68917370453678,165.71428571428572,153.5542514230243,4,0.03819547595806982,0.22499999999999976,0.10000000000000075,0.5999999999999979,1,0,0.07906463523320444
0835,22.299999999999997,4.319000000000003,207.12993395257035,57.03305451276925,86.4954542913122,392.5045084190729,306.0090541277607,74.57399103139014,-0.010537533867950656,0.05630997288911518,1.5238340825715944,4.14846077602245,0.02038495103981075,0.018294991928900817,24.965147373456293,0.2521252198286459,1.953178454783311,71.40718562874251,0.014548474596248195,1.3325836312867716,76.73888255416192,0.02321540267822574,1.375518854832212,74.8905109489051,0.02245277611632147,128.4796573875803,148.69565217391303,138.3551114527287,6,0.07137758743754469,0.31666666666666704,0.2999999999999998,0.7000000000000028,1,0,0.16225252639092388
0837,18.500000000000004,2.8429999999999964,206.53905761511876,73.67907386732722,69.24970173988909,394.70510005393106,325.455398314042,71.78378378378379,-0.03936054238191747,0.7862379973078013,1.5049751685151707,6.175440521983474,0.02458191981851624,0.02000940710696082,20.482391830867485,-0.265082207076474,1.8938971487213625,68.6046511627907,0.02571235882325289,1.559286300811659,76.06461086637299,0.028323374083674333,1.029514351500717,70.01763668430335,0.01888799629924971,146.1837604835309,156.0,160.46906341613948,3,0.08902216183291935,0.6333333333333325,0.29999999999999893,1.3999999999999986,1,1,0.1332052663636788
0839,48.40000000000001,4.3419999999999845,210.12921131472143,70.29285860635616,77.11817877895064,394.61718198012574,317.4990032011751,83.59504132231405,0.004262840122704891,-0.1840800896134679,2.150666111033294,5.23098571588962,0.03926412329264207,0.03315582604156515,39.682333169425014,-0.08150573846795657,1.6567807534038617,84.90113840623128,0.040650543825719254,2.8134172191834748,84.65227817745803,0.043743855793572047,1.9567720987513306,80.97139055222888,0.03275830995439477,168.366766523833,181.22448979591837,178.5211692332435,14,0.05688066436615964,0.2142857142857137,0.1999999999999993,0.5,0,0,0.08232528155928832
0840,21.3,3.6479999999999997,210.66802860022307,75.40613402236745,90.87740900554552,394.6515724492765,303.77416344373097,79.67136150234741,-0.03356900150490029,-0.73586378383977,-0.9379054332190582,6.420312826155005,0.03481438659687551,0.03448334524301959,44.82648357921482,-0.2433730290060433,-0.5850085722557079,83.37765957446808,0.03990869162911613,-1.113089280600414,80.44041450777202,0.03079158721473815,-1.1884113632863158,74.0924092409241,0.03361283954478814,158.73015873015873,180.0,168.16714795311705,6,0.0561167227833895,0.23333333333333353,0.24999999999999956,0.40000000000000036,0,0,0.1462241462241462
0841,33.60000000000001,5.871999999999993,255.18701252658553,73.25169491952374,121.3140596264381,394.91757942428836,273.60351979785025,87.02380952380952,0.011503546985516038,-0.02977783215156211,-1.8622801636505204,5.365380049738981,0.06129734237602052,0.051109974813248076,55.14185712315792,-0.18999933189655988,-1.9350687544019585,90.23722627737226,0.0649629631002551,-1.9463195719347752,87.29096989966555,0.060821719936164094,-1.6830152270602465,83.42696629213484,0.05806824511413588,129.2055127685448,145.71428571428572,140.21774991751894,13,0.07853668423186039,0.23846153846153795,0.1999999999999993,0.5999999999999979,1,0,0.1487636805837047
0842,18.500000000000004,2.8429999999999964,206.53905761511876,73.67907386732722,69.24970173988909,394.70510005393106,325.455398314042,71.78378378378379,-0.03936054238191747,0.7862379973078013,1.5049751685151707,6.175440521983474,0.02458191981851624,0.02000940710696082,20.482391830867485,-0.265082207076474,1.8938971487213625,68.6046511627907,0.02571235882325289,1.559286300811659,76.06461086637299,0.028323374083674333,1.029514351500717,70.01763668430335,0.01888799629924971,146.1837604835309,156.0,160.46906341613948,3,0.08902216183291935,0.6333333333333325,0.29999999999999893,1.3999999999999986,1,1,0.1332052663636788
0843,43.49999999999999,4.801000000000009,207.14586260696296,52.55287706744207,70.45568483455469,394.8570788209785,324.4013939864238,81.83490457576454,-0.03682135256601476,-0.03419616135090087,0.7123695424388934,4.027311087536411,0.04025479493769133,0.03305501379338226,34.2249887759738,0.08235045684461731,1.5727191992630207,75.95944967414917,0.032689365934657454,0.3924447597977486,83.52941176470588,0.042889801399509944,0.31168535591849894,85.67454798331015,0.04470839614519951,137.88534398873728,151.36363636363637,149.65955821217503,10,0.07867331939297335,0.3800000000000006,0.30000000000000426,0.7999999999999989,2,0,0.09939752800149083
0846,36.0,1.4600000000000009,246.84728655788564,53.761766276355274,73.02360450272673,395.02422410895093,322.0006196062242,86.30555555555556,-0.018328559171850483,-0.026697921774667798,1.1929742736727307,3.4701423126310367,0.04267558892997264,0.03675437784973472,36.29887464784125,-0.03103522656785792,1.4585139128503675,85.4353132628153,0.04267837697212965,1.0337877699058904,88.07045636509207,0.04603684876748913,1.0846028348085768,85.29411764705883,0.03893081170994673,166.57768286171915,178.28571428571428,168.83116883116884,1,0.013347570742124932,0.5,0.5,0.5,0,0,0.03897490656700483
0849,15.0,2.6069999999999993,216.96517640530527,77.4644426718988,98.311930755247,394.92227770335205,296.6103469481051,90.52701801200801,0.2050210241523215,-0.047735123144206366,1.5343809611336163,5.929877939463083,0.06572752942793826,0.054637647883162624,55.16966783198831,-0.2899264982412045,0.023435066718832727,91.91489361702128,0.06964577369368823,2.331777684607635,89.33823529411765,0.06114319968165769,2.1384671086935563,90.51546391752578,0.06706971168529247,92.00886011245528,108.0,103.79957711283399,5,0.11359118532401889,0.4000000000000001,0.3999999999999999,0.6000000000000014,1,0,0.14806611006985854
0850,33.50000000000001,3.9339999999999904,191.85921618480745,55.48164776846543,73.26427759163789,394.0921919928431,320.8279144012052,73.28358208955224,-0.041956355414584076,-0.11784188395224995,-1.4077922195619077,5.479104153383449,0.03198669143332313,0.031906556171148445,30.953194565890453,-0.10428161490791209,-0.7467352423014588,75.19083969465649,0.03408311480417912,-1.4214986441852213,75.30224525043178,0.03850544599797709,-2.0479946042282013,69.49300699300699,0.023467662168877006,195.54415771758295,215.2941176470588,205.9998874317555,6,0.050755997221776886,0.316666666666666,0.1500000000000008,0.8999999999999986,1,0,0.10509162793182643
0857,36.39999999999999,7.382000000000005,211.84498577769614,36.25799333840751,68.13830984029994,394.59591764345305,326.4576078031531,76.92307692307693,-0.03502487961378918,-0.13992769626169888,0.15779348500954724,2.817120908318004,0.033630254464485525,0.028285356983092064,28.291398557687273,-0.014279630610114677,0.6154520126422192,80.97744360902256,0.03562488905963909,-0.07624527925764606,71.89109639440765,0.03145226839034195,-0.19641879591718178,78.44374342797056,0.03395309259614361,116.48622721666439,121.42857142857143,135.3431346531501,10,0.13932666392581444,0.6100000000000008,0.3999999999999999,2.700000000000003,2,1,0.16860810378694455
0858,52.295000000000016,7.499999999999986,215.1598464295668,52.4706385763619,81.41527235538292,394.28142821005275,312.86615585466984,82.26855394032134,0.0047609678014191945,-0.02224677097267003,-0.1926891164548048,4.573567876699212,0.038277283862332444,0.03403750789655197,44.02517730496253,0.07935463358138548,-0.4878006592194429,81.27802690582959,0.03187923031721293,0.027618024311261365,82.06616366802089,0.04019307393723971,-0.11168881028534909,83.49796629866357,0.042983966430165166,126.43197591771887,130.3448275862069,141.8519560934421,20,0.1087047411990967,0.3249999999999994,0.29999999999999805,0.7000000000000028,3,0,0.12542854753741928
0859,11.1,2.484,206.46387105141557,102.04533141902901,97.35127247542884,394.724203754166,297.37293127873716,76.03603603603604,-0.38827797663749125,-2.9125545735003744,3.1623994529811927,8.02917530005436,0.031218069960903757,0.02546460833710091,36.911120450265436,-0.30373273612922524,5.608671223639996,71.08108108108108,0.033135104531510855,1.0260495810276222,85.60606060606061,0.0339288543211426,3.4965032997125793,70.34883720930233,0.026035589153406077,132.5088339222615,163.63636363636363,145.34883720930233,3,0.08833922261484108,0.40000000000000036,0.40000000000000036,0.40000000000000036,0,0,0.18286219081272084
0861,9.4,8.493999999999998,149.00497904220185,49.18825302278925,68.03856086702213,386.2932036319802,318.2546427649581,64.7872340425532,0.03861046855084523,2.1162989195048456,2.0054669323103496,4.390505440872417,0.011888344943521941,0.014127971420606913,132.21269940167906,-0.7938698253985298,2.044495603667858,61.83574879227053,0.019060436918941916,1.9035567450987863,65.0190114068441,0.008554813454978398,2.2202699113937565,67.14975845410628,0.013186965832710193,93.88621884430536,129.23076923076923,117.53183153770814,5,0.20118475466636862,0.72,0.6999999999999993,1.5999999999999996,3,1,0.47468425170448186
0862,18.800000000000004,3.325999999999997,160.64510316733498,58.535247728506626,77.92335852667344,394.89917983521764,316.9758213085442,71.38297872340425,0.05178639337756173,0.33034007771481755,0.3133627928773022,5.926275752668618,0.036153915669899575,0.03441388397683525,33.25957861939858,-0.10173491104959004,0.30171401593217434,77.18978102189782,0.03847332387069916,-0.27325802075309197,72.68518518518519,0.039611861109892836,0.9410990336534285,65.49707602339181,0.031032271299514438,141.01057579318447,156.0,149.812734082397,4,0.058754406580493364,0.32499999999999907,0.2999999999999994,0.5999999999999996,1,0,0.15032088945132407
0866,17.599999999999998,2.828000000000003,268.01647096601783,54.028645202107036,84.28563754528614,394.45350623745105,310.1678686921649,80.68181818181817,-0.01236067880753518,-0.14986623342408606,0.027418612888946006,3.9348934170507235,0.03765694772751448,0.0436189852024525,39.21949508564882,-0.4931271455715506,-0.03855807147170861,80.3921568627451,0.05164050572052844,0.49056979125315703,81.21827411167513,0.03806318928727778,-0.3663586488046453,80.42763157894737,0.02435947273425637,146.85725474838458,166.66666666666666,155.21523178807948,4,0.0538476600744077,0.27500000000000013,0.1499999999999999,0.7000000000000011,1,0,0.13843743880947731
0867,36.79999999999999,13.72100000000001,147.4264842368456,57.73039685930153,79.21307933899097,391.8107093650335,312.59763002604257,69.78260869565217,-0.01491079624831006,-0.16449901504772071,3.3911254230973387,6.442918208049601,0.03229080496568506,0.03014419364267851,29.505295941200657,-0.01545325282154098,3.8916504302450265,70.61068702290076,0.03163886545350928,3.167737170006074,71.35338345864662,0.03327700497693922,3.029468104036819,66.73076923076923,0.03185079991374488,124.70061954434789,136.95652173913044,158.60627879459233,23,0.21377249064745368,0.4695652173913047,0.3999999999999986,1.3000000000000043,8,1,0.2715900318679363
0870,15.699999999999998,5.303000000000003,160.6960447634145,77.64486159053521,65.35542927492362,394.7326504750978,329.3772212001742,76.24203821656052,-0.017075854544369003,-0.2439830178154258,3.7529322545797306,7.0540641419123915,0.03263335220803457,0.02758040661104473,33.87639119771687,-0.1344151672495769,2.5901311687455086,79.15742793791574,0.040482616175763916,5.389661430858273,75.3125,0.02692206702255276,2.7088443346818543,74.73903966597078,0.03288971415226407,91.41551206970433,112.94117647058823,101.57117917790828,5,0.09998571632623918,0.42000000000000026,0.40000000000000036,0.5999999999999996,1,0,0.2524877398466887
0871,11.581,3.0999999999999996,226.59064736810095,58.24429780660631,83.38111503376147,391.8327021116155,308.451587077854,75.62662057044079,-0.08873799262163785,0.2688770923851747,1.2594951820103713,4.021504016800441,0.03543790209570581,0.03516975795044356,49.884010394409174,-0.16880107202437233,1.7484706002880572,71.37931034482759,0.0294390458883064,1.7053458953406948,74.25968109339408,0.04693219477546349,0.5385441757847378,79.90654205607477,0.027712840912837156,155.3027722907159,175.3846153846154,167.8815992931301,3,0.07492677610516993,0.36666666666666653,0.2999999999999998,0.5999999999999996,1,0,0.21115727811456983
0872,16.8,3.1579999999999977,226.40691516770713,47.47948800340624,77.258414310643,394.9218692832931,317.66345497265013,84.52380952380952,-0.041790204662052265,-0.6045154625395917,0.3577333785211935,3.415334875124604,0.03512799385668588,0.029014527526230616,34.064431725401725,-0.13078483213509326,0.33493279104501017,84.89208633093526,0.03444150106736566,0.5310079141740593,83.96694214876032,0.040737237549924026,0.18213886301460872,84.77842003853564,0.02932471361863761,117.24621705581723,137.64705882352942,125.41537142244613,2,0.06513678725323174,0.6499999999999995,0.6499999999999995,0.6999999999999993,2,0,0.1582322878043891
0873,16.296,2.8000000000000007,240.26769176759655,70.74589264396808,78.71612969972384,394.6013299705797,315.8852002708559,87.53071253071253,-0.07659417639998406,-0.019930907689792856,-0.6109366285395985,5.279977597424254,0.04636017556863719,0.059939762812910156,53.151183058646616,-0.21741231385386525,-0.028617196279484083,87.04061895551257,0.04557737663586756,-0.5538655123555007,89.77853492333901,0.0558300788391713,-1.262990697169221,85.49618320610686,0.03657946022968074,169.66904063678257,190.58823529411765,185.18518518518516,6,0.08378718056137405,0.26666666666666644,0.25000000000000044,0.40000000000000036,0,0,0.14662756598240473
0874,48.8,6.241,271.786186227109,56.24411870641256,98.74083642854855,394.8212873380056,296.08045090945706,76.14754098360656,-0.001655845890483202,-0.04680888353858751,0.15354773801300978,3.667534771341323,0.03609777454610529,0.033476102736475145,42.89356685950638,-0.029611441475024092,0.23550398742418052,77.15170278637771,0.03947660137169004,0.14491125620916467,75.28358208955224,0.03495419256261931,0.07809125892974259,76.0377358490566,0.0338705383819667,114.46012972148036,128.57142857142858,119.67857753462131,10,0.04360385894151627,0.23999999999999969,0.10000000000000142,0.8000000000000007,1,0,0.11338820152250141
0875,5.6,1.3230000000000004,249.4551870118949,66.98884302581816,127.12902072741502,394.5630722241152,267.4340514967002,91.42857142857143,-0.4101173776954455,-2.1687838666880834,-2.33046156245724,5.230604007481467,0.09826495933085752,0.10928446119852958,65.01658400905833,-3.8793331751776905,-2.63037140534591,95.41984732824427,0.2530018909844638,-1.1968596742244226,84.27947598253274,0.05423563864951854,-3.2649792638379114,97.0,0.0473258412778785,112.66791853242813,130.0,117.77140268760381,1,0.04333381482016477,0.3000000000000007,0.3000000000000007,0.3000000000000007,0,0,0.19110212335692625
0877,40.7,16.273999999999994,210.71276437027998,78.57045843214352,68.32140463169543,395.04515851805627,326.72375388636084,83.66093366093365,-0.07014345134902561,-0.14417468844715883,1.9072748310669363,6.422059878447105,0.03823445230959973,0.029678196920465638,31.571747334400136,-0.02263766319665042,2.802305848705026,84.01360544217687,0.038136726044149145,2.217582749272896,84.36522826766729,0.04132376694959612,0.0510401313801158,82.01798201798202,0.03343990331854345,94.78007512198548,114.8936170212766,121.41925619463056,15,0.21939832204163298,0.8333333333333331,0.6000000000000014,2.700000000000003,8,5,0.2856390634324428
0878,21.4,6.891000000000002,172.09842874233203,59.81366102290653,72.48957447481682,381.8963943528168,309.40681987799996,74.81308411214953,0.1466794018928469,0.5938816561066493,2.374723589160985,5.667467309300528,0.03358975120722363,0.03181961670429654,32.022289867547045,-0.16670855355003775,1.0136524356797962,70.64220183486239,0.036678203100092115,2.8211494469778464,77.82909930715935,0.034150901820815566,3.0799361584937697,75.0,0.029552208194276307,127.24894842882895,156.52173913043478,143.47774102267746,8,0.11311017638118141,0.4000000000000004,0.3500000000000003,0.7999999999999998,2,0,0.24357569545085014
0879,5.8999999999999995,2.695000000000001,200.55852791213147,81.17578015381532,105.80945288332973,390.30384765901994,284.49439477569024,70.33898305084746,-0.6440494941186115,-0.861773159550508,1.1166285349118021,6.485094158474944,0.03278846347000113,0.029081440267986546,37.15336128380675,-0.9947776860805448,2.7758026208438125,75.93582887700535,0.04239945873105275,1.0426875096364354,63.82113821138211,0.028785977319753766,-0.8143540446926195,73.88535031847134,0.027612383719327237,111.69284467713786,137.14285714285714,120.0750469043152,2,0.06980802792321122,0.30000000000000027,0.30000000000000027,0.40000000000000036,0,0,0.3135543920884236
0880,11.299999999999999,3.434000000000001,226.45703939734432,82.44621653672908,109.48692200443249,391.55906432604957,282.0721423216171,59.469026548672566,-0.09904823247817114,-1.7111744165114164,-1.7754771033982013,6.761731328359298,0.030782664493160795,0.034140074677599476,28.328344589450296,0.0061299352058893156,-1.379760516399431,63.87434554973822,0.03143460723145436,-1.8762534897183543,52.00892857142857,0.024857281796168224,-2.150215304501301,65.0,0.0388230199853602,109.94977602823401,135.0,117.10279022697702,3,0.06108320890457445,0.3,0.2999999999999998,0.5,0,0,0.2330663770870097
0883,11.100000000000001,2.9019999999999992,160.13656551061104,79.45715438497497,76.63559974163118,393.9024883819685,317.26688864033736,68.01801801801803,0.36630193239140874,-0.18049677229011726,2.935081736637303,7.305829355810138,0.03058467658376705,0.029072033626277513,55.27872673301616,-0.6814220933231989,2.601164693380589,67.003367003367,0.03303751426098979,2.131960538839214,80.76062639821029,0.03875214260617008,4.762652218756256,53.278688524590166,0.01861923914620064,128.5530638480217,150.0,141.70996693434103,5,0.09284387944579335,0.2599999999999997,0.2999999999999998,0.39999999999999947,0,0,0.20725610627053273
0884,50.9,6.126000000000005,269.60512614726946,57.541126944058014,72.61306994404798,394.30157082698685,321.68850088293885,77.72102161100196,0.000760059623879065,-0.020835305713359953,-0.7307478254997443,4.382362773546681,0.03463946237559421,0.03472098814151252,37.6544888446515,0.03426324985517533,-0.8989210538049103,76.49599012954965,0.033230023986548146,-0.6088843273267056,79.39698492462311,0.03536228156401194,-0.7035106472181794,77.11561382598332,0.03522952820526496,180.9700838214148,198.46153846153845,191.72890424701814,12,0.05611475467330689,0.26666666666666655,0.25,0.7000000000000028,1,0,0.107424683477712
0887,38.575,6.799999999999997,227.38506251659044,56.50669312574497,80.33390169642594,393.91791590532995,313.584014208904,79.71991701244814,-0.028895844194265694,-0.1431479338696675,-1.9011738092799515,5.408185857610607,0.028198405416826604,0.025999004608873152,28.945724477867426,0.026289074133732392,-1.533506065845347,74.76948868398995,0.026681523044979366,-1.6018783963804601,80.316091954023,0.03015298421639223,-2.5238917592473378,83.71361132966169,0.0274821058732876,158.67768595041323,180.0,180.11257035647276,15,0.11900826446280977,0.35999999999999954,0.3000000000000007,0.7999999999999989,2,0,0.149862258953168
0888,18.499999999999996,2.2160000000000046,170.59423363428166,60.22622429160551,67.98466550212187,393.6823991792798,325.69773367715794,78.0,0.10745056399293458,0.5951817134297285,1.6034694943981722,5.982412435532952,0.038175260445676054,0.031068020192440343,35.05503760917057,0.13717124447817647,0.13937246849555404,74.46808510638297,0.04004741886553161,3.1199192980654056,73.57910906298002,0.031045541376714874,1.4851682975987348,86.56462585034014,0.044101285233949426,141.91928943811547,154.73684210526315,146.88249400479617,3,0.03379030700907521,0.23333333333333406,0.20000000000000107,0.30000000000000004,0,0,0.10697045761730085
0889,43.10000000000001,8.126999999999988,187.32009061281664,85.81965494861444,75.31700822730662,394.9828392425857,319.6658310152791,77.7262180974478,-0.01802241247173719,-0.1301034772783546,2.5265310346307146,7.523912887934335,0.037856577533586074,0.039497698855718306,36.360212640459665,-0.09407986987537963,3.0548652474872964,80.45897079276773,0.04275720005694299,2.2859687929814485,76.7253044654939,0.03840847426741178,2.2069039314722665,75.96843615494979,0.03222055841928656,137.03710933687313,143.26530612244898,155.5609723668757,12,0.11907783005055914,0.5083333333333327,0.5,0.8999999999999986,6,0,0.15864680734768752
0890,44.9,5.386000000000003,197.9868938961642,68.39681030607144,67.59833914223309,394.8964438260243,327.2981046837912,66.05790645879732,0.015857640200785752,0.07757779719236038,0.8716757578534033,5.466585475435489,0.023351684396756923,0.024072998047429718,26.464249371354786,0.014628177586809706,0.9563256539454867,66.79511881824021,0.022240665209260768,0.2562649600768383,65.8203125,0.024807608829736167,1.4554401563412076,65.4974946313529,0.022987325056925086,174.20355566161555,186.38297872340425,188.443832551736,11,0.07556775245595197,0.3454545454545455,0.3000000000000007,0.5,0,0,0.1071073459809888
0892,17.299999999999997,4.043000000000003,247.15691465355826,75.75106392475111,99.6366470672353,394.3067995772173,294.670152509982,78.95953757225433,-0.06660466188053372,0.7430556228807166,-1.2742476046861415,5.602494473778463,0.10927251010712082,0.10158026035901177,71.2287508355771,-0.2032205201847404,-0.45807831218031303,80.58419243986255,0.12579139606383555,-1.7009252930337333,83.52745424292846,0.10710885349395896,-1.7010607657867545,72.21206581352834,0.094073910468551,132.1276296678068,165.88235294117646,142.83543534417262,3,0.0749660310171954,0.5333333333333338,0.5,0.8000000000000007,1,0,0.18942978962657558
0893,14.200000000000001,3.014999999999999,165.70609506183135,70.77147718564076,85.7430533246553,394.4316622348142,308.6886089101589,77.67605633802816,-0.0009959578553353254,0.25887521860831153,1.6617339565324953,5.907442612239284,0.034864954078102466,0.03043434826111863,33.01112049661833,0.10357560113325502,1.705666433465092,82.32758620689656,0.028322532757951414,1.609988107235277,73.80952380952381,0.04004589310509132,1.6688034400577485,77.21238938053098,0.03580409173949119,139.4133023525995,160.0,145.322434150772,1,0.04066221318617481,0.6999999999999993,0.6999999999999993,0.6999999999999993,1,0,0.17513796108045301
0894,26.5,3.463000000000001,236.26676409154706,66.32898044927045,74.0916846790801,394.992129652461,320.9004449733809,77.54716981132076,-0.008381041532337912,-0.5243797544502469,0.20231548477089278,5.2066744800162885,0.03825684703677051,0.03871615764110579,36.8988707172987,-0.02593237483986029,0.555912784990275,78.23050058207218,0.03736316279990767,-0.2050640863017411,75.48518896833504,0.039854808683389725,0.3008187724653829,79.3103448275862,0.03727565283409188,134.16547074725494,148.88888888888889,136.4423174829447,2,0.01668724760537994,0.24999999999999956,0.24999999999999956,0.2999999999999998,0,0,0.1155758769148617
0895,11.8,2.516,205.8272996196112,66.64966610540596,97.44566351481835,394.8354794263925,297.38981591157415,85.84745762711864,-0.13742661238777282,0.3446462259914041,1.1788987326888896,5.225412067653046,0.0382191246734819,0.028774088691423068,39.807712643602336,-0.2600448815197018,2.147227239893031,84.92462311557789,0.04135354500211904,0.6430113327069107,90.17199017199017,0.03587315081242334,0.7547936689174168,82.13333333333334,0.03745323791306308,184.40905280804694,220.0,205.99250936329588,4,0.10477787091366306,0.3750000000000001,0.3500000000000003,0.5,0,0,0.17574741547918413
0896,22.9,5.809000000000001,196.4883338456644,60.386282551107705,72.45081939152459,393.46707956651454,321.01626017498995,79.20489296636084,-0.048290873599801575,-0.24492715202438264,1.6106983678201183,4.6384097285082255,0.09655412204454288,0.07705437689636885,66.99603629473523,-0.12351394708000549,1.8327429547707217,81.18811881188118,0.0920721366406422,1.98136353598247,79.46537059538275,0.10751226971515716,0.9784443286956321,77.07509881422925,0.08885702750196682,158.83520847121113,175.3846153846154,188.35970093766784,12,0.15674527151764261,0.37500000000000017,0.35000000000000053,0.5999999999999996,1,0,0.20234072938799683
0898,21.8,5.419999999999998,231.93321651803666,41.10524102476098,82.17550915437634,395.0161046541196,312.84059549974324,89.77064220183486,-0.020565202246233597,-0.6314665335389958,0.16069595413534582,2.9350217677944426,0.0387946561881956,0.029361267963858077,33.23415915275602,0.008426689386262176,0.4208730265797039,87.29946524064171,0.03691372299385876,-0.11369020019213831,88.14139110604333,0.038426387324713075,0.2401778166381319,95.67567567567568,0.041911610823579616,125.64290962527554,148.69565217391303,140.625,5,0.10653930933137394,0.5799999999999997,0.09999999999999964,2.400000000000002,1,1,0.19911829537105064
0900,16.500000000000004,3.7189999999999976,214.74631119700257,94.5705394878755,78.26622454606938,394.9633177484756,316.6970932024062,86.54545454545455,0.05008777395762059,-0.7336095217617947,1.1155913709743863,7.23306023891494,0.03743146003343267,0.03149513960346177,39.010777770290744,-0.081580459807612,0.9543793123234432,86.30952380952381,0.039770746119174305,0.4786893284637445,87.63066202090593,0.03672401620223255,1.9125076421907385,85.66433566433567,0.036080188305976556,145.4077847569118,154.73684210526315,168.78121591365746,7,0.13848360453039202,0.39999999999999947,0.40000000000000036,0.5,0,0,0.18393590187447437
0901,15.599999999999996,4.8540000000000045,234.61747516563818,64.1432211537875,68.30944650090906,394.62172807232326,326.3122815714142,90.25641025641026,0.0042053871050733655,0.09587795627987616,-0.6107653941480519,4.865629808884788,0.03321720314571423,0.03827334480038539,52.620037224215956,-0.5904897400056116,-0.5802564070336851,89.85239852398524,0.04323446160356869,-0.5107995117491481,91.01307189542484,0.030892693248189725,-0.8045535073922448,89.65517241379311,0.02334835086277798,117.33646230566148,126.3157894736842,143.2493732839919,7,0.18089371272122826,0.528571428571429,0.2999999999999998,2.1000000000000014,2,1,0.23731299501320058
0903,13.0,5.129999999999999,153.96146811354836,79.85069054037167,89.13950939583198,394.07615665748517,304.9366472616532,77.15384615384615,-0.16846620472767626,0.33453242179940373,3.5488971747152993,6.987529670139039,0.03887736628818686,0.02994874728507062,30.18317712335333,0.06535541230966581,5.338120101804793,78.10526315789474,0.03353942767077416,2.634374826715548,80.66037735849056,0.04701891297026538,2.338431440459137,72.31920199501246,0.03659184272227601,105.90182018753448,106.66666666666667,133.98464759246338,5,0.20959735245449537,0.7600000000000001,0.5,1.6000000000000014,2,2,0.2829564258135686
0905,39.379999999999995,6.100000000000001,221.90894588916146,46.66402603034737,89.4795885054834,394.7446471111589,305.26505860567545,87.57937515875031,-0.051661321516905466,-0.1316025710851922,-0.25101433030642667,4.125800116654821,0.04043817076617582,0.029985963468958175,42.4245290359979,0.021847581122286058,0.5764010920950899,85.8974358974359,0.03765730430516144,-0.4330622562002861,88.27433628318585,0.03929245819945431,-0.9025564155765505,88.60557768924303,0.04461427846958572,131.92612137203167,142.85714285714286,147.85608674223755,12,0.10773966578715923,0.40833333333333344,0.34999999999999964,1.0,3,0,0.13412489006156555
0907,29.900000000000002,5.157,215.78101069035432,49.22196795076977,71.29287158081438,394.9917337016747,323.6988621208603,74.71571906354515,-0.03468103450039383,0.10273582278553021,0.21265612125493197,3.7438042998070746,0.034941317283510624,0.030744240831257156,28.070608548381838,-0.08594158270706348,0.7333469688456357,76.0909090909091,0.032409977422196784,-0.13713710287171252,74.4047619047619,0.039896088684426984,-0.055463386223330156,73.35600907029479,0.032444170111055826,140.34287018284508,144.7058823529412,158.93012888845817,7,0.11695239181903755,0.5857142857142856,0.3000000000000007,2.1000000000000014,2,1,0.14710328892945773
0908,17.5,4.5219999999999985,168.8190000617937,53.62676679389582,76.48865606284944,390.22633275416064,313.7376766913112,74.85714285714286,-0.0034488900242402778,0.02164219548565023,-2.9137838421693294,5.716398364394739,0.03439847827684419,0.029363101434826122,31.955720009261114,-0.06307663233985883,-2.486579310928983,76.26168224299066,0.03526309788468054,-3.3298703638740275,75.4074074074074,0.03623914350873407,-2.818393025880195,72.77777777777777,0.031239225374358685,163.47289074561803,189.47368421052633,183.46753643869127,7,0.10898192716374537,0.3428571428571429,0.3000000000000007,0.7000000000000002,1,0,0.20534011443102346
0914,11.600000000000001,4.962,225.13041459157353,61.34579251015896,108.69901568566556,394.16480658247525,285.4657908968097,90.3448275862069,0.13171128382590017,0.005165722989404444,-1.0369192868197563,4.927523157233816,0.042180365960245166,0.05580388568951095,53.76121902084755,-0.8470652641321512,-1.786491863375551,90.41533546325878,0.0735345350233428,-0.9757891473101721,91.55844155844156,0.03120691171242542,-0.4922672688293009,88.83116883116882,0.029971130506375385,123.17352976693635,156.92307692307693,148.23426827496002,5,0.16906170752324592,0.5599999999999998,0.5999999999999996,0.8999999999999999,3,0,0.2996014974036952
0915,25.099999999999998,11.942000000000004,146.24845073568926,58.13692866086586,78.01033807342112,394.92310626521737,316.91276819179626,69.36254980079681,0.022165982928661714,-0.3089159739910151,2.8610288234150962,6.6080877787823455,0.032281219156996145,0.029354432838512398,27.34336307217914,0.02942633844636756,2.582776870423527,73.06818181818181,0.029744234309559164,3.0750099555384196,67.14285714285714,0.032960877227682844,2.9599477844956463,67.63888888888889,0.0345229661311901,76.12979860698665,94.0,97.43625181397277,16,0.21867069812645104,0.50625,0.3999999999999986,1.6000000000000014,6,2,0.3223907996328493
0918,24.000000000000004,4.212999999999997,253.5762326694584,55.336788446812676,85.62584553968836,394.0533632848161,308.4275177451277,81.83333333333334,-0.007546475192386504,0.14161150987365445,-0.507157180963867,4.4816171044993744,0.042824475871168714,0.04778627874759267,38.43063532815172,-0.24201389963277578,-0.45025223716321294,82.57839721254355,0.05467806164694019,-0.5532829465261169,82.5,0.03944670157757259,-0.5255893854921966,80.3594351732991,0.03301853377899133,136.10746818842378,160.0,153.52016951185382,7,0.11342289015701977,0.45714285714285696,0.3000000000000007,1.0,3,0,0.1493283238223513
0919,21.799999999999997,5.342000000000002,216.30116921628326,47.934100172501296,79.49005706193073,393.79910079262004,314.3090437306893,79.1743119266055,0.009636999159409744,-0.04481722946669106,0.9069268936853864,3.301243204772721,0.03896497507989559,0.03247258277341701,45.80097783831015,0.020904719522769705,0.6038361520861304,85.51181102362204,0.035948896959677415,1.4966344674153693,74.0880503144654,0.03986565620286437,0.5992509875598581,79.2,0.04056386589800008,123.79338294893523,134.4,139.17653881202887,8,0.11052980620440668,0.3750000000000008,0.35000000000000053,0.6000000000000014,2,0,0.19681674158131318
0920,21.300000000000004,7.748999999999995,151.0168743589294,58.191137724382244,73.24342306392084,385.2403741567189,311.99695109279804,68.26291079812206,-0.024744968692331563,-0.8895772386285643,-2.8985732872951,6.670266343010503,0.030670643802788253,0.027506062086618682,26.585802205318167,0.01921100549354919,-2.9080143439096284,73.33333333333333,0.025425044518635965,-1.8495080104360875,70.25089605734767,0.03872231505225767,-4.501402898268052,60.347551342812004,0.02549346638056804,121.8630589693277,141.6,145.985401459854,10,0.16523804606010517,0.47999999999999954,0.40000000000000036,1.6999999999999993,2,1,0.2667561706082824
0921,15.700000000000001,2.612,223.2290350582492,42.71662031838463,87.2790420183708,394.71814868794627,307.4391066695755,87.89808917197452,-0.0768242854984205,-0.2501096048768673,0.36724930830012115,3.001025960172186,0.04075316683671785,0.03686445973578511,35.65133972888248,-0.17689436943382833,0.5431220618865725,95.00998003992017,0.04014297310365724,0.35364473683682535,85.24590163934427,0.03718843371798036,0.16766323135679573,83.66013071895425,0.0461566401759188,153.99737876802095,201.42857142857142,153.99737876802095,0,0.0,0.0,0.0,0.0,0,0,0.14263870685889035
0923,9.6,3.671000000000001,219.22972863130713,47.40905773655805,91.98505023394208,394.43014206099093,302.4450918270488,80.625,-0.18581386505561018,-0.08591626273306385,0.8882219467105111,3.3061890118792983,0.03392246370503703,0.028831442046305843,58.361606351625426,0.4293252648768912,1.2102927599829176,77.28937728937728,0.022466457459761092,1.8339660815517822,84.94318181818181,0.04049851146196693,-0.44031759085773825,78.80597014925372,0.036348496225995265,99.46499886971591,132.0,114.07829919626653,6,0.1280988621806948,0.28333333333333344,0.25,0.5999999999999996,1,0,0.27661819003842975
0925,21.300000000000004,7.748999999999995,151.0168743589294,58.191137724382244,73.24342306392084,385.2403741567189,311.99695109279804,68.26291079812206,-0.024744968692331563,-0.8895772386285643,-2.8985732872951,6.670266343010503,0.030670643802788253,0.027506062086618682,26.585802205318167,0.01921100549354919,-2.9080143439096284,73.33333333333333,0.025425044518635965,-1.8495080104360875,70.25089605734767,0.03872231505225767,-4.501402898268052,60.347551342812004,0.02549346638056804,121.8630589693277,141.6,145.985401459854,10,0.16523804606010517,0.47999999999999954,0.40000000000000036,1.6999999999999993,2,1,0.2667561706082824
0927,28.699999999999996,3.0130000000000052,207.90698413886676,43.3601203756782,72.96845714801614,394.94760127754694,321.9791441295308,75.05226480836237,0.01924077282792223,-0.0730772573743048,0.16055691793019153,3.5453580563874656,0.03311744729578932,0.03191694914050209,28.740315351246814,-0.006919192203322793,-0.05296789502346813,75.3099173553719,0.03340393653894018,0.013846801736350257,74.9247743229689,0.03308819619674323,0.5517841235939339,74.9171270718232,0.03284385816512936,185.4129221454924,196.0,195.91510345516943,6,0.053605776810771666,0.28333333333333366,0.1999999999999993,0.6000000000000014,1,0,0.09500835619462067
0932,11.399999999999999,3.1510000000000016,211.05073883027268,93.98272305287512,92.6876989572299,394.67403170334563,301.98633274611575,82.36842105263158,0.31510170976642304,-0.9891648573624198,1.7927792032158427,7.257734866659763,0.03629948431093944,0.033139305448014605,38.91988201201667,-0.5239646957395219,-0.9369320780125178,83.47457627118644,0.04336848145905838,2.1573286516880197,86.5979381443299,0.03580506190361147,2.9873206754011625,76.84964200477327,0.032915152257953974,144.3199780083843,175.0,154.97011290679657,3,0.06872379905161163,0.33333333333333365,0.3000000000000007,0.40000000000000036,0,0,0.21654869081162817
0934,38.0,4.241,231.13868669093483,43.02671033092781,70.14215010185717,394.09219217145653,323.95004206959936,81.07894736842105,-0.014245809669461611,0.017209982688783678,-0.061815468768582696,3.5376903063696217,0.03872021515125458,0.033721099850203516,47.80661038831384,0.15138096984124874,-0.0010963966871690835,80.0,0.030260858728140456,0.09428292416781298,80.10471204188482,0.041434898798819515,-0.2968292328001764,83.37595907928389,0.044926137155232825,137.7808290523425,157.2972972972973,146.08067066589695,6,0.05681683672261548,0.4000000000000001,0.45000000000000107,0.6000000000000014,1,0,0.10040008522525508
0937,12.299999999999999,6.404000000000002,225.94805977369984,60.45434761645129,78.11178739480869,394.399271617272,316.2874842224633,90.0,-0.08573740650529725,0.07179810575841772,-1.1605075949033827,4.796213379811606,0.04116474275020523,0.0563464113965729,55.78673374375601,-0.7875675682298496,-0.6739886917656895,90.92827004219409,0.0648663057563168,-1.160409567569119,88.56589147286822,0.028368086467401944,-2.1181991279814847,91.25,0.021866966821161963,134.7305389221557,157.5,182.55578093306286,7,0.2619760479041916,0.7,0.29999999999999893,2.6999999999999993,2,2,0.34238665526090684
0938,22.000000000000004,3.7829999999999977,158.04197072610665,60.36439333639286,73.21287792437607,393.5023919646874,320.2895140403113,71.45454545454545,0.06755205898066653,0.1933414937306348,1.9608516590563088,6.170076676521051,0.03444129114934853,0.033590041675293184,34.301249613337966,-0.25108414493145703,1.5904534827029937,74.0,0.037181958653430186,2.0672828884584096,76.10146862483312,0.03920185956673634,2.2850243371701615,63.7660485021398,0.026422508877330407,190.82341077454134,196.8,211.31297513207056,12,0.09696311523096605,0.20833333333333315,0.1999999999999993,0.5,0,0,0.14672458596749788
0940,21.400000000000006,3.1299999999999955,256.58538714039855,54.30157877215407,89.97503191087279,394.8703401052116,304.8953081943388,84.06542056074767,-0.006202779243131555,0.00569887886611823,-0.25649943545146725,4.256170492764641,0.04251924716409323,0.04382704475332621,39.58098119737739,-0.3211598000820179,-0.3571353984792759,83.85714285714286,0.05319733297636024,-0.1826373337480721,86.50137741046832,0.042860364685575233,-0.23477356143161876,81.79271708683473,0.03170368499436937,139.42111699959233,155.45454545454547,149.80289093298288,7,0.06930289441500194,0.2428571428571425,0.1999999999999993,0.40000000000000036,0,0,0.12759885854056238
0941,3.8000000000000003,5.943999999999999,190.03123729522088,88.78349224838544,88.51226856264076,393.60639225731825,305.0941236946775,66.3157894736842,1.0184433409903315,,3.669700422125916,7.417047025740834,0.02303158538739111,0.023830452388559954,32.811684160237874,-3.5625837758860133,2.5855360293651284,88.08510638297872,0.029961991969837176,8.65685662882554,31.03448275862069,0.011799547133081963,,,,73.89162561576354,240.0,77.05479452054794,2,0.04105090311986863,0.19999999999999996,0.19999999999999996,0.2999999999999998,0,0,0.6100164203612478
0943,27.600000000000005,7.195999999999994,223.51351155889694,75.62944375610105,65.59087405657436,393.8892356195459,328.29836156297154,85.54347826086956,-0.0936638427936619,0.14227421522310746,0.8522134380739175,5.53646652264219,0.14680531519508405,0.10993425695260887,43.234566179538845,-0.10517169096071619,2.621053417976412,89.29292929292929,0.15053602579201264,-0.9443956878453422,83.48837209302326,0.1529101451808722,0.4916216201242777,83.4065934065934,0.13697723027339487,134.49821818599838,167.14285714285714,158.66558177379983,9,0.15231635820209208,0.5888888888888884,0.3999999999999986,1.4000000000000004,4,1,0.20680537992872727
0944,28.900000000000002,2.1859999999999964,274.6609137920154,47.234769500922226,95.63402410510953,393.2144185978974,297.5803944927879,87.5432525951557,-0.008143663672253533,-0.02807974500182189,0.6949045629090191,2.9315839039767395,0.046412636843951596,0.038877717578485016,47.342957391146484,-0.1763627128196389,0.747841364945251,89.56433637284701,0.05410585524428,0.760111379716253,86.1969111969112,0.042733726232409536,0.555428041781677,86.85121107266436,0.04206375213973627,146.68982821849065,147.09677419354838,155.1759341182876,5,0.054686997362156535,0.3399999999999996,0.29999999999999716,0.5999999999999979,1,0,0.07032104484333772
0945,0.09999999999999998,0.528,219.2307347702503,92.68499737045772,98.75025761921916,291.7132667473212,192.96300912810204,80.0,331.05696485298904,331.05696485298904,-6.937559576736709,8.989116091813159,0.028524617933685138,0.0060825204493720406,5.487877588000863,41.27886822175775,,,,,,,-6.937559576736709,80.0,0.028524617933685138,,,,0,0.0,0.0,0.0,0.0,0,0,0.8407643312101911
0946,54.9,5.626000000000005,240.6629230598253,45.671979853430514,71.23009990034971,394.4435106064414,323.2134107060917,79.39890710382514,-0.0009964965157958552,0.07584349465709908,0.36069081347116455,3.425887693540039,0.039671692342056156,0.0371197919327099,31.965659330033244,0.028187407171752873,0.6238175621759148,76.19294605809128,0.03667980504508573,-0.05753173346066895,81.43203883495146,0.04275154357972653,0.47355997634922786,80.87774294670847,0.0400350572089574,143.7398803819846,147.45762711864407,155.8413642388851,9,0.07765257905693425,0.5222222222222226,0.3999999999999986,1.1000000000000014,2,2,0.09295178931368345
0947,19.9,3.3760000000000012,191.14336280739516,74.9507845732731,74.83155651808204,394.68711794251254,319.8555614244305,71.35678391959799,-0.041599737610953785,-0.5114845847910211,-0.9118906426872816,7.026522115151217,0.025177384595119347,0.025115979760171405,36.85347862642813,-0.2587839315913989,-0.6573976537783598,76.51757188498402,0.027004010922493982,-0.574381116933643,71.40992167101828,0.02456728522851629,-1.6898598108969614,65.88628762541806,0.024046729133382603,175.2878501460732,194.28571428571428,187.3622336517267,6,0.0644440625537035,0.25000000000000044,0.30000000000000027,0.40000000000000213,0,0,0.1450421034542018
0948,24.100000000000012,8.945999999999987,175.15144780418498,55.16678730818759,68.83292482280157,394.85087093315195,326.0179461103504,64.19087136929461,-0.021998773755901115,0.1654030234735968,1.4315282302636216,4.723863943382093,0.030847187368960194,0.02801406478636977,26.955720304981092,0.07783747202436808,2.125213902542019,59.06976744186046,0.023187968407191447,0.8535508728940334,66.75062972292191,0.0375270607318252,1.3410285797497827,67.32804232804233,0.03255100339322597,139.80512013556861,154.0,182.2772824114258,17,0.2330085335592807,0.4529411764705876,0.40000000000000036,1.1000000000000014,5,1,0.2707135508079643
0953,30.0,5.475000000000001,260.621218585541,78.47677616108824,102.72602587150386,394.99272642510255,292.2667005535987,77.46666666666667,-0.011233776642391861,-0.18338004538116956,2.0588440511569996,4.995237633336714,0.0385081921409151,0.03195390568193733,36.57595756357963,-0.04418818742380631,2.2216578062600694,83.35158817086528,0.03575815543781529,1.4892985740182438,75.89928057553956,0.04003045191388381,2.5550820415209405,73.74358974358974,0.03934719792798066,101.4799154334038,116.12903225806451,105.96026490066225,4,0.04228329809725156,0.3749999999999998,0.3500000000000001,0.6999999999999993,1,0,0.15433403805496831
0954,40.00000000000001,10.91299999999999,237.6059942587618,67.16522671734096,74.90050546712862,395.04748091241663,320.14697544528804,83.85000000000001,-0.00827211829523956,-0.07500643368701551,-1.661573642351325,5.494492873959036,0.08701360494227081,0.08018892590654386,76.2454084415115,-0.14355635153228932,-1.4327996439423238,85.98066298342542,0.09367086933878428,-1.8052754421401784,83.83185125303153,0.08988153840881044,-1.7882572819391656,81.52091254752851,0.07699787904571724,131.9898650639326,137.14285714285714,165.46426021224732,26,0.20230589436882515,0.3961538461538459,0.3999999999999986,1.0999999999999979,3,1,0.21434604128611534
0955,9.000000000000002,2.520999999999999,229.23091346646314,66.95331885493476,114.75509569852554,389.1087620576152,274.35366635908963,80.22222222222221,-0.3600244142633634,-1.4232913422302667,-3.2283316365470958,5.756071715774625,0.04146408138409773,0.04740568571724801,43.93794039066843,-1.3192628930978096,-2.5254914313522083,84.36363636363636,0.06474557282716425,-2.692822215582745,85.07462686567165,0.03678927105914428,-4.7682297466937,70.6896551724138,0.02488341798335336,124.98915024737435,144.0,140.88641033167008,5,0.11283742730665727,0.2599999999999997,0.20000000000000018,0.3999999999999999,0,0,0.21881781095391015
0957,46.6,13.403999999999996,243.46912780920383,61.224674676340264,66.57105753786108,394.9801653186567,328.40910778079564,79.14163090128756,-0.013303328576838988,-0.06855831463620658,0.8201447540230064,4.359740393107329,0.03797101490560293,0.034962454052379834,32.12266867656135,0.035992045255861686,0.9788233466470071,76.42130460801916,0.03331720347132537,0.6839317197263438,81.95354377605717,0.03937749587275943,0.8054554520049946,79.00763358778626,0.04210000503569498,136.99086727551497,152.22222222222223,167.3998044965787,22,0.18165455636290914,0.4954545454545455,0.3999999999999986,1.6000000000000014,5,3,0.22338510765948932
0958,17.499999999999996,3.3460000000000036,243.70592828030195,61.828787470338476,86.41946861557034,395.02466052632144,308.6051919107511,83.65714285714286,-0.11985443983120925,-0.0697930527947058,1.2106108393382877,4.024408922110268,0.05740506472186944,0.05612773303009093,56.493323104960105,0.2039618381888091,2.3080062822497474,81.8018018018018,0.03995101793439975,0.7440775211818658,87.2,0.06185735350236678,0.6859724034532277,81.57894736842105,0.06951789889596564,152.54725127122708,159.0,166.09213412723287,6,0.08155041734625357,0.28333333333333366,0.3000000000000007,0.40000000000000036,0,0,0.16051040967092026
0959,25.300000000000004,7.927999999999997,165.2132573675705,86.04934676479373,88.33791593035232,395.0220201839299,306.6841042535776,84.50592885375494,-0.01671100161930351,-0.022538341731507493,2.676331820461585,6.702659980811006,0.03696047672284875,0.03247188906460317,36.40316192084526,0.054680521015856284,2.927089135522196,84.25,0.03513544684245284,3.2364292610757537,83.72340425531915,0.03994954692283295,1.775582756777386,85.69620253164557,0.03525199307263558,128.2051282051282,142.0,153.08322552824492,16,0.16251354279523286,0.33749999999999986,0.3000000000000007,0.6000000000000014,3,0,0.23859395690381596
0961,0.2,3.379,225.54001253807058,40.481372517216045,125.47144772530574,254.64622973641798,129.17478201111226,50.0,-60.220797849102894,,-1.6001716192953306,3.7798579341596046,0.03552470670418632,0.016325466609204628,10.934539149823504,-53.69440991062803,-1.6001716192953306,50.0,0.03552470670418632,,,,,,,,,,0,0.0,0.0,0.0,0.0,0,0,0.9441184688460463
0962,43.300000000000004,15.632999999999996,218.5965618201771,84.47804315895206,66.35039632280464,395.0568305771333,328.70643425432866,70.80831408775981,0.0035175533271330733,0.048502777437059955,0.25342748996491427,6.748930958479952,0.02732448529573579,0.027426649968972986,40.45475386581007,-0.011193026197093076,0.39802801325637827,74.03100775193798,0.03041951162617994,-0.017558969284628287,70.6875,0.02489452085402025,0.4252562508505107,68.05555555555556,0.027251818032174618,118.10021549895644,148.08510638297872,146.11718766401444,21,0.19174316596813326,0.538095238095238,0.3999999999999986,1.5999999999999979,7,2,0.26526733748494047
0965,37.300000000000004,11.157999999999994,255.98784387695574,51.98420572046573,76.42333853932428,395.0017314046836,318.5783928653593,84.98659517426273,0.013558886556096505,-0.12108151099343441,0.5201784772000059,3.674951484947773,0.04230184260190565,0.03496698036757167,45.094867709934974,0.06591748939990225,0.29445152912302136,82.63081395348837,0.039003818637335756,0.3553346602435427,85.89211618257261,0.04602526858365961,0.9482996099790345,86.85813751087902,0.04234653595894192,89.14936646167816,98.18181818181819,106.51412791557769,18,0.16302777663130957,0.43888888888888883,0.34999999999999964,1.3999999999999986,4,2,0.23026125717115842
0966,18.3,4.061,159.340329206429,84.39168193360732,82.88545861062285,393.89359549778976,311.0081368871669,76.12021857923497,-0.00983217561966277,1.101748319911498,3.5523282777877427,7.577675125129046,0.03459861757233508,0.03301268496930291,32.49569304325572,-0.21778965247034618,2.975973986330115,80.56537102473499,0.04349526826233484,4.973296456382152,73.4453781512605,0.02420179305085002,2.836037203505587,74.73841554559043,0.03631850740752753,158.31134564643799,168.57142857142858,177.34582435749712,4,0.10732972586199187,0.6000000000000001,0.5500000000000007,0.9000000000000004,2,0,0.18161084030231206
0967,46.2,5.235999999999997,237.08355525151686,87.73289079124223,66.5137838504168,394.91636668105326,328.40258283063645,68.76623376623377,-0.010731715633468773,-0.3679256119238957,-2.5922107424207113,7.254182344312017,0.03439683053997296,0.030730224705065323,35.28610219645306,-0.04995694519489973,-2.258189939661491,70.29702970297029,0.037054059589716665,-2.9760213106728006,65.85669781931465,0.03529750692510997,-2.5448594479146553,70.33333333333333,0.030752335581864042,151.64476242320555,159.18367346938774,165.4786150712831,16,0.08359903569484407,0.26875,0.29999999999999893,0.5,0,0,0.10179640718562868
0968,47.49999999999999,11.87700000000001,168.6914237085773,74.42530222271817,78.4729929401615,394.8081503834976,316.33515744333613,72.7578947368421,0.009010226686435606,0.1140667163616203,3.0982862661658745,6.675735804482431,0.03679887081358726,0.035326848594402785,42.117440259192264,-0.038378483153354924,3.2232755792707932,71.91082802547771,0.037558675845281754,2.706306336259739,74.30379746835443,0.03907340540655851,3.3750178387715546,72.0625,0.03380626250970212,138.43744210721323,158.07692307692307,162.20376107504393,22,0.14652138033245213,0.3954545454545459,0.34999999999999787,1.0,5,0,0.20002694646075095
0969,18.10000000000001,4.234999999999992,154.7731626375873,37.67124756037341,67.71584996982712,389.9398758906636,322.2240259208365,65.85635359116023,-0.005332437578252127,0.23628966197777743,0.8506550020158912,3.888426609977866,0.02334831953600913,0.02403416764200104,29.859006079415717,0.1607366330491367,1.2708015775561496,62.56410256410256,0.01693625717238104,0.27782324320593693,72.55520504731861,0.027665604786773466,1.1504609102258485,61.92893401015228,0.025063882368052855,110.14103425117528,117.14285714285714,132.0096592433592,12,0.16565927915827144,0.30833333333333274,0.29999999999999893,0.8000000000000007,1,0,0.1896127154689945
0970,51.8,8.726000000000006,205.34570364700159,82.98782823752468,96.76507183864747,394.6285239130887,297.8634520744412,78.33976833976834,-0.010554289916303632,0.05815613247402986,2.6693291913844424,6.673523858261839,0.03474529509866466,0.03472198816971387,35.94392889752031,-0.038929989804379554,3.261603141425879,74.64028776978417,0.03741632464400879,2.1598014542879005,81.48546824542518,0.03238895943761489,2.6955369867366956,78.53688029020556,0.034697221407386965,103.09619006707861,117.73584905660377,114.44081722481017,16,0.09913095198757557,0.37499999999999994,0.3500000000000014,0.7999999999999972,3,0,0.14416944784059751
0971,39.778,7.399999999999999,211.65686317690933,90.1937480716043,77.80894429670028,394.9826422365446,317.1736979398444,83.32494969818913,0.029108935585366005,-0.09825713599781037,0.7469692046559688,6.966743239656376,0.04135305596109375,0.03495578630052135,37.653415575948166,0.05991002986628856,0.1690780574856966,80.4694048616932,0.037600124694236646,0.5197395084862795,85.35534816941852,0.04280652412353672,1.4556905191140632,83.7410071942446,0.04311600087434083,155.15706473356227,162.66666666666666,179.94985004179165,18,0.13777608207215228,0.3611111111111111,0.3500000000000014,0.6999999999999993,3,0,0.15685277035906564
0973,26.200000000000003,3.266999999999996,230.66544805486976,55.31294817440877,79.89761589098046,394.48439169974915,314.5867758087687,79.92366412213741,0.018439951897871506,-0.14209153756104975,1.3037846162113462,3.932515183449429,0.0360785762199928,0.03283553092495204,49.5094413145278,-0.10465466947733304,1.1334288629434714,83.49944629014396,0.038085859393145426,1.2121815713649509,78.43347639484979,0.03575566022633577,1.624655000031859,77.57961783439491,0.03415591532814358,150.67702854040112,170.76923076923077,161.06213951463707,5,0.06447890860963106,0.3799999999999996,0.29999999999999893,1.0,1,0,0.1108697865408761
0977,39.778,7.399999999999999,211.65686317690933,90.1937480716043,77.80894429670028,394.9826422365446,317.1736979398444,83.32494969818913,0.029108935585366005,-0.09825713599781037,0.7469692046559688,6.966743239656376,0.04135305596109375,0.03495578630052135,37.653415575948166,0.05991002986628856,0.1690780574856966,80.4694048616932,0.037600124694236646,0.5197395084862795,85.35534816941852,0.04280652412353672,1.4556905191140632,83.7410071942446,0.04311600087434083,155.15706473356227,162.66666666666666,179.94985004179165,18,0.13777608207215228,0.3611111111111111,0.3500000000000014,0.6999999999999993,3,0,0.15685277035906564
0979,28.3,8.663999999999998,219.31328151793116,49.668896719034514,96.08455237266563,394.6358151593878,298.5512627867222,79.82332155477032,-0.03319252992524502,-0.1391184335001095,1.0713275295498246,3.4365649246120213,0.039851609801926736,0.0349202979816495,59.90936535914439,0.09720603166066527,1.742154699813912,76.91197691197691,0.04313480815030925,1.0205934672546761,80.59149722735674,0.036746135976614455,0.7044530805692756,80.9478672985782,0.04088597463200493,112.00086570717455,138.0,126.35819802221953,13,0.1136240666594525,0.3230769230769232,0.2999999999999998,0.7999999999999989,2,0,0.23439021750892755
0980,20.399999999999995,7.317000000000004,172.65267029848602,85.72655436285676,75.08864465527884,394.5952092496955,319.50656459441666,77.74509803921569,0.06165979084436869,0.08668618179434899,3.7452579256223792,7.5266633737427835,0.03501714629361215,0.027250727142628012,35.06777721678097,-0.19265535724376331,3.4446394995107297,81.73076923076923,0.03746473441178691,3.4151968092863427,81.80628272251309,0.03727559111121753,4.542605142977067,69.1717791411043,0.03002827079301159,145.0373417036476,167.5,164.63939058852444,6,0.11906050438359149,0.5500000000000008,0.20000000000000284,1.5999999999999996,2,1,0.26398960926507214
0982,27.700000000000003,4.482999999999997,224.81212821598106,40.68353243098607,89.55314168965653,394.9701581899621,305.4170165003056,82.74368231046931,-0.06131572123475129,0.06864952463443083,0.49098680507117987,2.8233611574976742,0.04202011578447597,0.03576821714401003,39.10349936244338,0.03590334689178683,1.094311969970482,81.68870803662259,0.03621916086254441,0.6321841534378364,85.00527983104541,0.04486297056080017,-0.38347806751551317,81.42857142857143,0.04560363389766611,119.31765217661498,142.22222222222223,129.80427948483924,6,0.08078799366124961,0.4333333333333327,0.34999999999999964,1.0,2,0,0.13929714445514704
0984,20.400000000000006,3.8159999999999954,170.6175693842217,58.63092587188584,69.8674700369936,394.6340902883638,324.76662025137017,72.84313725490196,0.12709418531810845,-0.09162284630204215,-2.5600774476478265,5.893911974623285,0.03200200696977145,0.029733825997405188,33.397242547029535,-0.04165689116134081,-3.792699601681254,70.22653721682848,0.02895955444646664,-2.5451338538772332,78.561736770692,0.033730091826321126,-1.4473804623257673,69.05109489051095,0.03288064431684503,180.87215064420218,208.57142857142858,193.66819950477532,5,0.06607201850016498,0.31999999999999906,0.29999999999999716,0.5999999999999996,1,0,0.15758176412289376
0986,40.79999999999999,15.912000000000013,143.32015601906477,58.0676493332345,74.2735003561145,388.8818182584527,314.60831790233823,71.98529411764706,0.023893922065725205,0.16940129482421104,3.1204454863353197,6.568843483984479,0.033164683416753105,0.02929126425526327,27.93985145002405,-0.010675766406055547,2.869789805396857,72.43055555555556,0.030884306742228456,2.9801972912857746,72.3913043478261,0.03570166668735507,3.5690955668641573,71.03174603174604,0.03299222746269338,142.82691493863732,155.76923076923077,189.19928991871438,27,0.2450980392156864,0.5148148148148151,0.30000000000000426,1.6000000000000014,9,3,0.2805755395683455
0987,20.7,5.083000000000002,231.4558760876194,73.86601588727088,81.27757293599547,395.0310118711735,313.75343893517805,88.55072463768116,0.0036519385333818864,-0.16207460337867424,-0.8958805804828759,5.6582157276224505,0.037273773082982374,0.04232435623132545,49.736592472035746,-0.3633910704620433,-1.0556397812524023,89.55882352941177,0.04468121419014333,-1.0051338275731767,90.9090909090909,0.03940534134572221,-0.5725133637020718,84.62757527733756,0.026727148258435633,144.28111546367762,177.14285714285714,166.19756064870663,7,0.13186983671411398,0.4857142857142859,0.40000000000000036,1.5,3,1,0.19714540588760043
0989,44.8,5.251000000000005,222.58503220459212,50.11623264399738,82.98272009310975,393.95060539544085,310.96788530233107,82.12053571428571,-0.030681791667435166,-0.15577602957072081,-0.20044513127376948,4.362869491466592,0.039345507050829925,0.03200615300744282,43.563878849864686,0.010790095876639988,0.11467174468981599,85.19533927347499,0.0353763737182398,-0.15826664434515353,80.87855297157623,0.03711960569807575,-0.5758655218627596,80.38017651052274,0.045616152554097046,134.26305168727896,142.9787234042553,142.52083730991922,7,0.05794090028171269,0.4142857142857146,0.3999999999999986,0.6000000000000014,3,0,0.10491298875147359
0990,36.6,7.365000000000002,264.2294845757319,53.97453226302106,69.77901151936166,394.554381164804,324.7753696454423,83.60655737704919,-0.00832167598112956,-0.013894675290685459,-0.2832841469572665,4.09036368181814,0.04266713502941328,0.04382589475190676,39.34058005420225,-0.09809215809931271,-0.44156968477438013,83.93148450244698,0.048278851920791545,0.0745129442305979,85.69131832797427,0.04099221754144126,-0.5097461995919332,81.09243697478992,0.03863657405983973,136.47219379051518,150.0,155.17910254752357,12,0.12055043784828826,0.44166666666666615,0.4499999999999993,0.6999999999999993,5,0,0.1675196178778574
0994,56.5,4.026000000000003,219.99497352618909,52.70606048373521,67.24311999800308,394.8387468040327,327.59562680602966,77.39823008849558,-0.0052994276566230986,-0.0511611771084606,0.5561271173048979,3.8015234686060357,0.03513159175629049,0.03222730077501312,30.14314018831832,-0.014188396677155119,0.9266256014736064,77.43775933609959,0.03391307947896647,-0.13333862424884657,78.8716814159292,0.03529594477153831,0.8518794629663545,75.96656217345873,0.03620329189839383,136.8007137428543,142.75862068965517,144.68947681123964,10,0.05452202359316658,0.33000000000000007,0.29999999999999893,0.7000000000000028,2,0,0.06651686878366327
1000,19.300000000000004,4.053999999999995,223.6369694555988,67.85588584204926,69.92894968339147,394.67645065988967,324.7475009764982,89.01554404145078,0.0028098473200487413,0.2844454799343697,-1.1218142339091808,5.321514953181405,0.03404200757480514,0.04024322994938952,48.7632283389416,-0.24867052005613358,-1.1059860718055863,92.48826291079813,0.04273860348872395,-0.7247607545619916,87.83151326053041,0.029620828170102243,-1.5347496109937409,86.76923076923077,0.029852547896990437,146.44172304530272,162.85714285714286,168.85553470919322,9,0.13273957352059595,0.3444444444444442,0.29999999999999893,0.7999999999999998,1,0,0.17358910679112766
1001,25.900000000000002,5.629999999999999,156.70687232781762,56.69843215850598,66.03701566483961,392.60251225504,326.5654965902004,70.54054054054055,0.05084535227474026,0.37852354209778294,1.4742433804810449,5.932837919455717,0.033138687995255045,0.031337089311834765,33.493825750963175,-0.011252857382297678,0.9193342820478405,70.58177826564216,0.03395298437269772,1.9224458651585672,66.92015209125475,0.03142156250053268,1.6574074633816833,73.70786516853933,0.033827438574452445,169.36251189343483,178.0,199.03093551994033,11,0.14906438312718034,0.42727272727272697,0.40000000000000036,0.8000000000000007,2,0,0.1785601014906438
1002,14.600000000000001,2.353999999999999,227.96115169897328,58.5870930543277,92.06982236044975,394.00491974307454,301.9350973826248,77.26027397260275,-0.06649401875331225,-0.3796553435195056,1.3043371955764511,4.082800643507921,0.03491348556978674,0.03578933630062626,53.141015909569006,-0.3408643813031991,1.564949496710302,83.25688073394495,0.044587620399425036,1.1483087103457832,79.46902654867256,0.03204816271609429,1.2266616403770267,68.84531590413944,0.02927846178829929,127.4035625811018,144.0,136.2432193768134,4,0.06488144390704255,0.27499999999999986,0.2999999999999995,0.40000000000000036,0,0,0.1388462899610711
1005,53.800000000000004,6.725999999999999,225.92128711237072,51.4632573855823,77.09737323234452,394.40821922781873,317.3108459954742,81.635687732342,-0.02828129716311813,-0.09804200564312049,0.07619476104579513,4.217730019581394,0.040996050940260056,0.03415778507630377,43.20477708590856,0.044059365518053145,0.6676194352218882,82.02576112412179,0.03688196845572366,0.04499321938798335,81.08866442199775,0.04006518547539215,-0.4305967918812218,81.7989417989418,0.04559163567146786,132.83547566335127,143.57142857142858,142.740475091432,12,0.0693916663913029,0.3499999999999999,0.29999999999999716,0.8999999999999986,3,0,0.11112579717807221
1009,23.700000000000003,16.162999999999997,138.79709560112073,63.7488860055551,78.79971571073894,392.9780537153537,314.1783380046148,72.86919831223628,0.09674763050862605,0.053942311985806776,3.84449978452834,6.731374633168916,0.03066049392873555,0.026504986872711946,27.729060845035825,0.06417486343520346,2.8787616230853352,79.36507936507937,0.028088998129160794,3.896343939607408,70.77856420626895,0.02993316664422882,5.41330322320899,67.08185053380782,0.03568786358038837,81.27837844617817,95.29411764705883,117.97691439391178,17,0.31106539899154595,0.7294117647058821,0.5,4.100000000000001,8,2,0.4054637132177708
1010,29.9,7.038000000000004,264.54407967291513,54.836622817352705,82.06676381348893,394.4585612444557,312.3917974309668,84.84949832775919,-0.027416610055467784,-0.29644704796555105,-0.279407892959628,4.166190003369782,0.03985677189577972,0.0467300393838154,38.78160375759296,-0.047440623288281455,-0.051032138149959244,88.21656050955414,0.04635115725485371,-0.3282685183797073,84.3263061411549,0.03605889076397074,-0.46366804163693326,82.13166144200628,0.037793843271491205,144.56657101088308,157.05882352941177,165.64302996463798,13,0.1272402404028371,0.36153846153846136,0.3999999999999986,0.7999999999999989,2,0,0.19053549190535501
1011,28.8,4.114999999999998,234.3713319825435,47.06537731062478,90.75191748514617,394.54853934752504,303.79662186237886,89.96527777777777,-0.007771453474459122,-0.12390766029388553,0.29443306388987395,3.2327698000443825,0.040816077455576624,0.02998721264287338,30.79836808917471,0.02632110895711117,-0.11460335927130055,88.49462365591398,0.03880404207725688,0.9349234939857467,91.81347150259067,0.04025962838104141,0.032712491550535475,89.54314720812182,0.04326091629696123,118.48701200060763,134.48275862068965,126.56173941262374,5,0.06380069876955802,0.4200000000000005,0.3000000000000007,0.7999999999999989,2,0,0.12501898830320518
1015,17.099999999999994,6.123000000000005,159.01103653361852,79.06071282065996,71.4353105328638,395.0340419419204,323.5987314090566,74.03508771929825,-0.28404342182386144,0.4797067235984338,3.65708564274625,6.998725813693511,0.037211905471312125,0.027171973117438582,33.575830911466404,-0.07092088396143915,5.625249441824241,83.42342342342343,0.03876110899028208,3.6691096176462477,68.79432624113475,0.036892944096886,1.4500371096515268,70.21996615905245,0.03606601943358742,98.17852990569695,99.1304347826087,128.64639169440844,6,0.23683417301812873,0.9166666666666673,0.8500000000000005,1.6000000000000005,5,2,0.2636610257072732
1017,55.8,4.726000000000006,210.82479161979379,41.75918794852891,67.37938235158376,394.6202809240494,327.24089857246565,77.88530465949822,0.013201937127103438,0.043428280158696264,0.12157194939065452,3.4427611504212994,0.036680650065200465,0.032757202058050106,30.219174452390035,0.027093708484678306,-0.11139904877467664,80.83511777301928,0.03201829766480117,0.1946909976683752,78.22757111597375,0.041360199838011986,0.2974083421307038,74.62845010615712,0.03676539109916295,139.77464230248157,153.8181818181818,147.83490022017963,11,0.054522023593166644,0.3000000000000004,0.2999999999999998,0.8000000000000007,1,0,0.07808214651554714
1018,22.558999999999994,4.400000000000006,215.61637833046626,92.70894636257941,65.94025089895906,394.7229928329136,328.7827419339545,84.87133984028394,0.10166398914712625,-0.1451435072050828,0.3914362438234355,7.244763791146533,0.03680717842216576,0.031092166818589676,39.31794018966094,-0.05535093197643021,-0.460198984467511,82.78560250391236,0.03969519721795986,-0.11209469063569916,86.39281129653402,0.033353801125509765,1.5016913136643761,85.04784688995215,0.037816422034570266,133.53611038985125,150.0,156.8012544100353,9,0.14837345598872378,0.4444444444444449,0.40000000000000213,0.9000000000000004,4,0,0.16321080158759618
1019,42.00000000000001,4.785999999999994,251.3304015044231,82.64622008395507,65.17793507300931,394.4671894002393,329.28925432722997,78.04761904761904,0.03227720526736353,0.03642294635228202,-2.3337951110620825,6.661798478964348,0.03941690526868653,0.04721112644372002,52.065877655633905,-0.09454849314614079,-3.038307158504559,77.64285714285714,0.0437204849620151,-1.9837357699047224,77.61904761904762,0.03538060774129178,-1.9848552183864416,78.94736842105263,0.03934501157753922,150.04488522207498,159.54545454545453,157.80245470485096,5,0.04916000512973959,0.45999999999999924,0.2999999999999998,1.1000000000000014,2,1,0.10229555850040598
1020,18.7,3.9750000000000014,190.68675906284,65.42475619149337,92.95066666859208,394.9244983222475,301.9738316536554,81.92513368983957,-0.0573483076708338,-0.3963524707773993,-0.924881912969313,5.7599488511277785,0.03969282793092114,0.03282914573154777,41.20182695154017,-0.14436439518491928,-1.2848441353115334,80.03300330033004,0.03696771962693923,-0.018270208709119228,82.36151603498543,0.04376696069889985,-1.625408749216268,83.39100346020761,0.03771455899213156,111.13561190738699,126.0,117.34575087310827,5,0.05292171995589865,0.24000000000000038,0.1999999999999993,0.5999999999999996,1,0,0.17530319735391406
1022,14.7,1.314,224.07785276120507,52.1464591842446,96.91487683379718,394.70817143908744,297.79329460529027,82.6530612244898,-0.1666279742422981,-1.0892484268145166,0.6073018279356552,3.8284657335148866,0.032621415652215054,0.027398385773197777,44.535596480314645,-0.37128274267338773,1.5333524220574528,83.05785123966942,0.03913932334321737,0.618811905407585,78.83895131086142,0.030035106239709893,-0.3547340941374192,86.72566371681415,0.02869757030671203,119.89509179467966,137.14285714285714,124.56208641494746,3,0.0374672161858374,0.20000000000000004,0.20000000000000107,0.29999999999999893,0,0,0.0820532034469839
1023,10.300000000000002,2.5009999999999977,274.7903913951224,46.72610908380126,99.85729994224984,393.2821475321392,293.4248475898894,77.18446601941747,-0.12365432805353296,-0.9892875055125271,-0.6221085676508441,3.2548409885255443,0.041150831884948696,0.03233319717686351,31.673693484278772,-0.33424665074785304,0.03235760691730245,84.74114441416894,0.044798587642436875,-1.345066018194633,70.29177718832891,0.04371743823490864,-0.6766987772243124,76.57342657342657,0.033086716650917,103.11694398875088,120.0,113.7832945435738,4,0.09374267635340977,0.2999999999999996,0.30000000000000027,0.3999999999999986,0,0,0.19537536129989827
1024,34.376999999999995,18.6,144.2694855543164,55.76168145293067,79.7778307813796,394.156189527543,314.37835874616337,64.61001164144355,0.04053149176178365,0.030426970901833224,2.92965884760826,5.660192231172511,0.015136817929960479,0.012861638725203805,19.463390747927654,-0.02634657261818735,2.4481373164155786,64.41176470588235,0.015124109228263837,2.12133990394975,70.05703422053232,0.018125612863470635,4.033884885707429,60.557184750733136,0.012842862329724503,90.6053570417351,94.11764705882354,134.54046024049111,24,0.3265568076712536,0.7208333333333333,0.6000000000000005,2.5,13,4,0.35109575853672353
1025,5.6,2.6029999999999998,193.55270802583723,48.83720860954905,102.32619928856515,382.86345994169227,280.53726065312713,77.8175313059034,-0.6867056460310631,-4.844526990623441,0.039749381830144044,4.244963260805193,0.023892338516150968,0.022169199393043935,26.317299989357185,-0.1273854980351502,0.7250855439498669,85.71428571428571,0.027533780279674288,1.4936673955594932,74.31693989071039,0.02074244909118534,-1.6859824940201247,75.22522522522523,0.023962823800773126,80.4583688894307,110.0,97.01602234308395,2,0.17066926734121662,0.7,0.7,0.8999999999999999,1,0,0.3173229306351335
1027,17.499999999999996,11.235000000000003,204.37158978114118,79.66994697564151,88.00978745373325,394.9831651439432,306.97337769021,74.28571428571429,0.1341491588648028,0.49662041736385265,-1.183842321875237,6.741130227761951,0.03809267323535271,0.033156011249876355,36.05599456985865,-0.07130924679736167,-1.983645470078257,71.06017191977077,0.03664506250463952,-1.7138089760668966,76.58227848101266,0.03916042325726081,0.8574271223043288,76.19047619047619,0.03889175484533342,70.99356185836089,88.69565217391305,86.31267188491644,10,0.17748390464590227,0.5100000000000001,0.5,1.0,4,0,0.39098660170523764
1028,17.2,2.471,242.3292783554506,54.343593120377186,78.20444005746826,394.8696869296341,316.6652468721658,71.80232558139535,-0.027136807602508764,-1.1206452382797731,-0.11703584717533157,3.8481509832826077,0.03300764691660205,0.026288737789545265,31.08582156986691,-0.059670803995377636,0.17793388523380207,67.3992673992674,0.028923291318876408,-0.5816516222451025,73.78048780487805,0.03668356845326023,0.1866852327390495,73.93822393822394,0.03265755739596582,112.85648924813177,138.75,115.19900368429245,2,0.020334502567230923,0.19999999999999973,0.19999999999999973,0.20000000000000018,0,0,0.1256163896090692
1029,42.00000000000001,4.785999999999994,251.3304015044231,82.64622008395507,65.17793507300931,394.4671894002393,329.28925432722997,78.04761904761904,0.03227720526736353,0.03642294635228202,-2.3337951110620825,6.661798478964348,0.03941690526868653,0.04721112644372002,52.065877655633905,-0.09454849314614079,-3.038307158504559,77.64285714285714,0.0437204849620151,-1.9837357699047224,77.61904761904762,0.03538060774129178,-1.9848552183864416,78.94736842105263,0.03934501157753922,150.04488522207498,159.54545454545453,157.80245470485096,5,0.04916000512973959,0.45999999999999924,0.2999999999999998,1.1000000000000014,2,1,0.10229555850040598
1033,12.000000000000002,6.129999999999997,223.03161591961472,42.806118493553306,100.75667673629599,394.34320313626847,293.5865263999725,62.0,-0.07413450063705405,0.11314336319930474,0.6962973189336384,3.0348139485273458,0.015542245074026167,0.013450638513624054,21.7202307646634,0.43006179691669033,1.271847160860809,60.638297872340424,0.01080086026504305,0.18079081209638187,56.34146341463415,0.01703897988376731,0.49914950371505384,71.25,0.020588462537239286,95.97352454495312,116.0,118.93369788106631,6,0.19305019305019303,0.5833333333333331,0.5499999999999998,1.1999999999999993,3,1,0.3381136238279094
1036,14.600000000000003,2.0139999999999976,213.99813003693401,82.25609863593027,83.39228704775499,394.04545815096543,310.6531711032104,73.42465753424658,0.01188028260135302,0.1794359639090478,-1.7531027730282605,7.441709607683743,0.03268679332010035,0.03200569357065285,33.7858624424171,-0.2592524857025061,-2.2889501883780174,76.431718061674,0.03385033498768825,-1.0549274747708066,75.36764705882354,0.031890403115793844,-2.0715561671844194,68.18181818181819,0.032481140406805595,148.06789454676777,164.0,153.61558636193328,5,0.036114120621162746,0.11999999999999958,0.09999999999999964,0.1999999999999993,0,0,0.12122306488503656
1038,23.8,5.614000000000001,198.02846458709095,68.83807146128761,80.84902557922221,394.38159015474275,313.53256457552055,82.05882352941177,0.012839636293199336,-0.048151739905222424,-0.38260175988370504,5.834294709384784,0.040503444844778795,0.034369941868303215,40.158298656421294,0.009460551191166948,-0.24659588020055292,82.68015170670039,0.03965442224213569,-0.6619518750864882,81.54761904761905,0.04093095535362007,-0.21581514164083077,81.97596795727637,0.04092062515354254,112.19147344801794,117.85714285714286,127.83760749980628,10,0.1223906983069286,0.35999999999999976,0.3000000000000007,0.8999999999999986,1,0,0.19086149452641601
1040,3.2,2.9130000000000003,253.31820820358413,64.34940724212274,93.94662058435654,394.44670064175835,300.5000800574018,81.25,0.9812646344928911,21.724880619245976,0.993067307103538,4.316797566444382,0.026611794393565303,0.019493816516823394,30.3836120793391,-3.5592725071853835,-0.16719516978836318,85.71428571428571,0.03622771710050247,0.8841436073011141,81.86274509803921,0.025375219001921412,5.837312840590287,65.625,0.009253165409585068,68.70603631604776,140.0,68.70603631604776,0,0.0,0.0,0.0,0.0,0,0,0.47652543759201704
1042,6.999999999999999,3.8150000000000004,273.4211442418167,46.875579711454606,111.79975883102149,392.6934128939321,280.89365406291057,67.14285714285714,-0.3034260722046176,-0.5240471793163293,0.6033236672293522,3.131503365871945,0.028960537220541885,0.029800549345796495,34.62599738769089,0.5304253486930225,1.7646830688385051,65.59485530546624,0.02303693066588034,-0.8101463986476293,68.33333333333333,0.03334534017377947,0.5532430091465849,68.45637583892618,0.034261805205258115,61.02635228848821,82.5,69.364161849711,4,0.12020342117429501,0.3250000000000001,0.3500000000000003,0.5,0,0,0.3527508090614887
1043,9.200000000000001,1.7459999999999987,188.86087686417395,45.088200190192204,136.01105210207254,394.3822814713957,258.37122936932315,77.71739130434783,0.008727715689545256,0.2315455290851837,0.9669226716222442,3.472079203875207,0.030414768022589137,0.036754593737800226,68.0194841943686,-0.8674659706855699,1.2340848037136762,88.0,0.04256536690593874,0.5044909197599143,77.70491803278688,0.02385028027379793,1.1397766060661119,66.20689655172414,0.02370174776842602,115.11054266398685,140.0,129.28380874204802,3,0.10962908825141598,0.39999999999999974,0.2999999999999998,0.5999999999999996,1,0,0.15951032340581023
1044,4.3999999999999995,4.561000000000001,207.29343254196593,69.33154515156451,104.77754789904174,393.2741445742492,288.49659667520746,75.45454545454545,1.2916587595758102,-54.080226538026515,-3.034084989008746,6.1545401836133165,0.03766194940085858,0.03189327031183657,38.41806436029418,-3.782265038577505,-4.628247789737162,76.11111111111111,0.05011666404074097,-2.398577294524124,74.34782608695652,0.032074836838798367,1.5379353419463635,80.0,0.005768191204025893,60.26113157013726,135.0,70.48688160814515,3,0.14507309452070086,0.4333333333333335,0.20000000000000018,0.9000000000000004,1,0,0.5089833723914743
1045,22.1,3.238999999999997,266.5026673560551,77.57141665991655,104.14311331793756,394.99954149103075,290.8564281730932,83.07692307692308,-0.003364985746355594,-0.176770474512015,-1.882513933437099,6.076413995064295,0.045224737903817175,0.05160863239874262,50.00692184145598,-0.1648925718936224,-2.0207092313110597,78.58156028368795,0.05098146002207895,-2.063213294778378,84.37869822485207,0.042856832617393925,-1.5215317899247858,86.21212121212122,0.04210714831844309,158.64872331189076,182.72727272727272,161.19331168050044,2,0.015785942618098632,0.20000000000000062,0.20000000000000062,0.3000000000000007,0,0,0.12782667035005318
1046,6.3629999999999995,0.9000000000000004,202.11186159288084,61.818981763029576,83.63761673162192,381.5859021606521,297.9482854290302,71.81102362204724,0.0014812868249514301,0.27286048077574065,1.3791097174530746,4.763309378101319,0.011848030788517174,0.007455814009683427,17.13046686921796,-0.5943500384000616,1.2799052200066154,77.12418300653594,0.012947026660934715,1.7148680905329954,76.44628099173553,0.013152252964778784,1.0496380290798513,63.75,0.009845254277053374,156.95993391160678,190.0,156.95993391160678,0,0.0,0.0,0.0,0.0,0,0,0.12391573729863697
1048,13.689,3.5,216.7364340545315,46.848904537596596,93.96803195098926,388.9172511994045,294.94921924841526,75.1280175566935,0.01718341646118994,0.13604355734782278,-0.3033895529587346,4.082092901940022,0.020528602475751716,0.018981705443415237,24.137645238262554,0.34630881481782727,-0.7278871266498953,71.84265010351967,0.01178423306776552,0.5720113939460026,81.20104438642298,0.02495180690074879,-0.6420048278003077,73.65269461077844,0.02556733380898569,132.64296934085752,142.5,158.45437486969215,5,0.1628948746291233,0.5600000000000002,0.3000000000000007,1.7000000000000002,1,1,0.20361859328640408
1052,34.90000000000001,19.487999999999985,144.00147779967867,48.85055334958121,81.71004685995447,392.14785945997244,310.437812600018,60.77363896848138,0.05772828592125155,0.08143129626350955,2.5159445249427237,5.144525754210179,0.01399027853171598,0.011867097276824263,19.458461390045873,-0.004748257007669013,1.6963213626005107,66.63560111835974,0.014667058073443706,2.6805666555545478,61.365286855482935,0.013334323028677908,3.3126020306605337,53.94230769230769,0.014160534569609794,107.00889902184306,132.27272727272728,161.72057352450813,27,0.3383099213061703,0.6814814814814811,0.5,3.6999999999999957,12,4,0.3583143340442742
1054,19.2,1.463000000000001,257.4944818276217,58.37690245621696,79.60150726791923,394.80132266762604,315.19981539970684,74.42708333333333,0.02525314634820769,-0.4181443830218415,-0.18964062290395317,4.128353708419019,0.03710057555215641,0.026023795227973365,29.211779123289485,0.1822040754259687,-0.02653271347215897,77.38287560581583,0.030891536541751544,-0.6135843253280533,74.74600870827285,0.037939189322227646,0.13266355670658053,71.07843137254902,0.04243650734931578,159.7057542467212,173.68421052631578,159.7057542467212,0,0.0,0.0,0.0,0.0,0,0,0.07080288438271311
1055,16.0,5.263999999999999,250.42363392889885,72.67343786530348,97.48768394216411,394.6185769438127,297.1308930016486,86.4375,0.036877117159093385,0.6121981496544143,-1.9357420420438998,5.970955350915914,0.045616693997602445,0.05159587588117251,50.401429061440474,-0.4995326042474865,-2.0126628487296396,86.76748582230624,0.06462320866859533,-2.078779619402044,84.90284005979073,0.03716500033233053,-1.6083487998860901,88.55721393034825,0.034670765642158846,129.79683972911965,172.5,133.5656213704994,2,0.028216704288939035,0.2999999999999998,0.2999999999999998,0.40000000000000036,0,0,0.2475545522949586
1056,15.600000000000001,3.0519999999999996,275.58477823718664,48.72743238696615,90.1773929101722,394.7991713768669,304.6217784666947,78.14102564102564,-0.01656258192479298,-0.2921959496152827,-0.40720091638921513,3.3887057154631943,0.034509189727058104,0.03383321974241995,32.906177551085655,0.18587681832273154,-0.4991118600503232,74.10358565737052,0.02420285281912803,-0.16007738233714522,82.56704980842912,0.045745400894363415,-0.5810455609433256,77.61194029850746,0.03321903841819155,122.23890199442418,152.0,135.2955138855922,4,0.09650439631138741,0.4499999999999995,0.3999999999999999,0.7999999999999989,2,0,0.16362856530130815
1058,5.4,2.3329999999999993,201.16328623477727,64.66592195602678,73.96321445628277,394.41309956761097,320.4498851113282,57.592592592592595,0.20574528015763394,4.993934834293648,0.9623375118340931,5.0789256835510885,0.010015767285983001,0.007251021972397956,18.69245191992395,-0.7198741023666739,1.2095945937724057,75.78125,0.012976131220019954,0.21265440759645782,58.52713178294574,0.009395933451987562,2.378499603768483,40.90909090909091,0.008593627971788803,116.3843269106427,150.0,119.47431302270013,1,0.025863183757920623,0.20000000000000018,0.20000000000000018,0.20000000000000018,0,0,0.30169403853614374
1061,17.7,3.3290000000000006,235.60300666235028,93.85993652149428,77.81277442812315,394.8687734753788,317.0559990472557,78.75706214689265,-0.15246438100418216,-0.4025347773410433,-1.707999939450284,7.89371109177965,0.035606044034043036,0.03422833749842337,38.34231353143617,-0.1415660794579336,-0.32073300523802817,80.03565062388591,0.04171405454269026,-2.139691580697579,75.1227495908347,0.032485439049330295,-2.5819431290157047,81.27090301003345,0.03306439813154871,105.56850064197062,116.84210526315789,120.46231482988769,8,0.12363878453564128,0.32500000000000007,0.30000000000000027,0.5,0,0,0.1583051975842884
1062,19.099999999999998,3.1830000000000034,226.52796499868938,61.41406419925395,89.80958355606195,394.7199529077298,304.91036935166784,88.84816753926702,0.08915626827999817,-0.4627341740323018,1.2530434872674363,4.2715084246155355,0.041366238486695,0.03196701551034189,38.15011199749127,-0.3759714008767922,0.6796276370568249,92.94755877034358,0.04495147801707355,0.9087168124244063,87.81575037147103,0.04407974288673857,2.0946529667277147,86.54970760233918,0.0357977795370917,148.0949602836243,173.68421052631578,152.89811425659084,2,0.0314140824844052,0.35000000000000053,0.35000000000000053,0.40000000000000036,0,0,0.14284432078265957
1063,25.10000000000001,7.370999999999988,212.8618924381193,33.76588033450659,97.43125959502446,392.75812866136164,295.32686906633717,76.25498007968127,-0.03918698260121809,-0.009971304762548401,0.28781126914129573,2.4804548322039266,0.021999754423137355,0.022810012412312914,25.91666788281108,-0.07302615644519615,0.706295933039212,78.05456702253855,0.026811356690458806,0.2875742748540161,73.24263038548753,0.01858458808193598,-0.16335235468697684,77.70700636942675,0.02066981302388592,116.41156724461828,130.3448275862069,138.1023711227211,7,0.15706322564750064,0.7285714285714275,0.5,1.8999999999999986,3,1,0.2270025561270053
1064,0.0,10.241,,,,,,0.0,,,,,,,,,,,,,,,,,,11.71760570256811,60.0,11.71760570256811,0,0.0,0.0,0.0,0.0,0,0,1.0
1066,16.600000000000005,11.142999999999994,212.1298198785558,82.8219588562245,98.12564964486741,395.00412766580126,296.87847802093387,80.3012048192771,0.08627202222798275,0.034290822494194705,-2.6302006717250066,7.091885595878127,0.03650531198572317,0.03110998229605401,34.58251349919016,-0.0645192298134438,-2.9690619311768165,84.58015267175573,0.034916610161764575,-3.2231002497296553,73.59223300970874,0.03339769196221712,-1.5991054772248434,81.63265306122449,0.041895156897556844,103.80997008254334,125.21739130434783,146.6171155118872,10,0.29196554085715304,0.8099999999999996,0.6999999999999997,1.8000000000000007,6,2,0.40165086688534024
1068,24.9,3.8880000000000017,208.84147460325568,72.39280287407439,78.56011971172167,394.89563234356496,316.3355126318433,85.90361445783132,0.03578828277828883,-0.5346556650940933,-1.1581942715087545,6.124679156069815,0.042087923253475476,0.0388814644323566,41.79848761695412,0.1314772553840743,-1.9064678332151277,84.70588235294117,0.036627303954059366,-0.5940433588551243,85.5952380952381,0.04689397613735837,-0.9680050454649995,87.5,0.042848532535530344,137.55731554814506,158.4,149.5016611295681,4,0.07989440044462973,0.5750000000000002,0.5999999999999996,0.9000000000000021,2,0,0.13505627344726975
1073,10.1,1.4990000000000006,219.4173393015802,91.59143827464916,83.74853930018415,394.7166605261498,310.96812122596566,71.78217821782178,0.21927874156989507,-0.9101537820106287,-1.0773102305780309,7.988586608402516,0.03958254386282283,0.04295868217078217,36.402733542158764,-0.13443041146948836,-3.509438837118864,67.82334384858044,0.035923354485942915,0.2907310742642174,77.3841961852861,0.043532256169671116,-0.48269111628121425,69.32515337423312,0.03869425740839835,103.45719458574015,120.0,109.10082734794072,3,0.05172859729287004,0.19999999999999987,0.20000000000000018,0.20000000000000018,0,0,0.1292352789033538
1074,13.7,1.9220000000000006,180.50619252271593,48.250880928950636,75.58710665463664,392.9709176860261,317.3838110313894,66.42335766423358,-0.060453318624991786,-0.24325818482930142,1.1974563801632352,3.9616751594778763,0.01776800913006804,0.01627945096677415,21.73449527846949,-0.31191658025036934,1.7274756404159064,70.48832271762208,0.021375949317355494,0.667376263832459,70.93275488069415,0.01922078575571107,1.1869775101882434,57.305936073059364,0.012359173850082132,138.266547177058,166.15384615384616,151.87737308395444,3,0.08961720650364872,0.4666666666666668,0.40000000000000036,0.8000000000000007,1,0,0.12303162207143775
1075,14.199999999999998,9.703000000000001,141.48554819358517,54.398008075245144,80.7620762328921,390.7107442748716,309.94866804197954,62.95774647887325,-0.06896739433953458,-0.22440235335605402,2.484787263745719,5.474213294567386,0.02191056978094906,0.0187665011251828,22.393427916629065,0.22036780193139738,2.4282580485183853,57.28643216080402,0.01774947728129057,3.4799897621070324,68.42105263157895,0.02386541395493332,0.8430803716209796,64.83870967741936,0.02668907675205291,90.36522612224408,108.0,122.70635687098793,9,0.2635652428565453,0.7000000000000003,0.5999999999999979,1.4000000000000021,5,3,0.4059323097519141
1077,19.699999999999992,6.162000000000006,223.43707274074663,81.31257403788747,91.16403775246872,394.79292968688816,303.62889193441947,77.71573604060914,0.0477716799736896,0.4113998748977923,-2.1055769509092483,6.741389738594114,0.03402748219998531,0.02985369347233471,36.99192245499753,-0.1031033871551998,-2.243791297396856,81.33669609079445,0.034195505951337066,-1.919843973442244,72.22222222222223,0.03638676317203692,-2.089688938647783,78.58407079646018,0.031241343037500917,104.40027840074241,112.5,122.93962298515623,9,0.150800402134406,0.4333333333333342,0.20000000000000107,1.9000000000000004,2,1,0.23826463537236126
1078,16.2,2.583000000000002,233.07594067911967,49.24842151619265,91.0686312787763,394.9173810465551,303.84874976777877,86.66666666666667,-0.007446933090236245,-0.14358805857944362,0.9067786086594334,3.3294764419533798,0.04420540090320198,0.042214528564506346,37.11010438273165,-0.5096191530955934,0.7984161249265509,92.11045364891518,0.0597999046714218,0.7824257236925815,84.9809885931559,0.037205222360906044,1.1234949749521659,83.47529812606473,0.037047705336073454,121.38636000638874,142.5,128.2123376258224,2,0.05323963158174945,0.5,0.5,0.5999999999999996,1,0,0.13751796837565894
1080,23.4,4.917000000000002,251.9835606092385,76.3292583236087,82.28987030442934,394.9994626256507,312.7095923212214,82.86324786324786,0.05202301853461351,-0.1785906649941947,-1.977792909411261,6.2065245755815726,0.04364514693622182,0.05347032144532478,46.106256913892864,-0.22049056790666716,-2.8632158399018093,83.57348703170028,0.062334373536079395,-1.7301803815495216,84.68271334792122,0.03483757949918515,-1.4275481177539424,79.91803278688525,0.03692355318915944,118.65663735565208,140.0,125.76262304899502,6,0.056503160645548695,0.26666666666666705,0.25000000000000133,0.3999999999999986,0,0,0.17364127555885162
1081,28.1,5.677,208.9356806325504,71.22735786927724,75.46353885332098,394.85784785487834,319.39430900155736,84.69750889679716,-0.013346328074610496,-0.20791783765816366,-0.7680385477379362,6.005239247919713,0.04248199917807682,0.040590421801681244,44.78863985401118,0.0019552765943615194,-0.5889387420791191,85.92132505175984,0.038756236162241504,-0.7841976479740784,84.5841784989858,0.04755417884108118,-0.9568320520673715,83.44988344988344,0.04084787088620573,110.134114930278,120.0,122.46107252197385,9,0.10066021257068412,0.37777777777777755,0.3999999999999986,0.6999999999999993,2,0,0.16807294904816886
1083,29.600000000000005,5.691999999999997,274.4391137519763,45.59335456346693,95.84079815939138,394.97898475913206,299.13818659974066,80.4391891891892,0.018506708598863043,0.16197696610807882,-0.35207337300738917,3.1155586856006745,0.03568626045604515,0.038183405068837876,37.0109782723613,0.05310119578347855,-0.5362689715485889,73.6949846468782,0.026269553279167964,-0.5198521895227112,84.2050209205021,0.04684700797509929,-0.039359847020826,83.34956183057449,0.03425534349751864,71.40428425705542,74.11764705882354,80.7899461400359,12,0.11617363708489165,0.34166666666666634,0.25000000000000044,1.3000000000000007,1,1,0.16128301031395206
1084,38.3,7.990000000000002,211.31738240837169,47.70400038105406,73.44955986844992,394.2810107788296,320.8314509103797,77.75456919060052,0.0045162721588172675,-0.038055544046536244,-0.47905309463516177,4.021100823818818,0.023200370803804344,0.02425279943213909,26.24411526670226,0.06394155686790373,-0.5874338129528339,71.77615571776155,0.024188715546618174,-0.6841242873459753,80.29435813573181,0.02460214981575882,-0.21145917298515382,80.85880640465793,0.021065723933709896,107.58263123784835,115.81395348837209,125.15707464186984,13,0.14041909699719168,0.5000000000000002,0.5,1.2999999999999972,4,1,0.1726074746165479
1087,30.2,4.178000000000001,215.9198998662549,68.06171201481561,93.34150136624224,394.9637017017916,301.62220033554934,82.41721854304636,0.02026057310240718,-0.13819322412384252,-1.0736293682305187,5.734884489707414,0.040818386189009216,0.03938235214429324,44.569258204084285,-0.11979460884221353,-1.8727498525648412,80.78393881453155,0.036953231926781266,-0.4386166425288425,80.97514340344168,0.044373392122855015,-0.9012315883143546,85.88362068965517,0.04116797148156065,125.66176042818081,135.0,135.5166572557877,9,0.0727209261737157,0.27777777777777757,0.20000000000000284,0.5,0,0,0.12153121182151379
1091,6.9,1.1719999999999988,218.2446475135528,48.426475446328126,91.30369896386529,391.85481319420984,300.5511142303445,86.66666666666667,0.13003796471843473,-2.8020930276429348,0.7309673080622482,3.681129514553584,0.03983164895277073,0.03692788265245668,41.69356118012756,-2.037790054024707,0.28536366353731507,88.26086956521739,0.05995246089578461,1.529766534797718,82.8996282527881,0.03254743394464806,0.2212307515305718,90.05235602094241,0.026038877610243687,126.36273538156593,145.71428571428572,127.94781736076267,1,0.01238850346878093,0.09999999999999964,0.09999999999999964,0.09999999999999964,0,0,0.14519326065411287
1093,15.999999999999996,3.4360000000000035,147.85164277479848,57.8605789699533,89.0817696648762,394.60730496704514,305.5255353021689,54.0625,0.01882092151005284,0.21809357710389032,2.6211647868654206,5.5068699417439895,0.011783952669489181,0.00909454042340278,18.322749110615696,-0.014120510142871835,2.939944740719727,53.81526104417671,0.01128229838166455,1.6512824879091492,53.84615384615385,0.011686488571464638,3.3591949614175918,54.528301886792455,0.012360506064596178,104.95986828565549,107.36842105263158,121.16892373485389,7,0.13377238114838455,0.3714285714285717,0.3999999999999986,0.6999999999999997,2,0,0.17678534677917285
1094,5.300000000000001,2.2239999999999993,228.96047681860708,102.25572905399756,79.75999195701229,394.77585598565724,315.01586402864496,77.16981132075472,-0.27615886018864355,1.1955091473907289,-2.0935584272874608,8.796432416326954,0.03470278159961583,0.040966496398000346,36.40948337845008,-0.39146403100612476,-1.541283716221502,84.5303867403315,0.03987209841795195,-1.440666567146797,71.49321266968326,0.028046005526403208,-4.008404801729467,76.5625,0.03888638447509357,103.66826156299841,130.0,112.65164644714038,2,0.0797448165869218,0.2999999999999998,0.2999999999999998,0.2999999999999998,0,0,0.29558745348219023
1095,48.199999999999996,8.121000000000002,217.12173409367807,41.84349252162938,71.94530294727218,392.26440812645177,320.3191051791796,79.50207468879668,0.0025700449374534743,-0.04773351682130224,0.017089117941887118,3.278511030377885,0.0240870884310568,0.02442134580960149,26.734930675500358,0.017571735830045364,-0.2386639305478449,80.8618504435995,0.022129746883192074,0.3100291091143635,78.10173697270471,0.02617773712579661,-0.01565610874527526,79.57055214723927,0.023914425404437153,107.59752135082829,110.18181818181819,121.39179904248715,20,0.11363434598107289,0.3200000000000003,0.29999999999999893,0.6000000000000014,2,0,0.14419133183004568
1098,27.2,4.644000000000002,250.8850359082095,80.5974145122179,67.63172202075822,394.9081522181285,327.2764301973703,80.55147058823529,0.07990576709883065,0.3428471022599992,-2.3597254640630334,6.748845679463968,0.03337322012648468,0.03941651646905936,47.20241646379206,-0.08287812380359545,-2.9394738119346138,81.59645232815964,0.03369864229367311,-2.6666108266737765,81.13207547169812,0.03875269832982469,-1.460515541270303,78.95310796074155,0.027767505125379652,141.31390528828035,173.07692307692307,150.78407720144753,4,0.06280618012812461,0.5,0.2999999999999994,1.3000000000000007,1,1,0.1458359502575054
1099,12.399999999999999,1.0010000000000012,182.9991664131803,44.72065813607212,79.63036592491275,390.34630495957055,310.7159390346578,65.45601291364002,-0.17524175543396284,0.09924964424032828,0.7631238891194164,3.644639884789203,0.014698658843017525,0.012694207393600346,21.644320827386903,-0.16868963798484082,1.7222476980573997,73.20954907161804,0.013741605181707247,0.597256837123088,71.22302158273381,0.018349475932079827,-0.142151979888877,53.48314606741573,0.012088363346781558,143.27289008282963,160.0,147.6809476194139,2,0.029848518767256235,0.2000000000000004,0.2000000000000004,0.3000000000000007,0,0,0.07469591821505867
1101,17.700000000000003,7.873999999999999,224.90547659956215,86.29313139333189,90.42916487521778,394.8838900455167,304.4547251702989,74.46327683615819,-0.029802419476590302,0.3421169600145173,-1.8025198277253067,7.201773607080228,0.03349743757490162,0.03129308133743196,35.73144011329938,-0.2710796478712634,-1.253894574953124,74.70489038785834,0.03249913436902365,-2.0427293044329775,79.38005390835579,0.0370555142871288,-2.1576163493940443,65.74712643678161,0.028789163737230495,110.26824118245092,134.28571428571428,126.03915258782514,8,0.12512708219285207,0.3999999999999999,0.2999999999999998,1.0,2,0,0.30789082662078665
1103,24.66999999999999,4.300000000000008,270.3893626195942,47.099132746923146,74.38196043511864,390.49773167769143,316.1157712425728,79.56204379562044,-0.052654234474395094,-0.24190775350879978,0.15317548221971042,3.3244592123109107,0.03721940807811223,0.036870512401671704,33.871473522447836,0.058751936681257215,0.47866862329994647,75.46728971962617,0.040440339660617566,0.4594812786095426,78.3175355450237,0.035244161207217004,-0.4769568850345058,85.50913838120104,0.03579641972877934,118.05315843976528,131.53846153846155,135.87604290822412,11,0.13117017604418393,0.34545454545454624,0.39999999999999947,0.6000000000000014,2,0,0.14842940973420807
1104,8.3,0.5039999999999996,235.0461575900378,95.4888477914912,87.05893664121002,394.4909678786233,307.43203123741324,76.96019300361881,-0.35812832414118906,-0.23072736180029282,-3.373852679532882,7.7106925341591515,0.02024119228064613,0.0160553794170374,31.53124917665391,0.5242763687290383,-2.6839685263693758,72.88732394366197,0.01516745888879981,-3.097274114213742,83.95904436860069,0.02529735015105902,-4.513551851280742,73.41269841269842,0.020080422547524613,177.19218537028624,260.0,185.62589243217516,1,0.045433893684688816,0.40000000000000036,0.40000000000000036,0.40000000000000036,0,0,0.05724670604270781
1106,13.200000000000003,3.4669999999999987,206.309685103697,72.75598196913381,108.2660484460755,393.5468236734591,285.2807752273836,86.13636363636363,-0.20966036904293067,-0.2227513236361609,0.14582757085180362,6.091997130922292,0.04140297062414693,0.03748374989470798,38.004086477745226,-0.7548393099351457,0.7225816962711291,90.7258064516129,0.057774479246730855,0.27561563354043367,85.25179856115108,0.03221993495724168,-1.3614911998200612,79.4776119402985,0.03016251158448447,97.19805603887922,124.61538461538461,104.06629408363844,3,0.06599868002639932,0.3666666666666658,0.3999999999999986,0.3999999999999999,0,0,0.20801583968320625
1107,28.1,1.3929999999999971,196.12815380597377,79.8111637865295,88.49381773005281,395.05912428599277,306.56530655593997,83.02491103202847,-0.018611507158607533,-0.22871893427466858,2.520241860211578,6.379427395999747,0.038384565777626424,0.030783782316216205,40.560127297079084,-0.004843831899596245,2.4651943677605668,83.15677966101696,0.03782233450894927,2.776976755237392,79.24720244150559,0.036625363852561474,2.3163612338772914,87.08946772366932,0.04094053815172302,179.0255314820466,188.57142857142858,180.86527592231016,2,0.01017190519784358,0.15000000000000036,0.15000000000000036,0.1999999999999993,0,0,0.04723154646865348
1109,35.80000000000001,6.910999999999987,235.4432456401209,85.35602434977136,65.60476506164798,394.92064481442446,329.3158797527765,81.03351955307264,0.09917844466372812,-0.2519397075534339,-3.206357597709715,7.268152518839107,0.05704606839116715,0.05243862616163632,45.627161503279524,-0.13876412268486804,-4.540369448410078,82.0945945945946,0.06770273646653728,-3.7290951537808983,80.68181818181819,0.05826702334799893,-1.437822525011449,80.35143769968052,0.045852564020676924,150.31256584954696,168.94736842105263,169.34398987101366,12,0.11238322680339936,0.3999999999999992,0.3000000000000025,1.6999999999999993,1,1,0.1618084334246444
1110,37.5,9.103000000000002,140.48904804845392,49.908225142420406,88.22316168753488,389.7356183578206,301.5124566702857,69.14666666666666,-0.04164085929153269,-0.07156783200782194,1.8892687628805036,4.61348610121756,0.02326346594081203,0.0229670447252908,26.588090927662048,0.06961609084360063,2.393302312899356,68.36734693877551,0.018443317603860445,2.0291445024046344,66.63800515907137,0.03208951910372509,1.311214992872455,72.12490479817212,0.02012269606480931,158.3589039332232,180.0,187.77192580719026,13,0.15664227624831017,0.5615384615384614,0.3999999999999986,2.6999999999999993,3,1,0.1953307726970367
1111,6.7,2.0780000000000003,204.4470917089008,64.50090655449648,84.08679561447713,390.22437128113614,306.137575666659,81.49253731343283,-0.3934564067741515,0.06829373592598305,0.0603200428660477,5.77182697242157,0.03648485865720702,0.036327064908951816,41.15019955705581,-1.6585324305928666,0.5279635935547823,90.64039408866995,0.05745244874296886,1.3773081741718611,76.68161434977578,0.02673798411103808,-1.5692683538879901,78.27868852459017,0.027943574419818654,143.54066985645932,180.0,157.9343193782903,2,0.09113693324219638,0.3999999999999999,0.3999999999999999,0.7000000000000002,1,0,0.23672818409660518
1112,12.000000000000002,3.908999999999999,202.47013499974167,95.11523048504023,72.79550252375982,393.62247074731124,320.82696822355143,79.08333333333334,0.09303205724601823,1.1125107169555875,-2.4679866489200872,8.571524176364033,0.03566137704693495,0.03271082095684967,34.58764974137167,-0.15129645445590992,-3.542016391516868,78.77237851662404,0.03766930197867838,-1.3843691033026722,77.10526315789474,0.04133838471238116,-2.429764752788174,81.11888111888112,0.028802725389169823,124.45785404488025,141.42857142857142,142.35387159393196,5,0.12571500408573752,0.39999999999999963,0.2999999999999998,1.0,1,0,0.24570997548557413
1113,29.200000000000006,6.013999999999992,252.6876005493574,47.285803655928056,98.98223742380254,394.37901852622264,295.3967811024201,84.07534246575342,-0.012413928091730664,-0.014782249067980053,0.5461779169231727,3.2803904659932743,0.033547998965685666,0.02813982510333544,30.743522261879,-0.05439363214914247,0.8165054472424538,83.33333333333333,0.03502378074234171,0.4844812606643956,85.59837728194726,0.032912710488409096,0.3317700825623602,83.26315789473684,0.03267876230291215,115.86300903049924,127.5,125.099650456859,9,0.0738342704606122,0.28888888888888864,0.20000000000000018,0.5999999999999996,1,0,0.17078434713466215
1114,17.884,2.1000000000000014,225.8326810738784,42.47074403659058,95.80188909621333,393.30973788486443,297.50784878865113,82.31673195299385,0.15840100053099979,0.021644018704475868,0.4394660175384862,3.2328644242209834,0.040352939716421225,0.03508180388419979,47.51001444746211,-0.0151726361158177,-0.7568933691531823,85.99605522682445,0.04276562286294619,0.5357231005656988,78.328173374613,0.03817383152174888,1.3334293608008643,83.4384858044164,0.04065115001580824,165.1321056845476,183.33333333333334,170.24349979364425,3,0.0300240192153723,0.20000000000000004,0.1999999999999993,0.3000000000000007,0,0,0.1050840672538031
1115,26.199999999999996,4.286000000000005,259.04383254749564,62.91257216904628,91.0429379215264,394.96865820631393,303.92572028478753,82.06106870229007,-0.04548467765907497,0.12897139198824817,1.163393773961989,4.205560573067178,0.034305776912698135,0.030784827449187775,30.94924021261372,-0.030996098577052166,2.001198523178503,79.81755986316989,0.03483243734239498,0.802120646374094,83.97291196388262,0.035864083908516114,0.7134276018286098,82.3803967327888,0.032154583398456636,157.44932099980318,165.51724137931035,170.90365306558428,7,0.07872466049990166,0.34285714285714314,0.40000000000000036,0.5,0,0,0.14058912287607442
1116,11.0,2.087999999999999,188.67815748931486,68.18640390829569,68.0661153526029,393.05946900993,324.99335365732713,59.36363636363636,-0.09863170508511694,0.514292149444477,1.6116115474654575,5.714218890822831,0.03474808283768461,0.03549948927808894,29.174725728105493,-0.34185511159418525,2.722212736424281,53.904282115869016,0.03969034173950976,0.840949337811257,67.87564766839378,0.03326066806804051,1.409605019172871,55.83596214511041,0.030369739989287242,206.2958435207824,225.0,231.00616016427108,4,0.1069682151589242,0.35,0.24999999999999956,0.8000000000000007,1,0,0.15953545232273833
1117,19.7,5.535,224.8398804558178,50.12156178539407,92.57564816480472,393.5871820487989,301.0115338839942,91.97969543147208,0.014310442410776416,0.3576845166198249,0.7199970156204272,3.5690630147980182,0.049128862384477605,0.03996253033982168,41.333166665940475,-0.09611988850885217,0.7470675098332371,93.23843416370107,0.05002524142564428,0.8142295981191583,88.21081830790568,0.05023403291290273,0.6063208477727193,94.90538573508006,0.04723541003568946,145.0366554388746,183.0,157.52098127824402,4,0.07925500297206269,0.5000000000000004,0.5000000000000009,0.5999999999999996,2,0,0.21933822072518327
1119,16.000000000000004,2.5209999999999972,203.49123351407422,72.98278410926748,87.6505681711747,395.0354000676931,307.3848318965184,76.25,0.15353399828519104,0.31705955203002956,-1.1406157286148557,6.321858895890684,0.030905123644777203,0.026390139105498523,26.879203620797497,-0.05808567576014397,-1.7571030548334037,74.62121212121212,0.02455201411149206,-1.5004834420498816,75.94254937163375,0.03925514616596198,-0.16016895612571488,78.25242718446601,0.028387607701621173,155.49916311214295,169.41176470588235,172.23850248190894,6,0.0971869769450891,0.2999999999999992,0.2499999999999991,0.5999999999999996,1,0,0.13611576048809443
1120,17.064,0.6999999999999993,165.21596907847265,42.36142002963031,95.65772936857789,386.1103610490368,290.4526316804589,77.65395894428153,0.03554893610916347,0.7059018753051994,1.1200109315142293,3.6602828719739833,0.03088382258550118,0.03236852327831466,32.62228029209774,-0.21222391572670238,1.6794869738820761,75.40687160940325,0.031432675121975805,0.1940098394661502,81.49466192170819,0.03358356206324013,1.5449708212483675,76.10169491525424,0.027794127795499446,141.85994145462735,157.5,144.29683921209346,1,0.016888088268407958,0.29999999999999893,0.29999999999999893,0.29999999999999893,0,0,0.039405539292952
1121,34.372,8.600000000000001,183.8146033367804,64.2109722177184,87.34011088920813,395.05597957139395,307.7158686821858,73.28288707799767,0.040233977875431134,-0.236693215048782,-3.0095871658059963,6.139713734164639,0.028625927074900564,0.02863172265708094,33.30176677862645,-0.06710187884197444,-3.780816615844582,77.93468667255075,0.02771802244739257,-2.7543311460936764,67.68128916741271,0.029036729925927457,-2.4543857397746436,74.11467116357504,0.029106356382126126,131.2482546774644,141.0,159.90020412792018,15,0.17918644698873692,0.5133333333333335,0.6000000000000014,1.3000000000000007,8,1,0.20013031741599183
1123,29.000000000000004,5.09,197.64870781008162,73.58054603502792,80.67250925981655,394.5180028312544,313.8454935714379,73.37931034482759,0.0037488742314080088,0.18428175322661894,-2.823445566895839,6.8961792649584295,0.03178760691305892,0.03162493946837964,33.082543066337614,0.013482429166690978,-3.1193613648821286,75.67030784508441,0.030767457504991432,-2.0627794409372595,70.1839303000968,0.030470679227166626,-3.33201827088089,74.53488372093024,0.034563975231024856,154.88413024347315,165.0,172.04301075268813,9,0.09973599295981218,0.37777777777777755,0.2999999999999998,1.0,2,0,0.1493106482839542
1124,17.2,2.5749999999999993,204.75740789103136,67.80701640077864,84.65619322500858,393.4934936943323,308.83730046932374,76.10465116279069,0.00756438350091799,0.019191989717707178,-1.106006721875511,5.997276376601042,0.03233352828197544,0.031225717243470185,28.93958819370056,-0.15044870417771544,-1.0145986298009628,77.54385964912281,0.0337855650662896,-0.9819974995293335,78.0,0.035092951050561545,-1.3197106786870645,73.0,0.028422443489032608,136.53603034134008,150.0,151.89873417721523,7,0.10113780025284469,0.2857142857142862,0.20000000000000107,0.7000000000000011,1,0,0.13021491782553726
1125,26.3,3.9239999999999995,202.48073008041837,69.68009075686507,86.96405462151637,394.5671355921061,307.60308097058976,88.40304182509506,-0.020896098123236253,-0.7520630327721153,0.977681489546685,6.016331689174618,0.04262216464392181,0.03820553100949397,37.503654449880514,-0.041071492083221334,0.9195220648351692,85.42141230068337,0.04702511400942931,0.6127653204756193,88.02736602052451,0.04271674614047192,1.382830743664368,91.77142857142857,0.03810932176919034,178.66596082583376,207.69230769230768,194.07705577918344,8,0.07940709370037055,0.29999999999999993,0.34999999999999964,0.5,0,0,0.12983059820010587
1126,49.59999999999999,4.108000000000011,263.85355900469443,62.32953344013428,88.71127974432153,394.93251799829864,306.2212382539771,81.99233716475096,-0.009051367910112823,-0.05100852107671866,0.5625978045196436,4.1700399327469295,0.03682503706288033,0.035149743728448285,30.860941482931203,0.03610973995005888,0.8703448841481403,82.43488794669896,0.0343632133934553,0.28967046239550526,78.78787878787878,0.03613953020037494,0.5170189926954413,84.7406513872135,0.03995677738919414,182.09577716541298,188.07692307692307,194.7896749521989,16,0.06516720041707036,0.21875000000000094,0.20000000000000284,0.39999999999999947,0,0,0.07648767408952133
1127,31.477,5.199999999999999,201.80984956797315,67.16686726829539,66.54281475442927,391.6600815623513,325.117266807922,66.1474888747616,0.04550137077290619,0.1679122281416931,-0.21038006238573706,5.787957161527851,0.03032574204099555,0.02960465246095603,32.08832220980164,-0.16198850762986766,-0.9455116390098236,65.29242569511025,0.03630509124693966,0.2825666212825002,65.13098464317976,0.030343877207343484,0.0034786191403364565,68.1726907630522,0.024050379101229383,201.2160209395534,217.05882352941177,231.51488534052766,17,0.13087220874117295,0.2823529411764706,0.30000000000000027,0.5,0,0,0.14177822613627067
1128,6.9,3.106,251.05137562591113,91.52773745418017,92.58443007758582,393.9291247010609,301.3446946234751,82.89855072463767,-0.17574432382726596,0.07635884792723528,-1.7560552987769735,7.231494167817624,0.058816676033395646,0.06458269082555616,63.85281288589289,0.7278909125812403,-1.2561245819529054,88.43537414965986,0.046810114503202126,-2.74148898560587,88.88888888888889,0.0878426069578802,-1.0350147171793487,64.19753086419753,0.03898162808537109,167.89926044373377,240.0,192.97036526533427,3,0.1299220467719368,0.4333333333333333,0.2999999999999998,0.7000000000000002,1,0,0.3104137517489506
1129,55.099999999999994,4.721000000000004,230.3262249229056,89.88097132133461,68.48119364579591,395.06028328205355,326.57908963625766,80.27223230490019,0.014264169816020595,-0.10460403864333617,-3.0788447309222806,7.49195656997818,0.053639196077240194,0.04897183846005175,46.96907344780496,-0.11763528945604197,-3.632512976459988,81.4207650273224,0.05955718756819024,-2.704794690066509,81.62930563149261,0.05418873446618131,-2.8937690539406704,77.79578606158833,0.04724908776005719,142.4249009545143,154.9090909090909,150.4742056834037,12,0.05349292054629656,0.2666666666666672,0.25,0.5,0,0,0.07891877434345805
1130,21.199999999999996,3.2510000000000048,196.92474630479504,69.02523058542982,95.89294060966408,394.99368619281205,299.10074558314795,89.4811320754717,-0.029930733580526506,-0.005870552267317355,2.2149209043667426,5.602556939120289,0.03965686871522643,0.03670747895923693,35.48206578225647,-0.17463452069234303,2.191256286791029,91.57608695652173,0.046587579660568604,2.4442535797024365,89.68152866242038,0.035846859714690996,1.934573599568482,86.64440734557596,0.0361515095828828,122.69436832849372,142.85714285714286,127.92631444288092,3,0.04089812277616472,0.33333333333333454,0.3000000000000007,0.40000000000000213,0,0,0.13295979714531123
1131,41.300000000000004,9.273999999999994,148.64668476201823,60.72324392656626,85.49689648327673,391.5516951138655,306.0547986305888,68.74092009685229,-0.03685608287242044,0.19441357962229266,2.305337873435928,5.391526072794087,0.027771819919261302,0.027122168534629718,27.655053533577963,0.023098770682992896,2.939483432938103,68.69300911854103,0.02324618021239119,2.4899620813089607,72.54901960784314,0.03445577443657054,1.5336255674093877,65.38978494623656,0.025818068685584575,143.5520227785028,154.46808510638297,170.1270094202559,20,0.1562067465496105,0.3950000000000001,0.3500000000000014,1.5999999999999996,3,1,0.18337485664570716
1132,35.2,1.2149999999999963,200.04244031224124,82.12745882854513,65.69289942177085,394.7977147308337,329.1048153090629,82.44318181818183,0.008236884906593338,-0.09508156315612619,0.8533639564330857,6.620013280808249,0.039724136953235914,0.032365875038447685,40.21152636861234,-0.07379798552158878,0.7790266867481289,84.36426116838489,0.041095928738569966,0.7816209326178095,82.55813953488372,0.03975194344646166,1.0092081945572882,80.38194444444444,0.03830899402270413,173.00562954826307,190.9090909090909,175.41417235138522,3,0.013730605519703419,0.16666666666666666,0.19999999999999574,0.20000000000000284,0,0,0.03336537141287921
1134,16.5,0.9239999999999995,168.66324522225125,49.284434850778574,77.02346980193909,394.2116714392909,317.1882016373518,77.15151515151516,-0.0018320784460703317,0.7341761320659957,1.1821256427466926,4.163231478098047,0.03281256417978037,0.03404784049618093,29.000875422477353,-0.38076566056190675,1.6574920353721105,80.60263653483993,0.04258292184989594,0.5660877703776889,79.66728280961183,0.032762284242752286,1.3320181716050534,71.62629757785467,0.02388374328549113,137.7410468319559,150.0,140.97744360902254,2,0.02295684113865929,0.19999999999999973,0.19999999999999973,0.20000000000000018,0,0,0.053030303030303004
1135,26.4,9.623000000000005,227.62875378908615,51.53189169745424,91.2498098278881,394.46926759458586,303.21945776669776,95.3409090909091,0.043207208090941314,-0.04246951099102062,0.6639512390603567,3.6363667544795764,0.05676791129940075,0.04278419109884241,42.309031894461945,-0.06755152578900865,0.12142829276865558,95.0773558368495,0.060717121887539846,0.5715976882355404,95.45867393278837,0.05301131871140771,1.2510513575541182,95.41062801932367,0.058371920612460465,103.26735696638258,124.0,116.89658423153064,11,0.11659217722010937,0.38181818181818183,0.3000000000000007,0.7000000000000002,3,0,0.2671348860450269
1136,55.59999999999999,4.926000000000016,257.4390597409482,48.48224636216824,85.97974527400409,394.97268322323913,308.99293794923506,85.86330935251797,-0.005552939571569753,-0.06857017520623339,0.5540222342672791,3.266274863619776,0.038620181865794,0.031382538656147194,32.18626349374874,0.05016881956442209,0.8721167484158826,83.68953880764904,0.034709597537271174,0.258365070904922,87.21174004192872,0.03682491624767744,0.5655196959083648,86.55282817502668,0.044154363449720346,131.84416614347552,142.5,139.44710446300635,14,0.054522023593166755,0.23571428571428651,0.1999999999999993,0.6000000000000014,1,0,0.08138651158179983
1138,19.5,3.306000000000001,209.34070287838568,94.35132613055774,70.36351541435715,393.6589998297954,323.29548441543824,73.17948717948718,0.15046406308526533,-0.24285124225034457,-2.1948634496090795,8.499258770032775,0.03633534282329555,0.0341570784792367,36.08913625642554,-0.1631868570380783,-3.287566320879617,77.08674304418986,0.046545022356579174,-2.319384963048174,72.6086956521739,0.03228670939497091,-0.9266253603752135,70.10785824345146,0.03104982846839464,123.65167061299657,141.0,132.98123172686974,7,0.07015697623432428,0.2285714285714285,0.1999999999999993,0.5,0,0,0.14496185214417262
1139,22.8,2.5919999999999987,226.49290307504523,39.89060271751845,68.97004709025683,394.3360420952854,325.3659950050286,83.28947368421052,-0.07255983177088293,0.0879611541091889,0.6161316926328202,2.9628582934337855,0.041677833570228584,0.0336388578773628,37.79752370067219,-0.03796547394975933,1.3889908436164073,83.73408769448373,0.04605033948937591,0.21009013994195647,80.88235294117646,0.03718917346786095,0.3231715804128613,85.46895640686922,0.04243263536506983,163.04347826086956,180.0,170.42647785279104,5,0.04332073093887834,0.21999999999999975,0.20000000000000018,0.3999999999999999,0,0,0.10207939508506611
1141,11.179,1.6999999999999993,192.64311286121264,72.35688645832363,90.6678891543054,394.19846237962633,303.53057322532095,83.15412186379928,0.13142743472095106,1.5627960674971635,1.8957956146244146,6.271172936447211,0.03299231115657834,0.030975268996108453,35.21163219303505,-0.4521249728601916,1.839228733893826,84.44444444444444,0.03812081421979378,1.6708158343275707,81.95488721804512,0.03642041617927517,2.201400732130027,83.19327731092437,0.02401444800905435,209.64360587002096,245.45454545454547,227.29185958414004,2,0.07764577995185955,0.49999999999999956,0.49999999999999956,0.6999999999999993,1,0,0.1319978259181613
1142,44.3,3.243000000000002,264.7923887775234,62.55937038328893,86.83482173044715,394.8553912379823,308.02056950753513,79.43566591422122,-0.027445473456307858,-0.0420594941189441,0.4316073368699825,4.170032198684234,0.03498372028563587,0.03254297142408132,32.03565832368415,-0.05716637265900522,1.0618733344994955,80.99667774086379,0.03963780974174287,0.007570655427489246,80.34602076124567,0.03213878020761658,0.18930034481059568,76.95945945945945,0.03302867554326887,175.42014597311908,189.54545454545453,185.56838662305591,12,0.05468733567507324,0.21666666666666723,0.1999999999999975,0.5,0,0,0.0682119344593316
1143,35.599999999999994,7.555000000000007,192.22563959886662,76.8111069942688,93.72542720520245,394.821486395143,301.09605918994055,68.14606741573034,0.05228744347390047,-0.08642719188520857,-1.966179036159912,6.826541164513207,0.03310367753234189,0.03351598977830661,32.74703125780647,-0.00907082385370134,-3.3481450196596265,62.87328490718321,0.029664881250555716,-0.6776340021471482,72.2397476340694,0.03811829279360717,-2.108115766678946,69.42070275403609,0.031111404447677782,126.5206812652068,130.0,146.5575090591867,13,0.13671648708145062,0.453846153846154,0.40000000000000036,1.3999999999999986,3,1,0.17506662032209494
1144,36.79999999999999,9.176000000000009,231.23091281210216,51.52648205105405,78.10948242798801,394.95093734119905,316.841454913211,91.4945652173913,-0.01040147161273278,-0.08839892820520799,0.6650246458535205,3.709156696736721,0.05080695548579297,0.04047608418707283,40.0760565505861,0.05368984088585272,0.8050781902764813,91.50043365134432,0.04729449801138777,0.6190311767839581,90.02452984464432,0.05128445500476537,0.5848283783715753,92.8680981595092,0.05346316932165882,127.89281364190012,143.41463414634146,150.86206896551727,13,0.1522533495736908,0.5384615384615391,0.40000000000000036,1.2999999999999998,6,2,0.19958239081259807
1145,13.0,1.5510000000000002,159.62516280881002,42.14934863726373,103.24441556894118,394.61185127571,291.36743570676884,77.84615384615384,-0.13791147709607954,0.41727155975692215,0.9181951521137438,3.567959798175995,0.0333480684326779,0.031301823291527246,30.362680453321342,-0.07497943435842824,1.8750645932977992,83.4090909090909,0.02670196607270385,0.399614501405991,76.94013303769401,0.03960240243541873,0.3436193161440854,72.86063569682152,0.03361595803549548,173.18397361006117,193.84615384615384,178.07928768284927,1,0.027489519620644654,0.40000000000000036,0.40000000000000036,0.40000000000000036,0,0,0.10659061232904955
1147,6.6000000000000005,2.3609999999999998,232.85495772560017,106.0702379779894,86.74631078262982,394.9131033844131,308.1667926017833,78.93939393939394,-0.21476093216806186,-7.858674891494264,-2.3080623076848448,8.573298683221964,0.030939287229547585,0.018682731513009948,32.52161533521758,-0.6387336080822063,-1.399744002645724,85.5421686746988,0.03003215416084613,-2.6316955091240093,79.182156133829,0.034580719184511825,-3.618987855756328,66.90140845070422,0.0256317586254721,154.00066956812856,276.0,159.33494977485276,1,0.03347840642785401,0.2999999999999998,0.2999999999999998,0.2999999999999998,0,0,0.2634750585872112
1148,13.599999999999998,2.126000000000003,206.52165892530297,68.78596442315848,70.26451691198352,392.88049435301065,322.6159774410271,86.32352941176471,-0.10287669834876136,-0.6769656245438767,0.8122806495364038,5.620023058523842,0.04829734349786731,0.05651724771153732,44.1226288337218,-1.1555710597046138,0.7442889672913894,89.42528735632185,0.0878277459552048,1.871997276052225,84.92063492063492,0.02976891934205309,-0.3841057699466801,84.79809976247031,0.029771594168180152,129.72148035101105,145.71428571428572,137.59611493322544,3,0.05723006486074031,0.3000000000000007,0.20000000000000107,0.5,0,0,0.13519013099325974
1150,31.400000000000002,2.585999999999995,195.15156932445962,77.39140634180124,65.62824388064129,394.99653747185516,329.36829359121384,87.00636942675159,0.02401917100065967,0.0018956337572675875,1.1451754260589424,6.307636869480452,0.038073921880327474,0.03302325125508806,40.318466459654275,-0.06511840420306877,1.0668409431796027,86.6062437059416,0.037567255967561435,0.7413788822976042,87.2166817769719,0.037586733868740584,1.646076448448656,87.16475095785441,0.03907055753948169,183.60501382922382,195.0,186.90469058886958,4,0.017654328252809867,0.14999999999999902,0.14999999999999947,0.1999999999999993,0,0,0.07609015476961087
1151,52.3,6.5020000000000024,256.51263020572867,51.987831555218655,90.45334396964178,394.4702166590157,304.01687268937394,86.92160611854685,-0.005422516060781416,-0.007492058119663431,0.5119261844366321,3.45557938916567,0.03705917453385961,0.03345233506635633,33.30709630563491,0.008397378789450507,0.32049139349189243,88.42461885940146,0.03541180060829708,0.8129110904064855,83.53932584269663,0.03752486419718981,0.412945827733544,88.92197736748064,0.038301391347858385,127.54668208564334,138.88888888888889,136.60704528068194,14,0.06632427468453461,0.27857142857142886,0.20000000000000284,0.5999999999999996,1,0,0.11057447025611378
1152,15.9,2.7780000000000005,194.84747788817444,67.7647325457435,84.62464332975821,394.7141295837755,310.0894862540173,67.29559748427673,-0.009398316285301946,0.39961018552873667,-2.056164111883153,6.168218080189528,0.03439440209259336,0.035212936359643524,28.407698125159392,-0.012367764363989836,-2.0220916434593903,71.07142857142857,0.030888323609903852,-2.4319567246011573,65.28776978417267,0.03658443687751081,-1.6585852252036128,65.18987341772151,0.035969001344544796,157.40443302280758,172.94117647058823,171.14914425427872,5,0.08030838419531001,0.3000000000000001,0.3000000000000007,0.5,0,0,0.14873112752971412
1153,12.6,1.9250000000000007,210.70500827159046,94.17474313278453,72.44594686031452,393.08352208535604,320.63757522504153,76.42857142857142,0.13083215602292794,-0.13515002327421397,-1.5669047508615042,8.346108136943963,0.035277790265684277,0.03393853654376657,35.81648220598713,-0.6162668798927108,-2.3566086462529863,80.25316455696202,0.049423260261106626,-0.9988413637196655,75.78947368421052,0.024560703127521698,-1.4066484030711615,73.33333333333333,0.03406758077739962,169.3631669535284,189.23076923076923,172.93497363796132,2,0.02065404475043025,0.1499999999999997,0.1499999999999997,0.19999999999999973,0,0,0.13253012048192775
1154,55.600000000000016,4.925999999999988,236.58402520118693,87.136928025934,67.00578813426927,394.94923826847855,327.9434501342093,76.11510791366906,0.011232996546487623,0.02396939297465429,-2.9183340547150185,7.3194281559966585,0.04798963978338872,0.04705208680921245,47.10566671798078,-0.023833690784243612,-3.02646230015886,73.91061452513966,0.052229895201137015,-2.9475705693880694,75.59267241379311,0.048602616282564494,-2.796107959888661,78.68338557993731,0.043432392470730496,140.76595182235732,149.47368421052633,150.4609190124677,17,0.06443511879192391,0.2294117647058816,0.1999999999999993,0.3999999999999986,0,0,0.08138651158179935
1155,11.179,1.6999999999999993,192.64311286121264,72.35688645832363,90.6678891543054,394.19846237962633,303.53057322532095,83.15412186379928,0.13142743472095106,1.5627960674971635,1.8957956146244146,6.271172936447211,0.03299231115657834,0.030975268996108453,35.21163219303505,-0.4521249728601916,1.839228733893826,84.44444444444444,0.03812081421979378,1.6708158343275707,81.95488721804512,0.03642041617927517,2.201400732130027,83.19327731092437,0.02401444800905435,209.64360587002096,245.45454545454547,227.29185958414004,2,0.07764577995185955,0.49999999999999956,0.49999999999999956,0.6999999999999993,1,0,0.1319978259181613
1156,24.099999999999998,1.1090000000000018,198.54027321541497,63.704077955235185,66.86303421494165,394.4357741792299,327.57273996428825,61.99170124481328,0.02916186391098747,-0.3245225134483949,-0.005481201528837268,5.498245606767573,0.027472941212940246,0.027889149553901028,30.242570000176507,-0.10205855295914762,-0.0571022927362146,63.871763255240445,0.02969453585049546,-0.2664592922339376,62.96296296296296,0.028593900564278314,0.3375199819583359,59.06210392902408,0.024038606199453402,195.16839224086635,205.0,197.5189690473323,2,0.011900511722004075,0.15000000000000036,0.15000000000000036,0.1999999999999993,0,0,0.04399222499900836
1158,38.90000000000001,8.381999999999984,146.30073424468299,61.326935499964044,67.29781183855609,394.1086820823763,326.8108702438202,68.99742930591259,-0.019701151812538363,0.1266637032801719,2.5421559424482045,5.506378212699318,0.02651599150842606,0.026655413340613505,27.058983915247133,-0.06309089850225576,3.15930956880681,71.09440267335005,0.028490035935997863,1.9840834595989094,69.7054698457223,0.028941763142096056,2.577348209338582,66.21941594317285,0.021926001378308326,158.62273169493676,174.41860465116278,182.5617058565795,16,0.1311281248678142,0.3874999999999994,0.25000000000000155,1.5999999999999996,2,1,0.177276764942261
1159,28.399999999999995,3.783000000000005,224.3611358015362,40.14106460754443,83.16345754180875,394.34217229536193,311.1787147535532,82.88732394366197,-0.03407878523478533,-0.0025675100464108767,0.5765366721440317,2.992215165242357,0.04137612570660782,0.04881035943059813,48.021313742234646,-0.11261104525994267,1.1317868761451584,83.87458006718926,0.05343948518527619,0.3577334316189944,86.63926002055499,0.03397513100131348,0.2728210933589429,78.2340862422998,0.03770937810270692,139.8253736444707,150.0,154.7295671010556,11,0.09632414628841322,0.2818181818181821,0.2999999999999998,0.5,0,0,0.1175465307771185
1160,48.09999999999999,6.6270000000000095,170.68266081687833,77.25567549496965,70.85959387143181,394.9316674092352,324.0720735378034,78.71101871101871,-0.028745954799597847,-0.09383254406947922,2.948308277809474,6.8313077780518165,0.03935076107793015,0.03418904825884112,40.28847822117042,-0.061203034202767403,4.030107958862219,78.75370919881306,0.04209877561015687,1.746061805171578,79.15601023017904,0.03872119550447781,2.991578512345693,78.21909032671364,0.03701739378144272,160.06724286001426,165.28301886792454,180.14683200690982,15,0.11146234948014722,0.4066666666666678,0.3999999999999986,1.0,4,0,0.12109196557457946
1163,21.599999999999998,3.086000000000002,269.3347004514454,43.25803659054111,88.69666494332269,393.2304743760584,304.5338094327357,88.33333333333333,0.013883940176417385,-0.21935415932122096,0.7270995570447976,2.6801461996853013,0.040854430405345296,0.032679886812049,39.97210107433777,0.07891770791500619,0.43610461572509457,90.55627425614489,0.040158633133887095,0.9560043281334777,84.47606727037517,0.039021057537841686,0.8247962118247687,90.39087947882736,0.044038548511888424,133.67900834481082,157.14285714285714,141.71605256377222,4,0.056712306570525874,0.3500000000000004,0.40000000000000013,0.5,0,0,0.12501012719760196
1164,13.0,3.0139999999999993,213.17128910019284,77.28884847876245,92.85633512531673,394.7126618398464,301.8563267145297,83.6923076923077,-0.38822775075714777,0.06915749484396198,-2.5416551454088654,6.532687328114478,0.03102189245890794,0.035271733776558685,37.49215396805336,-0.6135065364481682,-1.1485670869433937,86.28691983122363,0.04183933759463113,-2.444242164559045,86.03238866396761,0.02801783763973236,-4.947850156328362,76.50602409638554,0.020047597538245112,149.86886474334958,171.42857142857142,162.00891049007697,3,0.07493443237167485,0.40000000000000036,0.40000000000000036,0.5,0,0,0.18821031597352314
1165,18.700000000000003,3.0609999999999964,191.92059678833255,67.67788671381317,81.85129503735551,393.82056948872884,311.96927445137334,74.91978609625669,0.13306177504478056,0.7018716472080397,-0.7928496019857124,6.531586886793346,0.023720111667881287,0.02387691289968714,39.27142007511512,-0.6179556116062305,-1.2646302334499289,83.61774744027304,0.031555416100787104,-0.8773031810455614,79.3984962406015,0.024990908303447107,-0.07283916031190994,61.87399030694669,0.014937287499328655,140.61853775102247,161.05263157894737,148.10512559895454,6,0.050549147557557,0.183333333333333,0.1999999999999993,0.29999999999999893,0,0,0.14066449152152918
1168,38.9,14.129000000000005,220.0474626536744,94.64316421399526,67.6461048734015,395.0209419576112,327.37483708420973,67.53213367609254,0.0495465598306527,0.0539689077139503,0.25515183622461696,7.462497969532187,0.025682148677198303,0.02473226647174963,37.934903381166734,-0.021820797036261583,-0.46912071861651883,73.644578313253,0.025991454526036586,0.3217033724770241,64.24100156494522,0.027812327039322217,1.044644284740806,64.48598130841121,0.023242019304883968,133.5118520055064,141.6,168.45511432582262,16,0.2074336683701371,0.6875000000000001,0.6999999999999993,2.299999999999997,9,4,0.26643911821833344
1169,35.899999999999984,9.005000000000017,197.01397818150213,76.6535879658805,89.11055159657312,394.3185162821985,305.20796468562537,79.025069637883,-0.027947978280753804,-0.21933418929206341,2.6082097632252035,6.445582398512547,0.03519852504558876,0.03536113940170683,35.57654812219277,-0.08886128513811375,3.314567890790314,77.50591949486977,0.0371092613795466,2.00099992057194,82.96067848882035,0.034665497047806505,2.5564948844395463,75.92592592592592,0.03351278857190359,116.24540697027057,130.5,135.91980210910043,17,0.14475002783654412,0.38235294117647145,0.3000000000000007,1.0999999999999979,3,1,0.200534461641243
1170,16.7,7.202999999999999,154.52225571543994,46.127301025537406,65.43528017362772,388.28820897004704,322.8529287964193,73.7125748502994,0.02237700217961551,0.5675348581694165,1.454210609325596,4.184980121487608,0.029962386458802955,0.026755383924192945,30.285665320080728,0.2595650452389018,1.36410062211648,68.13559322033899,0.022079904766859327,1.64269545346501,77.10437710437711,0.034408070486102456,1.319165208361211,76.33744855967078,0.03409804054528615,117.97682299292977,128.1818181818182,154.07310277003774,10,0.23428021587248465,0.56,0.3999999999999999,1.4000000000000021,4,2,0.30134292766598336
1171,34.199999999999996,2.111000000000004,256.27310626766143,74.83072381944565,85.97807504246704,395.00783601860354,309.0297609761365,74.41520467836257,0.012012861895674057,0.20252952133139474,1.756088495778601,4.867148122927015,0.042173677436703964,0.03919537524696456,35.251492810254234,-0.1721738911587569,1.9129368522603525,77.92578496669839,0.04685853758549666,1.8383557200232996,71.83333333333333,0.04081092948750655,1.5253325336750307,73.90932420872541,0.03936059747319308,123.92938778882433,128.57142857142858,124.27163016762863,1,0.0027539863953072465,0.10000000000000142,0.10000000000000142,0.10000000000000142,0,0,0.05813665280493526
1174,31.899999999999995,6.266000000000002,234.59456824501083,45.64688188849471,71.36343704762757,394.6865811001277,323.3231440525001,82.1630094043887,-0.06916973877049544,-0.16496596946165787,0.6671991050946565,3.36903963017392,0.0379091571972118,0.0348513237830657,30.689306730690745,-0.06627818594688673,1.2969762449316928,84.375,0.035911254133723314,0.9063676604645867,82.2707423580786,0.039331167582742944,-0.4505613530858255,79.35135135135135,0.03856802156442688,119.4780694859299,130.28571428571428,133.85780543650566,10,0.10742545721322658,0.4100000000000005,0.34999999999999964,0.9000000000000021,3,0,0.16417754021904318
1175,18.2,5.885999999999999,210.55578916327354,65.81306176407617,70.61232927612147,393.84740753503314,323.2350782589117,85.49450549450549,-0.12300021004034127,-0.09116067904680394,0.02057573851750424,5.155625899718819,0.14459041363828612,0.105599037097965,44.12225728769697,-0.07532621940577697,1.206539228030611,87.94117647058823,0.146288616872979,-0.7310937414206697,82.88288288288288,0.15372483230884362,-0.7042632117361062,85.65400843881856,0.12931973635098126,109.60724072075065,132.0,125.20155553447786,4,0.12455368263721665,0.75,0.6999999999999997,1.0000000000000009,4,1,0.24437432533421904
1176,0.40000000000000013,4.223999999999999,271.11374990106754,107.34587972743834,120.42153065085127,379.3856325190416,258.96410186819037,25.0,-13.001242099989303,,-3.4778608602233225,7.949744375965546,0.010132149383760992,0.0066846642839951,14.599209565642543,-36.77154872338983,,,,-3.4778608602233225,25.0,0.010132149383760992,,,,,,,0,0.0,0.0,0.0,0.0,0,0,0.9134948096885812
1178,16.6,1.7119999999999997,208.04486877471092,108.3363885186819,83.02088236603565,394.8872839734967,311.86640160746106,66.26506024096386,0.4965685104628376,0.8452791090947932,-0.7617948267998694,9.224873272438057,0.03331998916653726,0.04023249332652605,30.30374282122149,-0.42076510354877744,-2.9138371247961423,79.67332123411978,0.03984617417223801,-1.1656653761778573,71.37931034482759,0.031985928092247796,3.7400228908634943,46.69187145557656,0.02798506947834594,186.76277850589776,213.75,196.41626464507237,4,0.04914809960681522,0.2250000000000001,0.25,0.3000000000000007,0,0,0.09349060725207513
1179,6.6,0.8720000000000008,178.33741165312568,59.12423486937228,68.89297909452166,388.85112098064945,319.9581418861278,56.21212121212121,0.4826830052497589,0.7242322440896649,1.3203666118531339,5.059128319362684,0.01831671626666818,0.016833817905411972,22.544016313641414,-0.3643813277597644,0.3669602919013624,54.78260869565217,0.016715615034498244,1.2677955306452413,68.5589519650655,0.02203185174362323,2.7792627034845236,43.78109452736319,0.015920113088174155,160.59957173447538,200.0,165.016501650165,1,0.026766595289079192,0.19999999999999973,0.19999999999999973,0.19999999999999973,0,0,0.11670235546038554
1180,40.90000000000002,11.345999999999982,238.623472366334,66.8896366116849,84.87379410643352,394.9729132144313,310.09911910799775,86.25916870415648,-0.010840329287390389,-0.10153233845525776,-1.5489056308876819,5.443947099018456,0.08879470545866062,0.07921070918025257,70.46272852738666,-0.048591479196443674,-1.722401896956944,85.74529667149059,0.08145984133046656,-0.9143034436269638,88.6535552193646,0.10363199889124092,-2.00847923308878,84.48773448773449,0.0819718630655284,115.98974084140413,128.93617021276594,145.51217403832294,25,0.20288634536615208,0.42399999999999927,0.3000000000000007,0.8999999999999986,9,0,0.2171649504268266
1181,27.899999999999995,5.616000000000003,254.39389915434546,66.53945372014933,67.16365200915861,395.0516344972632,327.88798248810457,84.48028673835125,-0.032667861833949305,0.13690988679304295,1.180250444714196,4.523993597935224,0.03881347598777623,0.03665459542756443,42.81744100945084,0.22803528885381041,1.8887749199635455,83.16633266533066,0.025388880532100058,0.6971099851788749,86.05442176870748,0.04780787414643351,0.8920060362901706,84.3956043956044,0.04479399037812213,103.83100608664519,112.25806451612904,121.61028795079679,11,0.14619883040935688,0.4454545454545459,0.3999999999999986,0.8000000000000007,5,0,0.16756176154672406
1182,42.699999999999996,10.251000000000005,241.98715563595286,57.81614111765927,65.24090537945932,395.0137418816862,329.7728365022269,79.03981264637002,-0.02284746528400113,0.05401373788500846,0.7151101270549917,4.177139654308772,0.0332647942946006,0.03018765504950012,31.368499277536056,0.0384240693097335,1.2475829873480968,78.39838492597578,0.02708610743132241,0.4505809041560637,80.49469964664311,0.04111291870393822,0.41722768320850306,78.23228634039445,0.03185622053748774,157.50410757115068,166.8,183.4943125563794,14,0.1416403845064306,0.5357142857142863,0.3500000000000032,1.2999999999999972,5,1,0.19359407754338925
1183,0.09999999999999998,0.528,250.47690167701035,88.2380881920174,100.68509026075644,324.5957722632068,223.91068200245036,80.0,-22.980402331616503,-22.980402331616503,-4.547226694466955,8.231156528309315,0.014237077759044195,0.0052272921080491995,9.221378973506068,63.10061098823363,,,,,,,-4.547226694466955,80.0,0.014237077759044195,,,,0,0.0,0.0,0.0,0.0,0,0,0.8407643312101911
1185,49.50000000000001,7.2649999999999935,229.74387042792824,94.32988766234064,66.59006117672173,395.01726764628853,328.4272064695668,68.08080808080808,-0.059817747300587955,-0.2513310421301892,-2.547662590690459,7.785823399882624,0.03930630118272664,0.0361353358717675,35.07272240612913,0.028046773558131587,-1.1204452390671884,69.93345432546884,0.03789722262119103,-3.2152734943243035,70.60682680151707,0.03707763922167472,-3.3718575579807935,63.965014577259474,0.04272074413782988,136.35162512111336,140.72727272727272,152.16750221173692,17,0.10393728529903981,0.3470588235294115,0.3000000000000007,0.7999999999999972,2,0,0.12798379283008884
1186,16.8,4.751999999999999,234.68151882399468,55.93659169586918,98.43369027280704,395.02987608195184,296.5961858091448,87.32142857142857,-0.017091368479182037,-0.31964548334555376,0.9390455531004085,3.6599430926533887,0.06592125585061405,0.059317296799094484,51.263043634197956,0.2151669237962907,1.006412128421821,82.74582560296847,0.05441689270955234,0.8683333811736257,92.47311827956989,0.08301359095386177,0.9518019652209433,86.62092624356775,0.06019797754087141,130.84632516703786,141.0,145.72137246796197,5,0.10207869339272455,0.43999999999999984,0.2999999999999998,1.0999999999999996,1,1,0.22048997772828502
1187,21.100000000000005,6.981999999999996,164.1111564779395,81.68814867927341,74.47005995017793,394.91589643622996,320.44583648605203,83.50710900473933,-0.04543010791026867,-0.08743215875947023,2.707502610397538,6.523476549705639,0.03829715349020338,0.035088386783048806,36.72092810556997,0.13158316150257188,3.621037256454731,81.63804491413474,0.03202799588208982,2.18551816569768,84.79899497487438,0.043993282808073346,2.2549974694786865,84.20107719928187,0.03866518971728107,117.51299764974004,137.5,131.56845546607127,12,0.10682999786339992,0.2499999999999997,0.19999999999999973,0.5,0,0,0.24862901502741955
1188,34.79999999999999,2.4510000000000076,204.53287868512757,81.3485315753282,67.44782616325959,395.0568182415792,327.6089920783196,83.47701149425288,0.03169728318622228,-0.02027452377148904,-0.31857969156525706,6.673409916422572,0.038236414939632556,0.02874158768548293,37.2543729527712,-0.05550199923104425,-0.6599647760319016,82.68551236749117,0.036789853397670234,-0.45028325722654516,86.88118811881188,0.03817451152821208,0.1816608037427296,80.63380281690141,0.039743927791871074,165.90158653458968,181.76470588235293,168.1586895594678,5,0.013422458457491265,0.10000000000000142,0.10000000000000142,0.10000000000000142,0,0,0.06579689135862145
1189,48.8,6.423000000000002,255.12492047796923,50.02074414201912,68.73549389082655,393.95390878247497,325.2184148916484,81.22950819672131,0.0031223980187481152,-0.03275100289406076,0.051687766287911434,3.7191795667954413,0.042322885419753035,0.035630193988775996,36.85042182134402,0.042087678656177095,0.07197321884379926,79.5266272189349,0.03972293436143724,-0.05827858868214441,81.4060446780552,0.04044907283286605,0.13060497524720593,82.7937649880096,0.04666692621459457,131.4669612299223,145.2,142.2887717303961,10,0.07605526682722774,0.41999999999999976,0.3000000000000007,0.8999999999999986,2,0,0.11631023305506767
1190,21.6,4.235999999999997,198.62853969365176,72.00553429664905,87.8117775105141,394.2551285733262,306.4433510628121,90.74074074074075,-0.08967662868460459,-0.8457726969711005,1.055879892999676,6.454907910762423,0.042483390685070566,0.03387172326845296,36.68164788276514,-0.02069155370871445,1.1717364547608802,85.80060422960725,0.03970735356528201,2.146232676905245,94.94310998735777,0.04594419604348169,-0.3242472018418942,90.66478076379066,0.04120192348891585,148.62981885740828,182.85714285714286,166.69560687619378,6,0.1083759095835268,0.4666666666666664,0.5000000000000002,0.6999999999999993,3,0,0.1639572689270784
1191,15.4,1.450000000000001,158.87448189422702,50.61144553344816,89.80891837051735,394.83206445348645,305.0231460829691,74.22077922077922,-0.0429497109144348,0.16718936348372856,1.3572247367844952,4.133400090229094,0.03284763034057585,0.03218355969391096,30.135971279949253,0.0388329805567867,1.5673545814138108,72.0703125,0.026338752604742548,1.337782342893748,79.7153024911032,0.034278207276262664,1.1460967606950376,69.95708154506438,0.038273727256650236,138.87240356083086,156.0,138.87240356083086,0,0.0,0.0,0.0,0.0,0,0,0.08605341246290807
1192,11.2,2.8020000000000014,205.64162499823743,75.91515394446098,89.51655419191215,395.0218441618235,305.50528996991136,72.94642857142857,-0.023712961914943403,2.390202945053048,-1.294619310339491,6.53777454966067,0.02639976418502443,0.03050936957170634,28.267428829698943,-0.01536548201558037,-1.3925106995731056,76.0705289672544,0.02856610450518215,-1.0241470863107311,70.46979865771812,0.02344281756863875,-1.5727970654420291,72.46376811594203,0.028072655599596107,137.12326810455647,160.0,146.54251259349718,4,0.06427653192401082,0.22499999999999992,0.19999999999999984,0.40000000000000036,0,0,0.20011426939008722
1193,18.699999999999996,1.3370000000000033,223.12958438625245,41.47290727820928,105.95169216487764,394.29115274621336,288.33946058133574,80.64171122994652,0.0458222506197744,-0.5005820730638185,0.5057010408748098,3.0163065796970763,0.04069882578905854,0.04796709493340227,49.99792956212782,-0.32631359702848334,-0.09264998907494638,80.56426332288402,0.054572631992507684,0.6972832459976882,80.42071197411003,0.036124864900130185,0.9329366011325646,80.94462540716613,0.030886479651529495,164.69531366971106,173.68421052631578,168.91027281568307,2,0.024953835404501763,0.2500000000000009,0.2500000000000009,0.3000000000000007,0,0,0.06672655587163764
1194,18.9,0.9280000000000008,212.7719057918544,71.48698227058948,79.59262603652417,393.9772687738945,314.3846427373703,89.47089947089947,0.019711232980532692,0.19660181141044344,-0.3225967299120974,5.7561244982530875,0.035737223830744895,0.035421025462066345,38.645351770234996,-0.269595874245286,-0.3348679597353078,90.67103109656301,0.04359944191614791,-0.6181993243912385,91.94847020933977,0.035542985540598745,-0.012371742686570816,86.01823708206688,0.028619908827704616,99.8587855557797,110.0,101.91476219888821,2,0.020173492031470754,0.20000000000000107,0.20000000000000107,0.3000000000000007,0,0,0.04680250151301195
1196,46.39999999999999,10.678000000000011,206.61447683877344,80.58780667939105,84.95230676968697,394.97629394592934,310.0239871762424,72.47844827586208,-0.003538889810748284,-0.06295115937783315,-1.586230831044482,6.993187028278711,0.03246577380597753,0.031194175857947908,31.895181227518577,-0.04911426056770047,-1.3711793929753961,73.72933251684017,0.03414980716381558,-1.6631748549883307,75.44320420223244,0.03250717589293225,-1.7550558289887366,68.05929919137466,0.03057147047284986,188.16356564700934,198.88888888888889,224.78965214115283,21,0.1629349311468517,0.44285714285714295,0.3999999999999986,1.0,7,0,0.1870773327726972
1197,28.5,6.948999999999998,140.5574159106804,55.55007508975669,94.21723276314871,393.75584975042625,299.5386169872775,66.91228070175438,-0.023448938403020602,0.010151983373962127,2.137678999804585,5.049509013281685,0.021982147827524334,0.020601723257172872,24.485537371618772,-0.2208487222492385,2.915898145190955,66.17647058823529,0.03015991932869237,1.2261752077015933,71.59309021113243,0.021814493536578758,2.4949365653703466,62.032710280373834,0.013091326918708117,123.5577872436458,156.42857142857142,142.90841463016739,10,0.13540579423961183,0.48,0.4500000000000002,1.1000000000000014,3,1,0.19602809670230467
1198,6.2,1.2459999999999996,224.0065592631543,99.98603008776927,93.5975269758906,394.62402329440323,301.0264963185126,81.93548387096774,-0.09555603889137282,-9.04479043214611,-1.5129338957295164,8.008171888887622,0.0268867331618182,0.01811270890787802,36.502100145050875,0.9506840129614869,-0.7990263441463131,79.4979079497908,0.022214918923261807,-1.6874690921824962,84.6774193548387,0.0336805197334219,-2.4295083730043596,81.203007518797,0.02252762739074378,169.21837228041903,252.0,169.21837228041903,0,0.0,0.0,0.0,0.0,0,0,0.16733816814396987
1199,50.099999999999994,7.266000000000005,227.1354041839648,86.75754786718308,78.35068686504621,394.8153416993464,316.4646548343002,80.17964071856287,0.03496198613340893,0.1548871217518634,-3.235752892766265,7.34300646539799,0.049744332787921126,0.04314423242156348,46.04976232312958,-0.05151759725875632,-3.5970224616864295,81.5527950310559,0.05007754420931061,-3.60729128408496,79.02017291066282,0.04985756926221174,-2.497773839135277,80.06006006006007,0.04930413118351796,133.87720949691456,147.69230769230768,147.7889389216026,21,0.09413241292751814,0.2571428571428574,0.20000000000000284,0.5,0,0,0.1266603911724716
1200,23.9,3.346,205.2256881062351,67.86855223156226,65.81735019833796,391.19727651238867,325.3799263140507,68.11715481171548,0.0028529581845559465,-0.10492388018828296,-0.24363256441271147,5.8187853602293735,0.030240158623683143,0.02787623035875545,31.09143640461408,-0.16980699739367738,-0.2971553907655162,64.78711162255466,0.03371144300723215,-0.12803700103664367,65.04065040650407,0.030103457135176058,-0.28697020404328133,74.71264367816092,0.02652106227002567,195.9920722307862,197.77777777777777,219.337878912347,6,0.10643764222271154,0.4833333333333331,0.40000000000000036,1.1999999999999993,2,1,0.12280701754385966
1201,17.000000000000004,8.103999999999996,206.90402478822637,41.09932940225551,83.15862615615629,394.0541648061563,310.89553865,93.23529411764706,-0.024178008740941757,0.27478283376397633,0.11306052491570355,3.495976257684326,0.0487439533165015,0.03490001612241072,40.39492073823753,-0.09750226255339654,0.6700376127774654,92.93361884368308,0.04871283401783043,-0.2824419376221883,93.14845024469821,0.05098244830280888,0.08565336970386132,93.54838709677419,0.046554171519522417,93.21223709369025,111.42857142857143,111.40735098076554,10,0.16332058636073915,0.40999999999999953,0.34999999999999787,0.9000000000000004,3,0,0.3228170809432758
1203,25.499999999999996,3.4440000000000026,192.03235303678485,90.18078184924182,73.37452324262786,394.34189413719804,320.9673708945702,74.4313725490196,-0.0005694004796200896,0.6425148474017104,-1.266359031606898,8.484767784583953,0.03327972451195062,0.034485015030244544,35.822020143151704,-0.31861401547391094,-1.3721156003121235,79.36305732484077,0.04528552044969926,-1.327014205516663,75.35911602209944,0.032495559118739074,-1.0854936506459962,68.95348837209302,0.023146142965117782,132.66998341625208,153.6,139.4133023525995,8,0.04836926478717534,0.17500000000000038,0.15000000000000036,0.3999999999999986,0,0,0.11898839137645117
1205,25.79999999999999,7.272000000000013,202.29784812383454,61.39976120367701,65.62292008167671,393.98532021895494,328.3624001372782,60.42635658914729,0.022586192601327458,0.27056588925384417,-0.3789399979808176,5.422402763017811,0.02407526859204218,0.024196824541542317,30.870779494800765,-0.017896050078673266,-0.736911669634108,56.55471289274106,0.023114842005581736,-0.025472017506473373,58.6767895878525,0.024211917584630895,-0.3877403303066293,67.48299319727892,0.025109939841207074,166.9085631349782,197.14285714285714,203.9007092198582,17,0.18142235123367217,0.35294117647058865,0.3000000000000007,1.0,3,0,0.2198838896952108
1206,2.8000000000000003,2.7119999999999993,247.5155111024373,96.68957687501724,91.32384258123525,394.30064232671816,302.97679974548294,75.71428571428571,0.5672046776984936,-205.38951623587496,-1.6175550639364167,7.543009171762935,0.059756073986330704,0.06863572075692198,63.0332029515948,-1.6498377801143116,-3.3085836529571084,79.8076923076923,0.06842594587398068,-0.7955846272617693,83.33333333333333,0.06393561748601174,3.017880545814661,28.125,0.012771044602903497,97.96806966618288,180.0,117.0858629661752,2,0.16328011611030477,0.4499999999999999,0.4499999999999999,0.4999999999999999,0,0,0.49201741654571834
1207,50.20000000000001,9.437999999999988,205.18717660263397,80.41330691721186,87.40543648053563,394.4908254714143,307.0853889908787,71.25498007968127,-0.013258156278367395,-0.1853275112925285,-1.9383176702856442,7.003990587576955,0.03743614459483294,0.03687360636126858,31.897978508637998,-0.01540578895412127,-1.7273494658410475,69.8019801980198,0.03764176610726964,-2.3199065171910935,69.9635922330097,0.03702342418860891,-1.789180623496215,74.32432432432432,0.03763327671828677,138.837653844864,147.85714285714286,161.28403911332734,19,0.13917301049666297,0.4368421052631572,0.3999999999999986,1.0,6,0,0.15825480398403682
1208,9.399999999999999,1.886000000000001,209.6318206227692,96.17589608210322,72.13761431116376,393.26004744739197,321.1224331362282,79.04255319148936,0.05188897102038693,1.6176006989197913,-3.267187246429876,8.97706248985226,0.050271738007874836,0.04677423711852412,38.82868078845172,-0.34103248477203013,-4.355673962138587,81.00890207715133,0.05655859717541624,-1.9769365001379384,75.56179775280899,0.04832525921962981,-3.5155483278430775,81.37651821862349,0.04453290500022129,127.59170653907496,144.0,138.64818024263434,3,0.0797448165869218,0.2999999999999998,0.29999999999999893,0.40000000000000036,0,0,0.16710969342548299
1209,16.300000000000004,3.971999999999994,190.31772101143807,75.12473307933068,71.39764201445341,394.730229767761,323.33258775330756,86.38036809815951,-0.01776083380932519,0.5967736351290496,0.5770672243348884,6.363118385519296,0.038295116236236784,0.031100024990225527,33.91387210270745,-0.03969404633595782,0.6224470507669493,88.41201716738198,0.03213217529500576,0.8990455370444854,87.01298701298701,0.041849934884033956,0.16124795454716445,83.94160583941606,0.039539937753701376,130.22888713496448,138.94736842105263,151.09890109890108,5,0.1381215469613259,0.5599999999999996,0.5999999999999996,0.7999999999999998,3,0,0.19593528018942358
1210,13.796,1.8000000000000007,206.97553478882156,70.36755181181415,73.57267603885406,394.2959999912083,320.72332395235424,86.5021770682148,-0.28340866557731936,-1.1816659155810576,0.24196242357790693,5.8778640926091965,0.037664142382393934,0.03413672939336294,40.23877344861142,-0.8666827081730161,2.1441790739652253,86.07843137254902,0.05173640046371217,-1.0333504548372798,93.4090909090909,0.03682020518269786,-0.6671589696717747,79.90654205607477,0.02180046113855704,96.17850730956656,115.38461538461539,107.9447322970639,7,0.10900230828417544,0.24285714285714288,0.20000000000000107,0.40000000000000036,0,0,0.11541420877147991
1211,55.6,4.926000000000002,258.15657104760436,50.23703698407288,72.18768651169857,393.80912354743185,321.62143703573327,79.62230215827338,0.015681511503181658,-0.014118162059089535,0.42542632549025866,3.54864557239703,0.0420688796401531,0.037409641420046595,39.2499791847658,-0.04438624498531157,0.2222909412433021,80.24236037934668,0.04183105698726611,0.3647675627901792,82.146829810901,0.04395533832524794,0.7050115971904213,76.55579399141631,0.0404932341377746,127.8789280639725,146.03773584905662,138.3971676858706,11,0.07600039652380793,0.41818181818181804,0.29999999999999716,1.1000000000000014,3,1,0.08138651158179959
1214,14.6,3.424999999999999,198.25068324995576,69.46498794223933,92.28904565999433,394.73156267889783,302.4425170189035,78.69863013698631,-0.05855466975539024,-0.07933207976425838,-1.542213448297081,5.883945055494148,0.031342799183116804,0.03300263952251091,31.590264500738456,0.03724000919250806,-1.1768247549757611,78.74186550976138,0.026953215776517565,-1.5690707077849764,78.0439121756487,0.043790333318214025,-1.8514157450461246,79.31726907630522,0.022883729602310658,149.79195561719834,192.85714285714286,180.90452261306535,7,0.17198335644937587,0.4428571428571428,0.3999999999999986,1.0,2,0,0.19001386962552005
1215,29.699999999999996,5.540000000000006,224.5185836398655,36.13535486848692,96.5520284937817,394.23061552239204,297.6785870286103,86.43097643097644,-0.020883464465403713,-0.4094692236833534,0.6561940470906908,2.6478724070690363,0.04342270149466774,0.036142581876340465,39.810688028274576,-0.07844577663889732,0.7583834921259359,88.10810810810811,0.046079762116343397,0.6188980696855614,87.58293838862559,0.04408868442881741,0.5972291744078587,83.63636363636364,0.04023038526176075,151.53234960272417,166.875,170.93469910371317,10,0.11350737797956871,0.4000000000000002,0.3000000000000007,0.9000000000000004,2,0,0.1572077185017028
1216,11.257000000000001,1.0999999999999979,161.56549522914207,41.46554941331174,78.6163541667249,393.1471749532766,314.53082078655166,72.15302491103202,-0.12160057667474052,-1.019320216881797,1.067269965597412,3.565638707379933,0.03222458686284729,0.0326357726615434,30.48903526333387,0.2619087971594788,1.350461641331963,76.43979057591623,0.026371562177818816,1.2454235481996212,75.24271844660194,0.027681502488286363,0.4073676693238541,63.333333333333336,0.04463427324351191,106.82204418548191,120.0,114.21649216924806,4,0.06474063283968579,0.1999999999999993,0.1999999999999993,0.29999999999999893,0,0,0.0890183701545681
1218,28.8,3.8009999999999984,200.8829779300401,85.36815300485706,65.23099233231348,395.0280376604943,329.79704532818084,85.83333333333333,-0.01209260636323257,-0.3576918986413321,0.42929754853027924,6.730999106094915,0.04159421462413528,0.034453425580255416,37.78412547698542,-0.08367400042855566,0.4099143966288806,91.71528588098016,0.04054233608400411,0.4925614390919152,83.3810888252149,0.041054385491949015,0.38010416714552064,83.29918032786885,0.04309694106910602,176.6816968804638,198.6206896551724,188.22914283846933,7,0.06134781141682765,0.2857142857142855,0.1999999999999993,0.6999999999999997,1,0,0.11659151559768101
1219,33.10000000000001,3.523999999999994,209.99388383590127,94.61767311638877,85.15467935116331,395.00239826203074,309.84771891086746,79.72809667673715,0.11148614908564405,0.0891398242534236,-1.6687528093468382,8.180050840641826,0.05566720900383075,0.0470118411412808,41.81382190699449,-0.026850574701134507,-3.5735199012042242,78.8159111933395,0.055386079496385604,-0.6824493219883915,76.05760576057605,0.055089845572731486,-0.8307112855202936,84.25760286225403,0.05651278303737231,139.2529488859764,141.66666666666666,150.3360452776795,12,0.07372214941022259,0.2249999999999994,0.1999999999999993,0.40000000000000036,0,0,0.09622105723023136
1220,36.49999999999999,11.461000000000006,147.2811704449985,59.14004648659247,85.11580403808738,394.7319829641937,309.61617892610633,69.56164383561644,0.0275348922956628,0.20761820449105853,2.637370646715178,5.492652329197091,0.026155665285176127,0.024826936972632888,25.636434003646407,-0.13028615559624693,2.3003595313229894,67.64484574868322,0.033091994721059406,2.5163128142741655,72.869429241595,0.024446321276214537,3.224657218145405,67.94625719769674,0.019406979265188622,142.6158753987615,175.3846153846154,179.24058593852368,17,0.2043326869748339,0.5764705882352946,0.5,1.5,6,1,0.23896499238965005
1221,36.29999999999999,17.278000000000013,221.62631201759845,43.90499072945794,84.59528796899748,395.03626387272607,310.4409759037286,93.55371900826445,-0.0057481126575708134,0.02500225863492293,0.39421581692109364,3.303713271358083,0.05624566349420956,0.04192664467169713,41.35421387466682,0.028531539406875236,0.2751995986890348,91.12903225806451,0.052313643436230656,0.6304415027387285,94.20880913539968,0.05453543216773279,0.27019525059971755,95.03105590062111,0.06128050665489666,101.90749934674679,111.42857142857143,138.6561023921987,20,0.2650341558102208,0.7100000000000005,0.7500000000000018,1.3000000000000007,13,5,0.3224831087386616
1222,20.799999999999997,3.0240000000000045,245.07742717361128,60.892961147666014,87.48450243231278,394.85872539083925,307.3742229585265,81.0576923076923,-0.040572566664292584,0.019637556407497064,-1.183090800079364,4.860850624446322,0.03491224775321376,0.033638552723483955,43.305023283749186,-0.1016511021789028,-0.9627425545825575,83.03448275862068,0.03400008090719141,-1.2381805825252374,81.98847262247838,0.03637924913798855,-1.3797967371228117,77.91225416036309,0.03436889349315584,171.25587642713228,194.28571428571428,181.14011720831115,5,0.05456682337139037,0.26000000000000084,0.20000000000000284,0.5999999999999996,1,0,0.12693082605775707
1223,47.000000000000014,13.52599999999999,245.71688579830584,75.46444524919787,92.68013095993179,394.8285860341716,302.14845507423985,79.17021276595744,-0.01481050475919981,-0.1364664492762226,-2.1579991171925634,5.764609514624445,0.10335866317664935,0.0988284139713662,77.17673439587873,-0.03681578935540153,-1.8286764066173287,79.22868741542625,0.09600423065814616,-2.217078765288785,77.99752781211372,0.11231142485843174,-2.399519597150768,80.29925187032418,0.10111145795727595,131.84416614347552,137.58620689655172,166.85484882699782,26,0.2098271817070348,0.488461538461538,0.399999999999999,1.1999999999999993,10,1,0.2234742094306577
1224,23.000000000000004,6.831999999999997,158.7968248466671,60.3172750844086,77.52089442457624,392.73996300825587,315.21906858367964,65.21739130434783,0.024725555633073253,-0.3030305315522764,2.574816026186814,6.014050407546826,0.030058984839598513,0.028153802583994646,27.73302726748105,-0.046294190203289044,2.08208959147765,68.32298136645963,0.029812346810786795,3.151031954049096,64.17748917748918,0.028432179353044772,2.3767865972448154,62.521891418563925,0.03303921580767046,150.8447304907482,180.0,180.49093534413603,11,0.16425315097881457,0.44545454545454516,0.3000000000000007,1.1000000000000014,4,1,0.2290158219361758
1227,48.19999999999999,8.303000000000011,267.95626227399583,58.33459153673102,79.11966062704143,395.04222775758853,315.9225671305471,76.05312305457564,0.008539926868073594,-0.15584053548260193,-0.8262490819528376,4.54441325724799,0.03326130292514259,0.03395886538235649,37.058367976751484,0.019287134972762954,-1.4710788962155765,74.16331994645248,0.031168575835020595,-0.4150642319078965,76.44949193066348,0.03531387706990355,-0.6787013425196333,77.36077481840194,0.03307521196173892,164.59303045855972,178.84615384615384,188.2476772665628,22,0.12565704475868553,0.3227272727272731,0.3000000000000007,0.7000000000000011,3,0,0.1469479496663896
1228,25.9,3.8800000000000026,184.18571015285815,58.315299689014836,72.60723396275439,392.52823512265184,319.92100115989746,77.72200772200773,0.01743688715383794,-0.15383674606305636,-3.1256527614752754,5.881865024670304,0.04075494673065067,0.039880547434127424,36.2024882024463,-0.11564712669433821,-3.4039275244384215,81.52295632698768,0.044228641612690515,-2.8060444830135243,80.73089700996678,0.042090621940742784,-3.180347739103775,70.02518891687657,0.03532909755637518,141.03425117528542,155.55555555555554,155.096011816839,8,0.09066487575554072,0.33750000000000036,0.3000000000000007,0.6999999999999993,1,0,0.1302887844190733
1229,52.08500000000001,6.8999999999999915,182.04951702380026,76.61411040102892,70.7876780042004,395.01362461669333,324.2259466124929,80.96792778951412,-0.0073176312965249225,0.025981518704809175,2.4813379376308493,6.80515878247716,0.03834019103210397,0.04142266125531491,36.474046965435505,0.04693088875494096,2.8770770157637946,81.143193871538,0.03330547457166823,2.0814445172648632,79.32027649769586,0.039934605712190964,2.485250748338712,82.41262683201803,0.04159054642229435,138.34025599728744,148.36363636363637,154.8827939641264,13,0.10680681529202324,0.4846153846153839,0.5,0.6999999999999993,6,0,0.11697889293888263
1230,11.875,1.5,241.71380116114844,81.01306470167013,106.23736239565176,393.6781323858033,287.4407699901515,67.28499156829679,-0.14104217403661318,-0.4164704745433579,-1.46970240697625,6.36660530129361,0.0300245008411705,0.031890727637863395,28.954614355267235,-0.35343514633357626,-0.6376752403400863,69.14893617021276,0.03149715951418301,-1.4250853332416136,75.36945812807882,0.03184238668265527,-2.4609950271840146,57.42574257425743,0.026834917353033415,116.6355140186916,130.0,127.08757637474544,3,0.08224299065420568,0.366666666666667,0.40000000000000036,0.40000000000000036,0,0,0.11214953271028037
1231,37.8,14.263000000000005,220.1380364140799,63.841656309538514,85.14352576811439,392.0502575792029,306.9067318110885,74.04761904761905,0.05941067966589072,-0.3332202849519414,-2.494691364092934,6.219570116520727,0.027577391706284485,0.026808761246668145,28.601502024216074,0.0527609559026629,-4.27488225973657,77.53001715265866,0.02368942614193097,-1.501421470282666,68.9605734767025,0.031426064681888875,-1.7939765389950024,76.53814602132896,0.02689196844711144,115.2449916447381,130.43478260869566,135.55339674220005,21,0.14981848913815957,0.37142857142857155,0.3000000000000007,0.8000000000000007,5,0,0.27395655263815
1232,39.900000000000006,12.136999999999993,207.7571432077064,78.20993937182918,68.8957811120722,394.91213731270193,326.01635620062973,85.21303258145363,0.0019923658757540624,-0.1317042557964126,1.4151169154600318,6.287713755746537,0.03846212802045571,0.03192055587521195,32.443186668535574,-0.04470711207475438,1.6014862249692945,82.3076923076923,0.04397964144299055,1.287572365891237,89.62406015037594,0.037034963809413846,1.3734806605488652,83.67647058823529,0.03458551801838319,112.9965217057094,130.66666666666666,143.6353421110487,15,0.21330976036281873,0.7399999999999999,0.5,2.1000000000000005,7,3,0.23323788842554324
1233,52.8,4.226000000000006,183.51057134392173,52.99926752876042,65.84632344450557,393.1683275826652,327.3220041381596,64.58333333333334,0.016607233430761606,-0.06715704886114086,0.8513365628841861,4.345924717958953,0.025315336820251732,0.02483084085420914,25.898141739968416,0.03401032637235274,0.4914156909760153,68.2201010668164,0.021250760038233313,0.794232413708654,63.974433468913425,0.03037130199901928,1.3085353998226583,61.52980877390326,0.024492893162274137,143.0926244169326,163.2,153.886772526685,12,0.07014344334163362,0.33333333333333326,0.3000000000000007,0.6000000000000014,2,0,0.07410654789043604
1235,11.3,4.347999999999999,265.1936913713961,63.223126997888215,75.2877158575256,394.27189160711384,318.98417574958825,91.1504424778761,0.10905325040583742,0.08604506331465273,-1.655153357875791,4.837383181162886,0.0489272464968974,0.0681052005663904,66.11351569570715,-0.4977259020339082,-2.7634759124766255,93.4375,0.08330245868856187,-1.0247042650220335,92.85714285714286,0.037620082042046976,-1.5169850370769666,85.94771241830065,0.03162247717916816,118.86503067484662,132.85714285714286,149.4215938303342,5,0.20449897750511248,0.64,0.5,1.7000000000000002,2,1,0.2778629856850715
1236,13.3,4.960000000000001,165.58233589102863,75.95324810768324,79.4108439195658,395.00641578711986,315.59557186755404,74.66165413533835,0.19186954869134196,-1.0794386753402843,2.797021786492836,6.953993002239861,0.03635420862414155,0.03453615748667018,48.08713436804255,-0.9869468446091856,1.039956713492553,78.72340425531915,0.03985997760640306,3.213778996786383,86.57314629258516,0.04984547793807375,3.7077527105334367,60.1593625498008,0.02064595885757542,115.00547645125957,140.0,129.95049504950492,4,0.11500547645125951,0.5249999999999997,0.39999999999999947,1.1000000000000005,1,1,0.27163198247535597
1237,11.875,1.5,241.71380116114844,81.01306470167013,106.23736239565176,393.6781323858033,287.4407699901515,67.28499156829679,-0.14104217403661318,-0.4164704745433579,-1.46970240697625,6.36660530129361,0.0300245008411705,0.031890727637863395,28.954614355267235,-0.35343514633357626,-0.6376752403400863,69.14893617021276,0.03149715951418301,-1.4250853332416136,75.36945812807882,0.03184238668265527,-2.4609950271840146,57.42574257425743,0.026834917353033415,116.6355140186916,130.0,127.08757637474544,3,0.08224299065420568,0.366666666666667,0.40000000000000036,0.40000000000000036,0,0,0.11214953271028037
1238,40.900000000000006,6.329999999999991,239.00791899435734,61.95309751986454,67.19330501691886,394.6581830205619,327.4648780036431,74.42542787286064,-0.013702947845985646,-0.10720853404679492,-0.0679463654604374,4.906382278858828,0.03947935636575166,0.038974161324104035,38.11798195123875,-0.00021371394220731573,0.0638155495164385,74.7244094488189,0.037098246436464,-0.18966309958655836,72.59905977165883,0.0405074873876579,-0.06150284250453853,76.18332081141999,0.04060116141351797,153.71585856447174,191.05263157894737,161.58468729134208,8,0.048697861528689323,0.2874999999999996,0.19999999999999973,0.8000000000000007,1,0,0.13402498412026237
1239,6.799999999999999,2.187000000000001,201.60138649850455,79.71402113771066,95.93081517739371,395.00137208960626,299.07055691221257,85.88235294117646,-0.3807101890372298,-1.4042265512694994,1.9228552989835548,6.216014473774061,0.03799635846939159,0.035765174248421364,34.83460671101176,-1.4184646043246374,3.1884306378126976,90.0,0.052087741520068835,0.7902224691717781,87.3913043478261,0.03524108366581341,1.6491722187744053,79.52380952380952,0.02495856699004024,146.87882496940026,188.57142857142858,159.2856280921926,1,0.07789028596862137,0.7000000000000002,0.7000000000000002,0.7000000000000002,1,0,0.2433515077333928
1241,13.3,2.791999999999998,214.94677577389223,67.84931460514815,102.87892182143086,394.6568893451688,291.7779675237379,82.63157894736842,-0.10005249778893702,-0.12738685933340116,-0.5005989046276914,5.341561662895273,0.03923538904193623,0.028336973912656105,39.21739307393215,-0.5407907298185965,0.2532460539251242,81.77458033573141,0.044003727553427956,-0.8241431426190772,89.72868217054264,0.03995056362397611,-0.864192628954805,74.3073047858942,0.033297285153713,171.51379567486953,230.0,190.44990339497656,3,0.09942828734775042,0.5333333333333332,0.6999999999999993,0.6999999999999993,2,0,0.1735023614218244
1242,14.9,4.744999999999999,155.49307465003054,56.0496643373406,76.38993369915568,392.8345737619463,316.4446400627906,70.40268456375838,0.22070589681224032,0.9330461868351909,1.9117433319919965,5.374607858496713,0.03587865909882635,0.033705336520527845,28.111581813459274,-0.6435482781552045,1.1423771644618825,77.40259740259741,0.055496603678037264,0.5918048377568009,68.97196261682242,0.031050941196017263,3.7869486259625758,67.01754385964912,0.02715922123041699,146.60218885212524,169.41176470588235,165.0902837489252,3,0.111987783150929,0.7333333333333334,0.7000000000000002,1.0,2,0,0.24153728684143544
1244,11.299999999999999,5.785000000000002,182.12746144386307,85.35472423072473,69.8533384400022,394.9479598059352,325.094621365933,83.1858407079646,-0.244394746611089,-5.921860996129122,2.464757864852775,6.905213219948021,0.037271266712955615,0.03477605404845549,34.08959173562386,0.289809554490966,3.883356139322542,83.125,0.030664295076585833,1.5045863871380463,83.14350797266515,0.04579532242629592,1.2399958071961783,83.41232227488152,0.03456646068120729,112.37928007023704,147.69230769230768,124.79688007799805,3,0.09950248756218912,0.566666666666667,0.40000000000000036,0.9000000000000004,1,0,0.3386011120866258
1245,30.7,7.518000000000004,191.45744008586973,59.46283015613294,94.00682553836806,394.4962743993059,300.48944886093784,84.52768729641694,-0.01657721946915379,-0.3457903807501222,1.6251909177392758,4.34735713935687,0.09806160196088937,0.0756159829607236,66.87154723679663,-0.008165326883286798,2.0566927395680605,85.71428571428571,0.09585074099568572,0.9106281949732961,86.33776091081594,0.10343124718991077,1.9573027110241275,81.19747899159664,0.09458759985541473,163.27385001831595,189.0909090909091,195.5009712387994,17,0.16484379088387674,0.3705882352941177,0.3999999999999986,0.6000000000000014,2,0,0.19671359045475964
1246,20.799999999999997,3.0240000000000045,245.07742717361128,60.892961147666014,87.48450243231278,394.85872539083925,307.3742229585265,81.0576923076923,-0.040572566664292584,0.019637556407497064,-1.183090800079364,4.860850624446322,0.03491224775321376,0.033638552723483955,43.305023283749186,-0.1016511021789028,-0.9627425545825575,83.03448275862068,0.03400008090719141,-1.2381805825252374,81.98847262247838,0.03637924913798855,-1.3797967371228117,77.91225416036309,0.03436889349315584,171.25587642713228,194.28571428571428,181.14011720831115,5,0.05456682337139037,0.26000000000000084,0.20000000000000284,0.5999999999999996,1,0,0.12693082605775707
1248,47.0,11.305999999999997,236.07439779334348,64.21341947924988,81.12621756186984,394.974224864999,313.8480073031291,80.06382978723404,-0.008329707836512464,0.020962104255395443,0.3947625014174604,4.913093985150532,0.04163932365495195,0.038393990398990045,38.816721082232405,-0.00025920275940300434,0.8992289956402674,81.8122555410691,0.03743495194534708,-0.08162542234673636,83.31202046035806,0.0462704727256697,0.38449529346320765,75.21847690387017,0.041147134138421734,126.57359448427263,134.1818181818182,147.28774997006346,17,0.1406373272047473,0.4823529411764703,0.3999999999999986,1.1999999999999993,6,1,0.19390800260693578
1250,52.100000000000016,8.425999999999988,227.08580501615387,58.57207154472576,79.3898282215155,392.46062863054556,313.0708004090301,76.3531669865643,0.007353615858049415,0.06570415165133117,-2.142485243557951,5.748823936773727,0.032009256011337986,0.029931675254887647,28.37834072037253,0.08733414972304432,-2.201002325398831,77.85622593068035,0.027063435762483146,-2.144231424333684,74.8696558915537,0.029486818334332712,-2.0871889787972746,76.64359861591696,0.03923755628484516,166.53999933912698,186.66666666666666,181.21022543414944,17,0.08095694412318646,0.28823529411764615,0.29999999999999716,0.7000000000000011,1,0,0.13921290024121843
1253,21.300000000000004,3.516999999999996,188.78584982051854,88.77881483911578,76.79695953003511,395.04922885681964,318.2522693267845,84.83568075117371,0.0197980870679673,-0.2624021829573721,2.2592289443547946,7.178945724782135,0.034038704615334626,0.03195995087890514,31.37648094748109,0.05490520855169361,1.4875263304348396,84.96042216358839,0.03029268224989817,3.0240927082230056,85.32818532818533,0.03455563899197702,2.238972560194449,84.03361344537815,0.038128728120557516,135.39106257807148,160.0,142.87536675596374,5,0.052383446830801386,0.2599999999999996,0.20000000000000018,0.5,0,0,0.1417173711568681
1254,43.0,9.298000000000002,229.90894760825557,77.36408521112719,84.96450847360089,394.6386781325305,309.6741696589296,82.97674418604652,-0.04660027709005088,-0.14872056765306274,-0.9174926374402841,5.9767283484678275,0.09859360479287309,0.0875957815520464,59.079277506799556,-0.06153686000211481,-0.2701552251598319,84.2797783933518,0.10643478036947118,-0.8477550914460973,84.75734791524265,0.10486474466076176,-1.7044270998868205,79.75592246949032,0.08387907847605416,157.17618264560787,178.69565217391303,181.46496534063314,12,0.13384833072010405,0.5833333333333335,0.5999999999999996,1.0,7,0,0.1777888255765039
1255,51.69999999999999,4.882000000000012,185.91529585450905,65.02229804300106,68.84274427523764,394.7915197494709,325.9487754742333,64.06189555125725,-0.009919099537559156,-0.03758379711336491,1.3216144214404615,5.167676018454561,0.02820732803542832,0.02540329160783319,26.84616053071707,0.030942766786250065,1.4883261680909248,66.22781911848884,0.022170501995316994,1.2752753588673729,68.31742243436754,0.03516967209698243,1.183171585570759,57.813394390383515,0.02756168136430115,148.45710650030045,161.53846153846155,159.44724953494557,14,0.06892651373228253,0.2785714285714293,0.20000000000000284,0.6000000000000014,1,0,0.08628185642077008
1256,23.200000000000003,5.2479999999999976,213.6364120661768,66.14261323190921,74.87949238988566,395.05542920669603,320.17593681681035,86.85344827586206,-0.041419022717395566,-0.08063568579335077,1.208985949368393,5.193602428392972,0.04104316404258259,0.03200845124816421,41.61496852774333,-0.08937401611618383,1.4477758036794022,86.60826032540676,0.03645212460825667,1.351995266940365,89.46700507614213,0.04915573411376045,0.7784614379259028,84.31105047748977,0.037326295409483366,147.63779527559055,155.55555555555554,169.71068369161142,9,0.13006186726659166,0.4111111111111111,0.5,0.7000000000000011,3,0,0.1844769403824521
1257,33.20000000000001,5.121999999999993,170.60571582025713,55.99024506407719,68.39266430872156,390.77135877724737,322.3786944685258,79.7289156626506,-0.0018262205468166186,0.1317756466889868,-3.1372433740330576,5.867886673483888,0.041627114317774216,0.03597327785255338,36.49394474906656,-0.01187871034903696,-3.185663779838843,76.99115044247787,0.044354954110179416,-3.252267159285886,84.76190476190476,0.03882656062256185,-2.943341069755425,77.10144927536231,0.041774148668066426,178.48755284170971,190.0,194.7497295142645,9,0.08350294869787564,0.3555555555555545,0.2999999999999998,0.8999999999999986,2,0,0.1336569072595374
1258,44.2,6.425999999999995,191.82844247887508,61.94794783007702,66.43070970519153,395.0195225746688,328.5888128694773,80.92760180995475,-0.016451493734046144,-0.10862793402812972,1.9178523299471337,4.815688434373259,0.09842365999785813,0.07323220775756538,65.1374521182195,-0.09006930255424081,1.9879602574900077,84.0702210663199,0.10710179092397172,2.118756977540884,78.58136300417246,0.09420102178352978,1.6425734719801712,79.91689750692521,0.09338626605296342,174.21878086358788,180.0,196.32284200685572,18,0.11259036858531178,0.3166666666666663,0.3000000000000025,0.5,0,0,0.1269308260577568
1260,20.400000000000006,5.409999999999993,238.75406991168921,84.7459573920685,98.49466937536693,395.02985142925166,296.53518205388474,63.52941176470588,0.11346787270469712,-0.21931908084125912,-0.7536117426070258,6.514543439682111,0.03480659453129743,0.03767969123048038,30.497053930205116,0.02518700512656796,-1.6307844148287893,69.04422253922966,0.03351398273668494,-0.6726333810900132,58.266666666666666,0.034423168764148686,0.28415900238603853,63.66723259762309,0.03683323322974383,113.90933746609842,147.0,125.5873558308415,6,0.09298721425803937,0.3999999999999993,0.39999999999999947,0.6999999999999993,1,0,0.2096086788066638
1261,25.369999999999997,3.6000000000000014,163.35278905162886,81.2351755246825,80.21457074113266,394.1513540920094,313.93678335087674,80.87539432176656,0.12411805154160267,0.33575603906980106,2.8145326607534082,7.425979921385527,0.03448365262051214,0.02810378718843367,45.808918028785264,-0.18029881632878136,1.5428429224810587,83.33333333333333,0.03688427552485145,3.0272801714575506,82.31441048034935,0.03364410523725829,3.8621107845812372,76.97841726618705,0.03314328787261026,142.90645495340007,159.23076923076923,153.50389321468302,10,0.06903693476009677,0.20000000000000034,0.1999999999999993,0.5,0,0,0.12426648256817403
1262,19.300000000000004,3.713999999999995,212.52197208109726,78.59489437881106,92.87921917460619,394.78660782477294,301.90738865016675,87.09844559585493,-0.12017094459661525,-0.3791123079225176,1.042487119474773,6.301985579540462,0.039071369887489014,0.03458823415655911,33.42501870281711,-0.23580515610908817,2.1553393486285275,85.85526315789474,0.043904518443067905,0.5947591965664956,91.62861491628615,0.042036517282125485,0.48346260596045165,83.7593984962406,0.031725823783869185,192.92604501607718,222.0,221.84470870390723,8,0.1303554358216736,0.37499999999999956,0.29999999999999893,1.0,2,0,0.1613800295472319
1263,51.2,4.440999999999995,239.9233610581717,62.08407191926337,80.4370143810779,394.730039130717,314.2930247496391,84.12109375,-0.0074304560739860285,-0.008685568143935767,-0.7244626166145985,4.701668213330382,0.04011581206986332,0.034846367997254726,42.246255293048485,0.02880408848343279,-0.7175676782689788,83.05810397553516,0.036531222908725805,-0.4688918105188508,84.61971830985915,0.039721316392072326,-0.9962184404080783,84.61988304093568,0.04395267353567551,177.92634927481535,183.33333333333334,188.42427818275252,12,0.05571431138908352,0.258333333333333,0.20000000000000195,0.4000000000000057,0,0,0.07981524415449032
1265,46.30000000000001,7.773999999999987,202.8176224677974,83.97106836887157,66.7836484186966,394.9495620710326,328.165913652336,86.65226781857451,-0.033030460612544776,-0.08453252810696665,2.5015670430203993,6.841206591750935,0.04024023389336489,0.03482299630503496,35.182389645291465,0.011236871275315941,3.054048237297832,87.11169861202909,0.039357366240741445,2.3969305580138713,87.61348897535667,0.039726533186508345,2.0646300937919286,85.26984126984127,0.041591284844724935,129.82209564670637,140.4,145.7217586249844,13,0.10910973850649092,0.45384615384615307,0.3999999999999986,0.9000000000000004,5,0,0.14376595036431533
1266,53.09999999999998,6.303000000000019,190.17035938751786,73.84768762891277,74.66046113574929,394.91796272056735,320.25750158481804,80.63665473723866,0.006337207349804184,-0.020881517030871412,-2.0706734753762426,6.620562158694656,0.039922154341212664,0.03797914774138182,36.61329194471885,-0.007233644016523322,-2.2985659763996282,82.20681686886194,0.038257037319976914,-2.0961653241075586,80.0,0.03926101779479062,-1.8145009747243115,79.75113122171946,0.04222702126928603,159.58789960103024,169.28571428571428,175.5458030109439,13,0.09090449977273907,0.41538461538461685,0.40000000000000036,0.7000000000000028,4,0,0.10610575223473594
1267,56.29999999999999,3.443000000000012,267.934038399765,59.039790726183334,68.16244287654153,394.4942072810515,326.33176440450995,76.46536412078153,-0.01870560216478762,-0.19817651228563474,-0.7364474418194877,4.486371202601224,0.03432223722330614,0.03704088451675607,37.38845703718309,-0.01741203173351763,-0.6167852332470788,75.60706401766005,0.03424588023187268,-0.6270017504538328,77.25143154606975,0.03435827214225374,-0.9613644864306745,76.48919346336321,0.034358682025192856,192.82593776676765,198.6206896551724,199.8508058220426,12,0.03515056157206715,0.17500000000000063,0.19999999999999973,0.29999999999999716,0,0,0.05763018261553675
1268,18.1,2.980999999999998,151.60825157048754,50.10033796662944,88.99574356820914,393.69441402039297,304.6986704521838,72.43093922651934,-0.06703585213221981,-0.13854044215477207,1.2734477935023734,4.65107545603737,0.044812707115683685,0.03979623576338813,30.032727845030855,-0.08845361932672907,1.789736405376805,71.82235834609494,0.04387046127736889,1.3428561221047153,74.27258805513017,0.05100903196938167,0.5008920558518295,70.83333333333333,0.038005338867578085,182.15454674825673,240.0,186.5798552062582,3,0.023718039941179218,0.16666666666666638,0.1999999999999993,0.20000000000000018,0,0,0.14140695412931067
1269,21.599999999999998,6.4040000000000035,160.7360508428051,56.97200455140467,80.91771283583813,391.4621776769368,310.54446484109866,76.48148148148148,0.014324507838082241,0.13920831634375977,1.9297247928456054,5.405863119841881,0.04178918136757064,0.040568419506053534,30.575206726164616,-0.12859029897054158,1.7467725734616928,80.26315789473684,0.04378539547924183,2.1410620408951226,78.70485678704857,0.047799624312134394,1.8593970384389666,69.98514115898959,0.03258888993091716,164.97643193829452,200.8695652173913,187.77434563485613,9,0.1214112269675762,0.3777777777777782,0.20000000000000018,0.8000000000000007,4,0,0.22868161691186983
1270,10.500000000000002,3.1099999999999977,244.3279670190198,70.40128196032437,79.85657978973956,394.9723749720271,315.11579518228757,89.33333333333333,-0.11095961751698738,0.07256794062832268,-2.5003140599380997,5.504178322123982,0.07899092910205774,0.07212759150426364,62.35715188709307,-1.105026145778115,-1.8484644063771796,92.37288135593221,0.12584762620765028,-2.8803916706821346,86.96808510638297,0.061825154684941326,-2.8132346867026126,88.75,0.04732549286910781,141.07274063188834,174.54545454545453,149.88290398126463,3,0.058780308596620055,0.26666666666666633,0.2999999999999998,0.39999999999999947,0,0,0.2285084496693606
1272,9.5,1.9420000000000002,177.63296990981377,87.7582926196606,79.1887222570506,394.5358715728999,315.3471493158493,78.0,-0.58600115460768,2.8579697585560684,2.8702332472781613,7.712694353689747,0.03233856575841184,0.024329189773123056,43.94055694813375,-0.6088732266233211,6.2907734058210165,82.78145695364239,0.03704395428059815,0.21639514906552035,87.46438746438747,0.03424181977321778,2.650631380514938,61.95286195286195,0.02530466174192311,131.09596224436288,150.0,138.3508577753182,2,0.05243838489774512,0.2999999999999998,0.2999999999999998,0.3000000000000007,0,0,0.16972557245236847
1273,49.699999999999996,4.1910000000000025,232.98005505884365,65.57922288008649,66.40250293694776,394.98586967022965,328.5833667332819,75.27162977867204,-0.018727082260672122,-0.04415504033242749,0.2612315134948358,5.06827070461792,0.0384776135714566,0.03678157449421481,37.73131709531424,-0.01577520140195907,0.37385365293995665,76.60114140773621,0.03513837907218122,0.40839828387464994,77.30855855855856,0.04133537903447254,-0.030240486661363152,71.7377860235003,0.03859547463703541,143.62323950195767,168.2608695652174,145.78742159688085,4,0.014844779276688144,0.20000000000000018,0.1999999999999993,0.3000000000000007,0,0,0.07776808743574999
1274,28.899999999999995,10.702000000000002,245.9373180190215,77.3422446602806,93.85507518679056,394.9833667798469,301.12829159305636,77.30103806228374,-0.05673637081237004,-0.16208017718650472,-1.9491968241659008,5.926651708221907,0.09125796827164223,0.08335652069935187,61.453466803742,-0.032483143229790575,-1.10917483820458,76.73098751418843,0.09110467720549532,-2.138907980095468,79.43067033976125,0.1010897016360515,-2.5318154571107456,75.32608695652173,0.07975612780534137,137.87182465532044,147.56756756756758,172.2288814585831,16,0.1994848745012879,0.4937500000000002,0.40000000000000036,1.2999999999999998,4,1,0.2702388768244029
1276,5.900000000000001,2.772999999999999,186.67912318946847,81.47965802943921,96.59903247698489,392.00455671093135,295.4055242339465,75.59322033898304,-0.6027229310154114,4.202828190488329,2.599402365892262,6.650066080454113,0.028385251747836297,0.02448690806393457,35.11044478796698,-0.6628175701036775,3.8731757533424354,76.66666666666667,0.03462075341853661,3.03516605389879,69.377990430622,0.031367031307444414,0.6832362934606575,81.87134502923976,0.017185183276124304,124.52438602559668,154.28571428571428,150.56461731493098,5,0.17295053614666198,0.2999999999999999,0.20000000000000018,0.5999999999999996,1,0,0.31972789115646244
1277,51.300000000000004,6.561999999999998,180.20541459285698,71.94303550728326,66.99035168972469,394.9054738627679,327.9151221730432,82.80701754385966,0.006336312451277887,0.07455580485086921,2.1729695282646753,6.463492799143383,0.037145636877423574,0.03556941948378521,36.164948578768815,-0.015462778368114096,2.311488064871803,85.67199526346951,0.035325759895169465,1.9844450762445769,84.18631397354801,0.039515991172922815,2.2294867124732836,78.55464159811986,0.03652972976999351,160.7272475890913,169.0909090909091,176.26321974148058,13,0.08814074867788871,0.3923076923076921,0.3999999999999986,0.7000000000000028,3,0,0.11340776329888351
1280,9.5,1.9420000000000002,177.63296990981377,87.7582926196606,79.1887222570506,394.5358715728999,315.3471493158493,78.0,-0.58600115460768,2.8579697585560684,2.8702332472781613,7.712694353689747,0.03233856575841184,0.024329189773123056,43.94055694813375,-0.6088732266233211,6.2907734058210165,82.78145695364239,0.03704395428059815,0.21639514906552035,87.46438746438747,0.03424181977321778,2.650631380514938,61.95286195286195,0.02530466174192311,131.09596224436288,150.0,138.3508577753182,2,0.05243838489774512,0.2999999999999998,0.2999999999999998,0.3000000000000007,0,0,0.16972557245236847
1282,32.899999999999984,6.0230000000000175,273.3650867812496,54.59196312574859,70.70116466176952,394.5585553435583,323.85739068178873,79.51367781155015,0.0019164466154669637,0.18267923854436668,-0.5127183665055962,4.024184384992857,0.03542792543871101,0.03542165550987688,37.19549090506093,0.02654866866576678,-0.49437830887492124,76.77902621722846,0.03250745719484037,-0.6217938906101436,81.88711036225779,0.03886353595201386,-0.4023026357137675,79.61352657004831,0.03450134612002827,160.31652236466869,173.33333333333334,175.66083945612706,11,0.08735195128844163,0.30909090909091036,0.29999999999999716,0.6000000000000014,2,0,0.15474141253243628
1283,2.4000000000000004,1.8319999999999999,277.70222778251133,51.29752217363774,103.31582974309077,394.1637971404703,290.84796739737953,93.33333333333333,-0.20150236678272385,0.8397321047277838,-0.5327270562965316,3.652756198702085,0.1596562804986997,0.11759372309906348,56.62539730451461,-10.746369981125694,0.1551659199794633,98.38709677419355,0.16605901692564132,-0.6787072747799113,93.61702127659575,0.19542731921067832,-1.2647297244587765,83.78378378378379,0.016648823118898953,113.42155009451795,240.0,113.42155009451795,0,0.0,0.0,0.0,0.0,0,0,0.4328922495274102
1284,15.0,3.521000000000001,229.95125739252396,78.17105738921353,102.99926300255186,394.0687746775383,291.0695116749864,67.66666666666666,0.17795689784743926,0.8679709916195325,-1.7067413945218746,6.324081605151045,0.031770418874661546,0.03502361981577353,30.89020188318791,-0.031955693393323666,-2.479099407379424,69.71830985915493,0.029552363348874337,-1.162790171498436,65.37162162162163,0.02940228719877447,-1.295773076498086,68.23529411764706,0.039599211494580025,119.86393823227687,138.75,129.66532328719114,4,0.07558987095729164,0.34999999999999964,0.34999999999999964,0.5,0,0,0.19010852545758872
1285,13.700000000000003,3.958999999999996,218.04795924211214,71.00572993010098,91.7125822534436,381.43728882430713,289.72470657086353,84.30656934306569,-0.12485984792212101,-0.9082392079256497,1.7000811887198302,5.53178081336052,0.04006367086581423,0.029912178422064128,39.222619960971286,-0.08613757522040581,2.288482834345852,79.25407925407926,0.04026593540431058,1.7736771818693857,84.20038535645472,0.04113019052367824,1.0857478328489225,89.57345971563981,0.03854638368703139,129.1126337844725,152.0,147.48690083446536,6,0.12458236593238567,0.3666666666666664,0.34999999999999964,0.5999999999999996,1,0,0.22419163033014305
1286,17.9,3.782,165.4754882054111,59.915879694001966,72.0066026503792,394.9328265080711,322.9262238576919,75.8659217877095,-0.14265849641687145,-0.34540699894996724,0.16737873250364144,6.336619841134011,0.03704781738151978,0.032561597344998305,37.21996342330879,0.12551357967657323,0.9999080865893023,75.03828483920367,0.03717801131734798,0.13417816185780151,76.87595712098009,0.03331335568388049,-0.9016723522989871,75.6198347107438,0.04191060012627731,152.1999815515174,173.68421052631578,165.9792777386581,5,0.08301817175537315,0.36000000000000015,0.3000000000000007,0.6999999999999993,1,0,0.1744304030993451
1287,37.36199999999999,7.70000000000001,244.56771018948183,71.39025170548496,73.93678699331927,389.68182951547817,315.7450425221589,74.77911646586345,-0.012179379693932105,-0.17035171832716886,-1.6356443567076973,5.790222148399081,0.03217860202366818,0.029818505667968665,37.45181509807334,0.039872252581072305,-1.781242873694595,72.959604286892,0.02839283035580202,-1.4012064806491453,74.10714285714286,0.030327321736970936,-1.7212595258615189,77.13178294573643,0.03749938635725825,151.79086591806845,155.45454545454547,178.76744550729188,15,0.1509032000355068,0.45333333333333387,0.3999999999999986,1.0,4,0,0.17087568239314746
1288,43.57500000000001,11.099999999999987,189.79502297050573,66.21824661090122,68.01453866513943,394.67159782406594,326.65705915892653,62.99357208448117,0.01335673375384333,0.03652385394757318,0.6668050644393538,5.504989602634198,0.02272313513172098,0.02252492770925941,25.269161384125987,-0.009345046863214775,0.316167101608966,61.66564605021433,0.023730776426436253,0.7247857935459215,62.577065351418,0.02242538317725414,1.0743424446707035,65.57674841053587,0.021668212659738378,111.93415637860083,130.2127659574468,139.48717948717947,17,0.19753086419753066,0.6352941176470581,0.29999999999999716,4.5,5,2,0.20301783264746207
1290,32.99599999999999,8.20000000000001,187.10517795195938,57.37759515355796,69.53228516724508,393.5302784950558,323.9979933278107,83.62644026682838,-0.024597972433663205,-0.04197853370603568,1.6524651504397028,4.506614602080523,0.09811652061208517,0.07248476102388794,56.35523619050241,-0.1076831285233876,2.07906668172612,85.88560885608857,0.09915669186470467,1.465085086351024,83.83490971625108,0.10109747246767213,1.4007392547340765,81.06565176022835,0.09374738237397667,142.7323041071949,178.1818181818182,175.54334845951763,16,0.18691135061656491,0.48125000000000046,0.5499999999999998,0.7999999999999972,8,0,0.19904845130595228
1291,32.6,14.238,225.52834257892812,62.20735925930927,86.1975196455353,389.3961851333946,303.19866548785933,79.78527607361963,0.007535927091491603,-0.12695702752128532,-2.7441096043626856,6.153649418869724,0.028926606967700833,0.026964403222804263,29.396307673456377,0.06573273970299623,-2.9430677190737473,82.65139116202946,0.025760253783064117,-2.6655584582234875,79.22283901665345,0.02950893972544539,-2.5372259880364796,76.19047619047619,0.03296130707595077,85.8277467013963,93.48837209302326,110.62799273487809,20,0.2241769503394679,0.5249999999999999,0.5,1.7000000000000028,6,2,0.30398394466031853
1292,36.00000000000001,13.188999999999993,197.0972604556139,80.10023756744287,66.76424687686385,394.9649659270975,328.20071905023366,86.66666666666667,0.013864808960660288,-0.16251788341398185,2.891323809410088,6.4971222829824455,0.04264364624493827,0.03279687344964319,31.76872192486959,-0.070706669525729,2.1847949323306017,85.41666666666667,0.046153311655622635,3.5569714598109536,83.64341085271317,0.04141545032727796,2.897188262386406,91.53153153153153,0.04027677619174959,103.68171745715506,127.5,134.6037108395576,14,0.22972615828742185,0.8071428571428567,0.6499999999999977,1.9000000000000004,8,5,0.26812905324361125
1293,11.5,4.199999999999999,162.27368935287342,57.646043714273446,94.31052204888479,385.8859263878919,291.57540433900715,75.13043478260869,0.1859283549220888,0.22538890220494542,1.7906737606443661,5.431487359878303,0.04462520650004634,0.03904494903446186,29.97870238282795,-0.7952285385415337,1.343072479124404,83.24175824175825,0.06032271803578361,1.2907807421661963,72.35421166306695,0.0425172059721523,3.131768227417532,69.96904024767802,0.02995681654774472,141.40127388535032,170.76923076923077,153.10344827586206,3,0.07643312101910826,0.3999999999999999,0.5,0.5999999999999996,1,0,0.2675159235668789
1295,17.599999999999998,4.056000000000001,181.16671141300506,86.47328993507907,75.8207888778845,394.87318606238665,319.0523971845022,80.39772727272727,0.0062937923902670915,-1.1267484212852636,2.4974056746023168,6.953454417835667,0.03385455580331485,0.0338992534036095,35.9004039625126,0.09129255522318741,2.1945563609038286,77.42857142857143,0.026006709197021968,2.004147331158044,85.58052434456928,0.0436688599161792,3.4338561336855236,79.08745247148289,0.034334887035511526,116.36497968230515,132.6315789473684,130.19218846869188,7,0.106206132249723,0.32857142857142874,0.20000000000000107,0.9000000000000004,1,0,0.1872922053934245
1296,52.772000000000006,5.8999999999999915,216.68816631672377,82.33750490840589,67.94170994522655,395.0190348990254,327.0773249537989,85.1781652767248,0.040911582506038185,0.00012160424746271175,0.14059673335983602,6.586886711381756,0.04141250690739524,0.03539196268514556,34.368781596974216,0.012560886226016343,-0.8588509221399896,83.08656036446469,0.0357550806681817,0.2782844923672704,86.98710433763189,0.045566132836312286,0.9490206501923395,85.50165380374862,0.04298271343513862,145.2140714480502,157.77777777777777,159.93392401261448,12,0.09203708753749638,0.449999999999999,0.34999999999999964,1.1999999999999993,3,1,0.10055904008726466
1297,47.062999999999995,5.000000000000007,265.1310212559712,53.31354904680429,77.70626625668928,394.9887078888617,317.28244163217244,78.93730074388948,0.010702466119296664,-0.06641780113984232,-0.5230914358265185,4.029247956439386,0.03576572023543097,0.03412840543696463,37.177945049883604,-0.021514698833934514,-0.9190799592360361,81.36856368563686,0.035448529571423706,-0.4514705224383492,80.0,0.036001854798619344,-0.2028592009325787,75.54002541296062,0.03581487571065203,157.8856385532912,164.4,171.02552899319645,14,0.07682999442982552,0.28571428571428614,0.25,0.6000000000000014,1,0,0.09603749303728189
1298,15.0,3.652000000000001,262.6385616970866,67.90124639269025,79.6395503385609,395.0083300736542,315.3687797350933,91.4,0.03354533579567595,0.3555136762864169,-1.453894580996156,5.038758204715164,0.04241815733677977,0.05287495018252781,59.25380203646477,-0.12657803429765477,-1.3029661603221847,89.08045977011494,0.05603194348488815,-1.8955296434656794,90.42145593869732,0.030566221654587986,-1.1353000329034875,95.17543859649123,0.04040130219816473,147.97340767746084,153.33333333333334,178.6176546725343,7,0.17156337122024448,0.4571428571428572,0.40000000000000036,0.7000000000000011,2,0,0.19579669740510405
1299,31.900000000000006,7.937812499999993,192.47701929442314,61.93836889966138,71.37033118146441,393.1881921513137,321.8178609698493,82.82131661442006,-0.05947396682758961,-0.16544845632437605,1.9374725524956666,4.942542631033953,0.10151388499416324,0.0732137039064658,57.623843518127636,-0.18867840058439128,2.609377463122874,85.37074148296593,0.1093723692561149,1.948488480607144,84.3585237258348,0.10858399229451546,1.235016799674703,78.74762808349146,0.08643935994555926,174.70838791663073,193.33333333333334,206.9100064101968,14,0.15563103521309035,0.44285714285714217,0.4499999999999993,0.7999999999999998,5,0,0.1992532220487757
1300,21.0,4.783000000000001,177.64795764802597,84.31645017888731,75.3344236161293,394.9662806960284,319.6318570798991,69.04761904761905,0.026200986064375185,0.10095227732953571,0.7307230596099005,7.48593074792983,0.0306521947029938,0.02815490552750787,48.77372561510781,-0.14434362031809206,0.3382259341739011,70.96774193548387,0.03625156986727071,0.5894054898734759,75.50744248985114,0.028639717718219042,1.2872583231160166,60.99865047233468,0.027974202651572553,123.33708257378892,132.5,143.35301807690573,11,0.13962688593259126,0.3272727272727274,0.3000000000000007,0.7999999999999989,1,0,0.18550983205988447
1301,17.200000000000003,3.5159999999999982,204.7284011207936,67.9595384156877,93.25657848622501,394.91907407012,301.662495583895,86.33720930232558,-0.004943851467224966,0.2695639714101981,1.8286941434693729,5.43748492808048,0.03989252670616888,0.02757824948085477,38.675011113356014,-0.1664915134669279,1.8132357054715003,86.98752228163993,0.04352110059586541,1.9906464530426664,87.18801996672212,0.03963566364082916,1.6652284088532125,84.76702508960574,0.03652667319469136,153.50453755551263,187.05882352941177,167.22759781236851,5,0.0820621741648966,0.3399999999999996,0.2999999999999998,0.6999999999999993,1,0,0.16972388491986862
1302,17.3,1.404,157.01085534127037,46.674581399667865,78.47964099272622,390.56819319230647,312.08855219958025,75.88201272411798,0.009708899353961308,0.0982702805178975,1.0204575457368183,4.297963791922454,0.05026951627733047,0.0469183992372563,32.226727622757934,-0.21990093466758415,0.9891644934587924,73.52941176470588,0.06032352334616206,0.9062961452973898,72.43066884176183,0.03874398936341793,1.1555107139127085,81.81818181818181,0.05305932074023955,192.47219846022242,211.76470588235293,201.07238605898124,6,0.04277159965782719,0.1333333333333333,0.10000000000000009,0.20000000000000107,0,0,0.07506415739948673
1303,40.400000000000006,3.5389999999999944,171.90240464854006,62.381497593231,86.2264188039304,393.5925966044704,307.36617780053996,79.65346534653466,-0.01343027932461242,0.06434824740821597,-3.4227802594323067,6.325217455141132,0.040956773769809635,0.03656731773303193,37.40910340172741,0.012423460958747887,-3.1676403808205955,77.92387543252595,0.037319557379894945,-3.6831527353956455,82.80155642023347,0.048315066389748244,-3.4327522330624576,78.47328244274809,0.037750950614699415,180.24989189558252,203.07692307692307,192.987158556495,10,0.06600059172944288,0.28999999999999904,0.2500000000000018,0.6999999999999993,1,0,0.08054348073465474
1306,17.2,4.117000000000001,215.72040013801663,86.35902067003785,95.47966154609519,394.92154753727215,299.44188599117695,81.97674418604652,-0.09611727767860934,-0.9738991324034318,1.821173020282157,6.724600017264492,0.03542520428002271,0.03057997887179013,37.33826157116666,0.0003830594259354415,2.3741189083026732,83.36252189141857,0.035729571396931406,1.6536765925100632,80.86522462562397,0.035265761169162795,1.4153717283166938,81.75182481751825,0.03528289506829426,140.7327485105784,166.66666666666666,156.92838834545168,7,0.10320401557442413,0.31428571428571417,0.3000000000000007,0.5999999999999996,1,0,0.19313224187268382
1309,38.4,10.161999999999999,243.39632583969083,78.7628122284416,96.21934334118384,394.76476826122286,298.545424920039,82.08333333333333,-0.016755072887634153,-0.013958936374332534,-1.950320437577784,6.0764851589706215,0.10747732603283393,0.09511198187379238,70.150917004046,-0.05348349095456705,-1.8750366765960051,81.95763330898465,0.1091131265401451,-1.4448894841222457,83.39456282145481,0.11701566321793729,-2.6856640263974407,80.63063063063063,0.09376463431802788,153.20621061735514,177.14285714285714,185.7121461734312,19,0.17503397718380623,0.4473684210526316,0.3000000000000007,1.3999999999999986,5,1,0.20925826778139284
1310,22.900000000000006,4.032999999999994,233.10956627385264,69.47782359314972,78.08735328908976,393.86742297428856,315.7800696851988,72.22707423580786,-0.00220180185556529,0.13101388835080827,-1.139200784204875,5.496034682977252,0.03578802240075483,0.03309441559666684,33.070798021660345,0.01571963160677364,-0.7555544095985657,77.53807106598985,0.03146231538827188,-1.6292380733827119,67.51269035532995,0.03744103318309442,-1.0877489193161192,71.56862745098039,0.03873772076119314,153.71477369769428,159.23076923076923,173.7087231989258,6,0.11510043441131683,0.516666666666666,0.4499999999999993,1.0,2,0,0.14974195225188408
1311,48.49999999999998,11.21700000000002,232.9478735502664,61.01943902510599,73.19943487791879,393.498460930595,320.2990260526762,78.96907216494846,-0.011574372651054675,0.11036169694536788,-1.716740705599508,5.764167114262615,0.03444840442940249,0.030981809121890053,29.802641557910494,0.05778541396560896,-1.3045016063081345,83.25762491888383,0.032406712342238644,-2.0985793807649245,73.88792605430388,0.03061129338287978,-1.7487052946012933,80.35487959442332,0.040645015966326976,108.51181405629887,122.26415094339623,127.76780961018991,21,0.15071085285597094,0.4285714285714293,0.30000000000000426,1.0,6,0,0.1878359596094918
1312,50.7,6.6129999999999995,180.80181537561293,71.19989111151567,66.82558731915621,394.85843105649855,328.0328437373423,81.34122287968441,-0.01782112347055729,0.03079361467845875,1.8139611925016366,6.37846161804089,0.03909577387574124,0.04005747704616071,37.07980322493744,-0.013336849391942728,2.1753257417906027,86.11609814482345,0.03899320588290016,1.5862524043883672,80.4,0.04096155492792481,1.65776610521568,77.50151607034566,0.03721965154385294,169.59503079580549,186.92307692307693,186.51775948419777,14,0.09072985186606874,0.37142857142857133,0.3500000000000014,0.6999999999999993,2,0,0.11538394430582938
1313,21.5,5.041,180.88177587280006,85.05053599493573,70.51392922130566,394.836273285656,324.3223440643503,77.67441860465117,-0.0436751922085861,0.3173358044072506,2.7195332330286934,6.907254974142668,0.03314125886172162,0.03457728618245702,33.399449291317744,0.24765976112520566,3.1187554555792363,77.14285714285714,0.02675327577725172,2.241108416809198,81.0738255033557,0.03634404476390565,2.8117839943605762,74.16666666666667,0.03773501033817355,119.81462642703741,138.2608695652174,134.51207647730635,9,0.10926491089258122,0.322222222222222,0.1999999999999993,0.8999999999999986,2,0,0.18993255717569046
1314,47.9,7.480000000000004,182.58051460814858,62.10104318042831,67.93682183222438,395.04662174145585,327.10979990923147,64.78079331941545,-0.06911398511848531,0.002104979055364898,0.3963132926027013,5.219788420098622,0.02534538186982537,0.02438819695495109,25.997223324563087,0.06711124432639319,1.52724725493585,60.60254924681344,0.021254199450016484,0.6337609469164883,65.52567237163814,0.027825750612025458,-1.0630783927017187,68.97759103641457,0.027448671501723688,161.43011917659805,168.67924528301887,180.31464300121016,14,0.1047309498013724,0.4142857142857146,0.3999999999999986,1.2000000000000028,4,1,0.13506681112314922
1315,47.599999999999994,7.859000000000009,229.77006192655017,65.67552680291753,70.96039107597412,394.88526685567643,323.92487577970235,79.13865546218487,-0.03433044920228945,-0.137532175102209,0.9041376337242758,4.925021306071898,0.04216250496062663,0.03807029726731907,36.09407988557659,-0.011617154620060882,1.6765640636366583,83.56997971602433,0.03936285241290401,0.5515522405975374,76.33501967397414,0.04198589598131168,0.49841887540748625,78.09587217043942,0.04512846600741961,107.10615048955083,121.22448979591837,115.20782016718711,11,0.070322220018392,0.3545454545454547,0.3000000000000007,0.7000000000000011,2,0,0.1417082890062931
1319,10.7,2.3360000000000003,219.37581409309828,46.55407776067784,67.21093104146566,393.58972111225603,326.3787900707904,77.10280373831776,-0.055169909722736506,0.7139808601327452,-0.5318794080904621,3.8153976751279544,0.026041609528816782,0.026610920663172364,27.986523362669658,-0.6959844756511363,0.504155506669285,87.3015873015873,0.031287567480104105,-2.043995000919931,80.53333333333333,0.028798257662280956,0.16065812205296148,65.26315789473684,0.01899839914411572,124.2712488493403,147.27272727272728,135.72386058981235,2,0.08438171218165079,0.5499999999999998,0.5499999999999998,0.5999999999999996,1,0,0.17919607241485122
1320,47.799999999999976,11.002000000000024,285.3391549738076,54.455883073416224,75.99774146105439,394.80098890037937,318.803247439325,86.77824267782427,-0.011222577109997552,-0.049924697829044185,0.2917524421076801,3.5953585948781974,0.023250300294822158,0.021752915705613118,57.92151258978929,-0.05599168371966054,0.4534261883366974,86.18136952498458,0.024069726155505934,0.3768396051766359,87.39393939393939,0.023864242037781057,0.025477489756746845,86.74618952948973,0.021700317665557318,103.05771912519982,108.21428571428571,120.95325535906755,21,0.14795415121934669,0.4142857142857154,0.3999999999999986,1.0000000000000018,5,1,0.18710247950750014
1321,9.1,4.824,255.9339618788234,77.9048090568548,88.76067113923236,395.0568246563053,306.296153517073,92.3076923076923,0.28017576138940214,-1.6831276230121992,1.6795818193951448,5.233151378137888,0.044391434683847306,0.03657467535719418,44.98778234668329,-0.2548190137365961,0.6777300915726734,88.0,0.03929858999117669,1.05993123038836,93.77880184331798,0.04958092039994696,3.136509976421747,92.69102990033223,0.03983571604604444,112.03677104280379,156.0,115.35048802129548,2,0.028727377190462536,0.20000000000000018,0.20000000000000018,0.3000000000000007,0,0,0.3464521689169779
1324,24.3,7.335000000000001,207.87452693506953,56.95793282338405,76.05436031256899,394.70716071169767,318.6528003991287,72.51028806584362,-0.05125119320752673,0.2352964738464915,1.2039452869805145,4.327852925979763,0.03141758827692083,0.026152781342839472,34.937239561726365,0.1337373610497198,2.082571433817281,68.27586206896552,0.02555427426932867,1.0125072958704537,70.05847953216374,0.03270221614245926,0.7245312360684297,78.58823529411765,0.03512646572453139,113.79800853485064,128.57142857142858,140.9829645584492,15,0.19282440335071918,0.4066666666666668,0.3000000000000007,1.2000000000000002,4,1,0.2318634423897582
1325,22.672000000000004,4.599999999999994,209.24605387377548,76.16447953910037,76.19268698217185,394.91267427258794,318.7199872904161,84.20123565754633,-0.04429885101777393,-0.05488294765428735,-0.3534954145549088,6.100047107097817,0.03400227177380369,0.034045578182596875,47.51234588099705,-0.11755657239836372,0.01016783720778799,84.08450704225352,0.033164449737113036,-0.06149204758244499,84.97913769123782,0.03974641407810672,-0.9185254410156309,83.63201911589009,0.029782674527049253,156.20416544441187,163.84615384615384,181.4928425357873,13,0.13933704898797286,0.29230769230769194,0.1999999999999993,0.8000000000000007,2,0,0.1686711645643882
1326,20.300000000000004,3.367999999999995,207.32997004515934,83.8926941266073,68.67668948506777,395.04032283029403,326.3636333452263,76.55172413793103,-0.11069470646416778,0.1720280188281722,2.073930352278653,6.653124728405091,0.03824670182530011,0.04159919991710402,53.004068606719336,-0.2971248165626343,2.6526262221658112,78.62481315396114,0.040641762168123666,1.9894914032366022,78.28348504551366,0.03957514810629287,1.4787149057121487,71.95945945945945,0.03381448804247512,139.42876457664357,173.68421052631578,150.90543259557342,6,0.07605205340544184,0.2999999999999996,0.2999999999999985,0.5,0,0,0.14230184214973784
1327,18.7,19.282999999999998,169.06084112074774,79.22399110851089,74.09130908148164,394.78632487721796,320.6950157957363,78.66310160427807,-0.133739619464108,-1.467363612149772,3.096546559436067,6.5328387253025175,0.0351329061929559,0.03217701153390351,35.98447025670961,-0.28162548828615835,3.795147334698661,81.83908045977012,0.043092288449847124,2.922362141083395,78.79948914431674,0.03143303505768316,0.3505467998348821,65.43778801843318,0.01664041382730403,90.04028117842194,106.875,113.3088162210516,12,0.20535502724903248,0.65,0.5999999999999996,1.8999999999999986,6,2,0.5076744859542427
1328,9.461000000000002,2.9999999999999982,189.3911637403194,74.9726975097698,88.49430464402272,390.9854093045293,302.4911046605066,77.14285714285715,-0.08262064852522927,-2.245312880806679,2.6106259337228868,6.289444954999988,0.043812992311728416,0.054087586739634166,40.24887314587197,-1.302230323602534,2.4296933535969267,84.96503496503496,0.07896795898760503,2.8952212795035073,75.08196721311475,0.025774590291351308,2.5281134153837668,72.59887005649718,0.03095251815046941,134.8206403980419,168.0,162.14651095454104,5,0.16852580049755214,0.4199999999999995,0.3999999999999999,0.5999999999999996,1,0,0.24075114356793179
1330,6.7,2.652,199.7268590588304,107.6201227852334,93.85340529931639,394.5711446644052,300.71773936508885,87.91044776119404,1.4080139857396756,7.137531734167447,4.888893978352097,8.835158120609009,0.04421979882254511,0.04476092512122835,36.59321910637474,-2.913156535880211,0.8727881868671306,86.97916666666667,0.0882229712467054,6.581527198452344,94.55128205128206,0.032223840554498354,6.238207893693959,76.50602409638554,0.01587118360683314,115.48331907613344,154.28571428571428,115.48331907613344,0,0.0,0.0,0.0,0.0,0,0,0.28357570573139435
1331,43.1,3.110999999999997,189.6162137803715,87.17004105455386,66.95909764859572,394.52006452322786,327.56096687463213,74.47795823665894,-0.0396508607395204,0.02148130757817224,0.5159029559290343,8.179655458958893,0.034779622822609386,0.03974556673812587,40.43836276294098,-0.026046746084193287,0.6839461692168574,74.67488021902807,0.03764357264534077,0.9687733956121457,72.35714285714286,0.03371027166232286,-0.06465120419393738,76.32850241545894,0.03292514451577059,161.00062755620957,173.02325581395348,169.82036474857912,8,0.05193568630845471,0.30000000000000004,0.29999999999999893,0.6000000000000014,1,0,0.06732163337733434
1333,16.162,3.3000000000000007,198.1728121060527,76.85523559794419,97.74728949761014,394.3764091833629,296.62911968575276,84.82972136222911,-0.0307905211752786,-0.10626147066181317,2.1197338838225495,5.9094337769551215,0.03957280387170676,0.03402673785112884,35.93184176847518,-0.08406424904907538,2.5700773721916748,81.90630048465266,0.04051493322972882,1.284904624505332,87.02594810379242,0.04632703910566712,2.43744210035454,86.26262626262626,0.03155856159932332,141.8148186209023,162.35294117647058,168.6835350201687,9,0.15928476004521638,0.3444444444444446,0.3999999999999986,0.7000000000000011,1,0,0.1695611961771658
1334,20.5,2.9319999999999986,231.85797893188445,91.31583861017273,75.13554138236944,394.95741248569357,319.82187110332416,57.414634146341456,-0.01978876636572721,0.04065250496595341,0.43981086294564975,7.023227927894295,0.020316619365993445,0.018911895757492775,23.511143113702985,-0.09543440407219163,-0.003118624517891747,54.31547619047619,0.018493409386676967,1.3339155979046469,60.32388663967611,0.02192518433023349,-0.2122317496638823,57.299843014128726,0.020365878390475396,128.03004438374873,150.0,136.78643078606606,4,0.06401502219187444,0.37500000000000044,0.25,0.9000000000000021,1,0,0.1251280300443837
1335,31.800000000000004,1.8199999999999932,147.85341673571207,54.62380457231608,69.66689447120926,394.77358781136047,325.1066933401512,81.28930817610063,-0.04578970554253402,-0.019044241970948245,1.7330594415553946,4.816701457588386,0.03766337884782495,0.03423087586808101,32.791807767132845,0.15304810119673015,2.246247153576084,76.937441643324,0.02704756847346531,1.930245506060467,83.99629972247918,0.04625255748596617,1.027418619426843,82.97665369649805,0.039691229823611486,182.034503271862,185.45454545454547,187.04156479217605,3,0.026769779892920842,0.29999999999999954,0.29999999999999716,0.40000000000000213,0,0,0.05413444378346203
1339,31.800000000000004,1.8199999999999932,147.85341673571207,54.62380457231608,69.66689447120926,394.77358781136047,325.1066933401512,81.28930817610063,-0.04578970554253402,-0.019044241970948245,1.7330594415553946,4.816701457588386,0.03766337884782495,0.03423087586808101,32.791807767132845,0.15304810119673015,2.246247153576084,76.937441643324,0.02704756847346531,1.930245506060467,83.99629972247918,0.04625255748596617,1.027418619426843,82.97665369649805,0.039691229823611486,182.034503271862,185.45454545454547,187.04156479217605,3,0.026769779892920842,0.29999999999999954,0.29999999999999716,0.40000000000000213,0,0,0.05413444378346203
1340,45.29999999999999,2.6610000000000085,213.70641259812754,37.86682770218771,87.70142516655339,393.9264632879094,306.225038121356,74.06181015452539,-0.017026995603480987,-0.018902488524579285,-0.10713577631685067,3.175994486508242,0.03452244817048198,0.0308212525510028,28.6590697367622,-0.011315642328886898,-0.02214898811262308,75.62968005445882,0.03329920474116023,0.07535618461027718,73.63121460037759,0.03722768633138269,-0.39385450627926827,72.96195652173913,0.03282293808896192,126.35266153749922,131.7391304347826,128.22411713675123,5,0.014595191926773934,0.14000000000000093,0.10000000000000142,0.20000000000000107,0,0,0.055482579595921865
1341,8.700000000000003,3.0559999999999974,256.1495246260687,78.5781116955751,75.95604842211087,394.7819159711785,318.8258675490676,85.0574712643678,-0.18371635740279235,0.14972616779041736,-1.3273117230789777,5.863957418096048,0.044436877016681024,0.04195802805611338,42.50965817896816,-1.4872980403258185,-0.9203431020274485,88.30409356725146,0.06788965185397339,-1.5051988995532666,87.33766233766234,0.02952978707489317,-1.7714115638244106,76.81818181818181,0.02884839841539318,96.97175910173529,126.66666666666667,106.98198198198196,4,0.0935692412385164,0.2749999999999997,0.24999999999999956,0.5,0,0,0.25995236474991473
1344,42.8,3.855000000000004,186.0717072354121,84.877771152741,77.7801547488272,394.9251762410161,317.1450214921889,76.75233644859813,-0.051963954317078453,-0.11360653129619483,0.4209459729832231,8.033288320611504,0.035808549382129545,0.03914378375931747,39.57286208218494,-0.03910110576907188,0.8765782833085037,77.13884992987377,0.03653069833360658,0.6053107214343042,78.04878048780488,0.035877590380920484,-0.24354610178017513,75.05285412262157,0.03501347881826869,156.8963669488801,159.1304347826087,167.67838735540033,9,0.06430178973314768,0.3333333333333339,0.3000000000000007,0.6000000000000014,1,0,0.08262779980709471
1346,28.0,3.4520000000000017,202.30653204234798,81.73719864643449,78.8498565000111,394.42239766252504,315.57254116251397,72.25,-0.09979017549808522,-0.0787703290060062,1.6379294278116796,6.8198300314298095,0.035754209070880255,0.0395448460758831,55.04235884994297,-0.17973406471908954,3.015443570371202,74.91369390103567,0.04437337948802257,1.2042197241297743,70.9915611814346,0.03502546768260656,0.7725859711187941,71.1088504577823,0.028837411251538228,148.79816863792445,161.3793103448276,159.98906057705454,9,0.0699478570520157,0.24444444444444421,0.1999999999999993,0.5,0,0,0.10975454661070844
1347,15.4,3.226000000000001,234.3141779925704,82.18949240818905,90.37889604794275,393.8946008056694,303.51570475772667,84.67532467532467,-0.21081226660841515,-0.48241416130075687,-1.9911377200423463,6.515948260926025,0.04018462678530506,0.03571041333850183,42.940278296180196,-0.5384654689846706,-0.7558074837647113,92.15686274509804,0.05141045345996919,-2.720617481925616,78.9103690685413,0.031433397863139236,-2.9116386640362797,82.4390243902439,0.03696940847366061,122.40953505852033,134.11764705882354,136.31471959823028,5,0.10200794588210023,0.3799999999999998,0.1999999999999993,1.1000000000000014,1,1,0.17319875442929242
1349,18.5,10.966999999999999,177.01375528318408,91.33825330476607,95.18649729436896,393.3273555888695,298.14085829450056,79.4054054054054,-0.24413425324124471,-0.309829114888649,4.1395398409737165,7.356143619304685,0.029127924747524143,0.024776156610153012,35.65429915343831,-0.10920082194573802,5.9212586933261075,80.4780876494024,0.03200111453621087,4.598001276904006,80.61041292639138,0.032381998629928445,1.034296340349928,76.66666666666667,0.02176419891886855,95.70027488376829,104.44444444444444,135.1416111563713,15,0.29185190212780404,0.5733333333333335,0.40000000000000213,1.6999999999999993,6,2,0.3721790477483286
1350,46.199999999999996,7.717000000000006,181.9036404156711,87.5888633508429,65.73061947208357,394.96014807360723,329.22952860152367,73.63636363636363,-0.007282563545600987,-0.05152015152585095,1.8245957399763628,8.228653023427045,0.032771457563918874,0.03642686109135498,39.497339022084475,-0.04314765747330297,2.198202121223057,74.10383189122373,0.03548548049955772,1.3467036430656747,74.7638326585695,0.031037886659717438,1.8990709840514823,72.03947368421052,0.03157560925076277,156.9078398278836,165.88235294117646,179.55302756966702,16,0.1261197766938073,0.42500000000000054,0.30000000000000426,1.0,4,0,0.14312739952148684
1352,42.8,3.855000000000004,186.0717072354121,84.877771152741,77.7801547488272,394.9251762410161,317.1450214921889,76.75233644859813,-0.051963954317078453,-0.11360653129619483,0.4209459729832231,8.033288320611504,0.035808549382129545,0.03914378375931747,39.57286208218494,-0.03910110576907188,0.8765782833085037,77.13884992987377,0.03653069833360658,0.6053107214343042,78.04878048780488,0.035877590380920484,-0.24354610178017513,75.05285412262157,0.03501347881826869,156.8963669488801,159.1304347826087,167.67838735540033,9,0.06430178973314768,0.3333333333333339,0.3000000000000007,0.6000000000000014,1,0,0.08262779980709471
1353,46.6,4.548000000000002,212.98703114868178,44.034838816418336,76.69887434434702,394.58860668674595,317.88973234239893,76.24463519313305,-0.018727398534512454,-0.09489593562566223,-0.28358025646094726,3.7082695111798616,0.03481330741845826,0.03233541341156291,29.953551065153405,0.054697567457655055,-0.13047778606399607,77.55627009646302,0.03265775323301922,-0.0724395118886606,76.82539682539682,0.03374870586401244,-0.6706707403933921,74.31372549019608,0.03809999644238626,134.9026354891687,140.81632653061226,144.20665440561777,11,0.06451865175568927,0.2999999999999996,0.29999999999999716,0.6000000000000014,2,0,0.08891843278329556
1354,5.7,2.685999999999999,197.33747428516673,110.61632001317523,88.34308392764426,393.3127565887995,304.96967266115524,84.03508771929825,0.5647494720748263,12.703663223914484,5.165532296971193,9.223338621702968,0.0395950164120572,0.03417217946618018,30.485066339338157,0.482615861259749,5.56844610519296,90.0,0.029191491764096283,1.7539040391595233,81.53846153846153,0.04842214737140366,12.645310517386779,79.0909090909091,0.03774346696270092,128.78607202480325,180.0,131.93256779868068,1,0.02384927259718581,0.20000000000000018,0.20000000000000018,0.20000000000000018,0,0,0.32029573098020503
1355,28.400000000000006,2.6339999999999932,220.6368832398726,82.48442883299735,70.45357284718523,394.99072036098505,324.5371475137998,54.33098591549296,-0.057765204409652354,0.14083744423331704,-0.18664243691370389,6.447671953536083,0.021995649619812287,0.024641765067472742,23.99371677225037,-0.2535404766767072,0.4439548687436141,57.09497206703911,0.0343472516477337,-0.32114309174317257,55.60928433268859,0.016397322885645455,-0.7225228453687254,50.16465422612514,0.01621517325113921,131.46871173551588,140.68965517241378,136.29985969132088,5,0.03544499581104583,0.21999999999999922,0.1999999999999993,0.40000000000000036,0,0,0.08487465360572254
1358,18.4,4.876000000000001,212.79273117669095,61.240401557210006,66.84131214458738,394.904876533328,328.0635643887406,70.48913043478261,0.01390754800434932,0.4118946729562931,1.5392098796569158,4.647137240018337,0.03086554803889652,0.029150681087679115,35.94041670652901,0.015766487179112016,1.5399767780106435,72.56944444444444,0.027447675852291107,1.3903155515747987,70.39660056657223,0.031685787996121956,1.7320892449578413,68.45878136200717,0.033355879525784636,103.11050008592542,120.0,114.96455259628284,6,0.10311050008592561,0.40000000000000074,0.40000000000000124,0.8000000000000007,3,0,0.2094861660079052
1359,13.200000000000005,7.332999999999997,192.56398602209495,78.46479209846358,89.48497604985316,394.67678751051363,305.19181146066046,80.15151515151516,-0.05875795934832466,-0.8663592647342129,2.2058967895836594,5.972927443119254,0.03319715275133358,0.027510103795714988,34.03766181190156,0.04267793382974492,2.4229985300706707,86.95652173913044,0.03494182663757845,1.8830714051308128,75.25773195876289,0.031339853483865705,2.253981738193937,74.23076923076923,0.03280331682876095,105.19651293040471,166.15384615384616,129.08623677762503,7,0.18506793941460073,0.5428571428571425,0.5999999999999996,0.8999999999999986,4,0,0.3571324209808599
1361,11.600000000000001,4.230999999999998,254.09773900773007,71.67827028241041,81.31874087869444,394.93853975939294,313.6197988806985,92.58620689655173,0.08843010292803752,0.7035972327569979,0.8463851263788943,4.931491046882205,0.042389292948342525,0.0354572733683896,39.513997344028446,-0.5266136225657596,0.8271942703035199,96.12403100775194,0.04569392350046425,0.14526382230770066,89.50892857142857,0.04068207751599421,1.5191121269418155,93.61233480176212,0.042195984206590625,125.07106310403638,165.0,131.72776262391056,3,0.05053376287031761,0.266666666666666,0.29999999999999893,0.39999999999999947,0,0,0.26726043838039276
1362,21.0,2.196999999999999,221.55746678311493,40.40891728513676,89.73966220293048,393.46503362708916,303.72537142415865,75.52380952380953,-0.08474456441262544,-0.3936782257326977,0.3341177011062653,2.9212773535252543,0.03185724116490822,0.0381465410084294,29.009700298705802,-0.26001848019349816,0.7274421482044353,76.51296829971182,0.030357811088569032,0.5230735314666576,76.31224764468371,0.04450229421747756,-0.31340942435166635,73.60482654600301,0.019234594968515272,142.25977497090142,150.0,150.70557610631593,6,0.05604172953399142,0.21666666666666648,0.15000000000000036,0.5,0,0,0.09471052291244554
1363,36.5,2.631999999999998,153.97661906374512,56.249790265451566,74.69629786153334,394.27747742565117,319.58117956411786,78.3013698630137,0.011339809682721476,-0.17203667239326373,1.842626067164083,4.980027852792078,0.03621238957184003,0.03293610470086184,33.04568561540921,0.020835532239259217,1.568819456532221,83.93013100436681,0.03130989681242084,1.7851858228330455,77.37730061349693,0.039242921761581666,2.2042086790416016,73.93838467943381,0.037595853546954015,154.86047224777676,163.78378378378378,157.68109908409662,3,0.017888173361954463,0.23333333333333398,0.2999999999999998,0.3000000000000007,0,0,0.06725953184094853
1366,8.099999999999998,1.644000000000002,207.67151399146928,70.98645739646174,69.56781188055903,394.9267729822497,325.3589611016907,87.03703703703704,-0.027003953203481364,-0.9706443880292567,-1.0344218386121937,5.911624640268104,0.04012707330814231,0.03769803944554241,46.791487267055174,-0.9755819580760995,-1.1889481582430508,89.77777777777777,0.05674682410677881,-0.5650181337253097,85.26315789473684,0.04040204292259443,-1.3530786990817314,86.66666666666667,0.02740103907543542,172.41379310344828,186.66666666666666,185.75851393188856,4,0.07183908045977018,0.17500000000000016,0.15000000000000036,0.2999999999999998,0,0,0.1687192118226603
1369,18.000000000000004,2.7159999999999975,187.64433096232224,72.67493371622953,88.65338204085234,394.5848232546837,305.93144121383136,83.16666666666667,-0.04068827955557509,0.037219724559759686,2.0612025981498117,5.62062224035612,0.035323972183105214,0.028231740818678033,34.16704431180196,-0.025724133865650343,2.906915161419481,78.1190019193858,0.03112851500741953,1.5950013107697416,87.51835535976505,0.0400165174724529,1.9268927884894183,82.6086956521739,0.03364601290393297,191.1565939370535,198.0,200.85209981740712,5,0.048271867155821456,0.19999999999999946,0.1999999999999993,0.39999999999999947,0,0,0.1311063911952113
1370,24.899999999999988,7.937000000000015,213.03961718077915,75.50821456311814,84.15849993323512,394.8177338029163,310.65923386968115,87.429718875502,-0.05489514358295766,-0.2762712523956973,-0.020457827675205188,6.027741372345848,0.03398988903092563,0.03096332834350695,46.28227899724234,-0.1706042565115491,0.3637489995152935,86.98924731182795,0.033477386622489724,0.16764007231497696,87.83132530120481,0.036303482310823865,-0.7214698656876564,87.53424657534246,0.032018149510829534,105.97801260772907,120.0,132.13350039867868,13,0.19794743734202297,0.5000000000000007,0.29999999999999893,1.9000000000000021,4,2,0.24170904772055957
1374,50.699999999999996,3.4000000000000057,204.65625951046306,89.62612442310066,67.14344566266826,394.5832844739514,327.43983881128315,77.31755424063115,-0.04017242908395627,0.07253209548373914,-3.6580400300692757,8.137845261342033,0.034081202165487684,0.036886621235830044,39.21041157648365,0.05592774758939516,-2.9517447076328582,76.5282583621684,0.03221862803613939,-3.410283569780386,77.5831873905429,0.03363727730426718,-4.6600354640859365,77.88046826863832,0.03653970298345483,180.77634011090572,184.52830188679246,188.4393063583815,9,0.04066543438077631,0.24444444444444427,0.20000000000000284,0.40000000000000213,0,0,0.06284658040665445
1375,11.674,1.0999999999999996,257.43524543845155,77.90183895937106,106.76596042041659,394.71998436921467,287.95402394879807,88.67924528301887,-0.004527823450683393,-0.2762749978515728,-0.6442175030306954,5.555428543874062,0.05009221891934618,0.04093278885253064,45.6789519401316,-1.2314724455189718,-0.34617207181758297,89.11917098445596,0.07232531170739284,-1.417886115230989,88.49765258215963,0.04272595369472795,-0.03991897759235634,88.4180790960452,0.03471384369194889,145.6082667919211,169.0909090909091,154.0500248467782,1,0.054798810082981,0.6999999999999993,0.6999999999999993,0.6999999999999993,1,0,0.08611241584468449
1378,46.000000000000014,9.066999999999986,205.88517523796955,56.02422973889193,74.70400046246249,394.94664788598703,320.24264742352455,74.08695652173914,-0.027509885666270755,-0.10333663206945969,1.3388627467692922,4.167642465456726,0.03543506272251494,0.028596029748032596,33.92740201781896,-0.038999827211080924,1.7621362967394505,76.29482071713147,0.03226231724982703,1.249548635428578,77.24935732647815,0.04361698322134003,0.9803142632459494,68.7256176853056,0.030272793915624086,122.0331596055714,131.76470588235293,139.2255578345453,15,0.12348593531516135,0.45333333333333264,0.29999999999999893,1.2999999999999972,4,2,0.16465396698567175
1380,36.800000000000004,1.6269999999999953,230.6371332843488,44.94318587641195,65.87641781168556,394.8814625144739,329.0050447027884,84.29347826086956,0.03284184139797692,0.013211601893382096,0.2707018900004371,3.374577556567024,0.03355104164579708,0.030362662276746426,27.61641512942711,0.041121612507538735,-0.02879788004301282,83.37531486146096,0.03011836644101546,-0.14572820280857499,83.60655737704919,0.033511924481237375,0.9868867657726894,85.9271523178808,0.03697689036822745,142.0875946600047,147.56756756756758,144.7239377634055,1,0.018216358289744078,0.6999999999999957,0.6999999999999957,0.6999999999999957,1,0,0.04234002133916245
1381,32.49999999999999,2.1650000000000063,228.22234127652084,82.8262447063186,67.16294748045166,395.04410194531715,327.8811544648655,61.29230769230769,-0.009486754741345124,-0.069549633304782,-0.10839769277954713,6.59862420921074,0.024097734763907693,0.02524615889884305,25.741960473809655,-0.29124648619787935,-0.49681122272239403,63.47583643122677,0.034765658364778025,0.9877834530818383,62.48888888888889,0.022086264038176744,-0.9422737729603882,57.76930409914204,0.015312433307197351,152.3150151449589,170.32258064516128,156.8394474974009,7,0.028847540747151536,0.142857142857144,0.10000000000000142,0.20000000000000284,0,0,0.06245492571758276
1382,27.6,18.35,240.80929215441404,72.4942242312996,72.49538792693095,395.036297108938,322.54090918200706,92.68115942028986,0.013751880683373996,0.3158032367933127,1.2850281101130927,5.17919473667046,0.051512064960915586,0.04101343052893435,43.45515724234183,0.1042878022108592,1.1515883339627504,92.7710843373494,0.047160674793730505,1.1300002081133649,92.15167548500882,0.051260984384640884,1.6413575653290806,93.34170854271356,0.056407013720035086,80.9575625680087,95.38461538461539,110.87928464977647,18,0.2698585418933624,0.688888888888889,0.5999999999999996,1.4000000000000004,10,3,0.39934711643090315
1383,19.599999999999998,4.094000000000001,194.32714380606131,109.898470008295,85.92293396676668,394.7619964166079,308.8390624498412,84.79591836734693,0.029232661297034387,0.1596822661592625,4.761202876145128,9.363814735623253,0.03782012663067326,0.030282963294242925,32.85007641367821,-0.10757529429721703,4.638247813613297,88.25396825396825,0.04069699957313985,5.036415501318511,82.53521126760563,0.039243304341320555,4.582526753868385,83.87096774193549,0.033267084488232075,136.74347936186376,147.27272727272728,152.15553677092137,4,0.10129146619397314,0.5999999999999999,0.6000000000000001,0.8000000000000007,2,0,0.17278635941588594
1384,37.800000000000004,2.637999999999998,205.01781190315566,84.21441014899209,89.3021099291658,394.89463114623254,305.59252121706675,74.7883597883598,0.0191336111839029,0.029275041605865453,1.547225403743986,6.94994675801202,0.036367929964625005,0.039483265606023214,54.77853614016922,-0.09587103645002522,1.7484254030372286,75.21588946459413,0.04310483749949981,0.6868197893613581,75.07418397626112,0.03400357014232889,2.283968287611364,74.09733124018838,0.0327461231475686,123.1514911716702,131.05263157894737,127.24206653380345,3,0.03214797962312663,0.4333333333333315,0.2999999999999998,0.6999999999999957,1,0,0.06523566941985257
1385,49.10000000000001,4.320999999999991,218.1297595260885,44.08710680523854,71.26035288098225,395.0358991066589,323.77554622567664,77.71894093686355,-0.04153245117362196,-0.010369194828817619,0.06764044861761838,3.5845579875161566,0.03553915193077847,0.03200568889049779,29.431852976254888,-0.026784176805582097,0.8150654167894134,80.74344911639244,0.03421588478189136,-0.15675873321934916,75.66924449732302,0.04030834561089554,-0.5106223270435839,76.7632241813602,0.03185808569340252,130.2858426461504,142.0408163265306,135.35326034110577,9,0.03743846053050289,0.22222222222222165,0.1999999999999993,0.5,0,0,0.08088579397615153
1386,28.40000000000001,13.291999999999991,171.53102057340712,90.75837052209157,71.92670855756344,394.86173523165587,322.93502667409246,76.02112676056339,-0.10693149203488526,-0.644047493003929,4.111826743584723,7.4285087959861205,0.03149831655114857,0.028448330776386473,35.48746301767531,-0.0043460080635865,5.124324967271887,78.97196261682242,0.030090857790743317,4.248915092190586,76.11111111111111,0.03639403988175602,2.602341023694949,72.29885057471265,0.028164787673087558,118.00825098340209,132.97297297297297,162.95707472178057,24,0.275832293965269,0.47916666666666646,0.3000000000000007,1.799999999999999,6,2,0.3188141609901178
1387,55.79999999999998,4.72600000000002,222.43596392443018,42.46668414465588,66.80959005296587,395.0235850438251,328.21399499085925,79.56989247311827,-0.013067071106381108,-0.028602648357749377,0.17925847402598552,3.202932492565482,0.03980443215482201,0.03505620851921347,30.417819465465584,0.03341694611794465,0.16870811272449707,78.70762711864407,0.03211435367538809,0.5501501355858959,78.56365614798695,0.042766176259726695,-0.16503935537699363,81.44552319309601,0.04469831045587934,143.7398803819846,152.6315789473684,151.2359628689636,9,0.049565475993787966,0.33333333333333454,0.30000000000000426,0.6000000000000014,2,0,0.07808214651554737
1389,57.188,4.199999999999996,257.8117963055158,76.28997123548933,74.75894997539379,394.1773327943926,319.4183828189988,88.14063319923036,0.007680710744241983,-0.004270694141254625,-1.3688744350805857,5.646460093282589,0.046513681161235894,0.030313679665764977,38.759249476701186,0.022549021496356545,-1.267554551636399,89.19346336320505,0.04192979057301389,-1.9244353496993274,85.86132177681473,0.04557526425306502,-0.966416542411379,89.26038500506586,0.05179365992495264,154.42757542190657,158.0,163.20066106596886,12,0.05375643448230914,0.27499999999999947,0.1999999999999993,0.6999999999999993,1,0,0.0684172802502117
1390,15.800000000000004,6.508999999999997,256.6533608157444,63.192270243551185,80.8961828159373,394.8345274961572,313.93834468021987,93.60759493670886,0.044398417226679934,0.8155549495869007,1.0529001320418534,4.212184457723971,0.04984379371845492,0.044705881447527795,38.944680714371216,-0.018956235695490698,0.7329139199129039,96.875,0.03763327772260259,1.1574300045352681,90.99378881987577,0.057268492621852775,1.1638029451528478,94.3840579710145,0.049675916994938764,129.09588058631044,169.41176470588235,139.06996957844413,4,0.07171993365906118,0.399999999999999,0.4499999999999993,0.5999999999999979,1,0,0.2917656551167689
1391,48.699999999999996,5.113000000000007,196.43546655958826,89.80094805379758,80.0006606400204,394.3729562271468,314.3722955871264,78.13141683778234,0.035278089079162765,0.19830098735504245,-3.142773908822972,8.277939816177904,0.038569513811974536,0.04072282994898335,40.78807783854315,-0.06869617891416273,-3.6970818790662214,78.39657282741739,0.03980151646039257,-3.071063506691172,80.55555555555556,0.03963480384974274,-2.6471280460333677,75.54479418886199,0.03632949459445641,150.52124951219966,155.76923076923077,164.5906569402394,13,0.08548120342668145,0.3538461538461545,0.3999999999999986,0.6000000000000014,2,0,0.09501421589578739
1392,19.5,3.123000000000001,187.3844850961805,108.0535681792232,66.39971126514257,395.0383044770123,328.6385932118697,82.25641025641026,0.022531448847542025,2.6708712448455847,5.34153727140063,9.32972475068275,0.03445687770396036,0.02761147268091317,31.07722098847038,-0.15176690876010218,5.160474836967254,84.27480916030534,0.036159704173699375,5.768901663036146,79.97237569060773,0.03281646592478024,5.029703193282785,82.83712784588441,0.034586265146123105,137.91274366794855,173.33333333333334,143.6265709156194,3,0.03978252221190829,0.30000000000000043,0.3000000000000007,0.40000000000000036,0,0,0.13804535207532162
1394,57.161,3.6000000000000014,198.7745732680707,80.43077155717889,65.8369835929047,394.9740712583701,329.1370876654654,72.30096237970254,0.004148365098972418,0.012731613524938859,1.866954015195907,6.8118637123724275,0.03246105194097328,0.03855003935784358,52.33467861444539,-0.08945768569890458,1.3704144135363794,72.63824884792626,0.03689106087893579,2.2947947759497325,76.04010025062657,0.030308781943053798,1.8500426441686624,68.24596774193549,0.030748997066752753,164.90841164562795,172.75862068965517,167.38778169425836,5,0.014812132782541525,0.18000000000000113,0.1999999999999993,0.3000000000000007,0,0,0.05924853113016575
1397,33.4,11.139000000000003,207.61377342100602,70.79080234437875,67.04378209967143,394.61067055326856,327.56688845359713,84.34131736526946,-0.001757585419101224,-0.3651370447992168,1.7266537927573042,5.386498290141315,0.038861356095587885,0.033878262640672174,37.477056825585784,-0.09650196716806492,1.2256630930136583,81.92893401015229,0.038134624776428316,2.4072276186304595,88.3982683982684,0.04508529723329334,1.432855631459661,82.41666666666667,0.03346733804168985,123.93632546756774,131.42857142857142,161.21966178918777,15,0.23125799860796162,0.6866666666666669,0.40000000000000036,2.6000000000000014,6,3,0.25009542198971696
1398,18.700000000000003,4.052999999999997,206.30732416107725,71.1235608867978,96.14232860649655,394.9164457714428,298.77411716494623,87.05882352941177,-0.03754567147765423,-0.4330223636664029,-0.884238050421219,5.84932333655684,0.03387735713437857,0.02950177496303163,43.81114320364868,-0.1404109175631354,-0.8932147404497793,84.4559585492228,0.035757799950681825,-0.2691650935629394,90.58641975308642,0.036430901402839604,-1.5303580218919504,85.84758942457232,0.02961068049891616,145.0358194523799,165.0,156.74725692300385,5,0.07471542214213511,0.34,0.3000000000000007,0.5999999999999996,1,0,0.17813035643651376
1400,19.0,0.9319999999999986,221.77589842676196,33.5710514086825,73.7986250024899,393.0727237546707,319.27409875218075,81.78947368421052,-0.042744524133387245,-0.29776110430193803,0.16067310930699127,2.762242292833344,0.028637409833837432,0.02644550608244865,26.4622593567747,-0.09832073121184155,0.243890819267329,86.5546218487395,0.02524629561406229,0.4100922992596407,81.2111801242236,0.032192054385682047,-0.17518610963643816,78.06354009077155,0.028226701618070834,177.60385310054184,196.66666666666666,179.40401378471518,1,0.010034115994380949,0.20000000000000107,0.20000000000000107,0.20000000000000107,0,0,0.04675898053381491
1402,32.99999999999999,10.338000000000008,186.3294910635002,93.17426347373302,75.4529727412011,395.02918928798647,319.57621654678536,75.66666666666667,0.044951426072805285,-0.08179540126358632,4.088604973714301,7.562904331868253,0.03483427495264491,0.033039572712525306,38.64064727839718,0.039025284625537025,2.9957473752441075,74.35406698564593,0.03040263481439897,4.609682655310599,76.88888888888889,0.04085209208630374,4.554591125095053,75.66371681415929,0.03294836645241016,114.91070192440814,127.6923076923077,144.60770079563278,17,0.20536249942313925,0.5235294117647065,0.5,1.9000000000000021,7,1,0.2385435414647655
1404,31.2,5.894000000000002,199.6068486189594,54.34630805986192,79.41667092922235,395.0133690645435,315.59669813532116,70.64102564102565,-0.05355431607517054,-0.1863603326017773,1.582796649785324,4.013810203899432,0.03446909908297678,0.02684275681027591,34.49671463583141,0.04053003018818684,2.3780946755360777,72.56637168141593,0.0282610924524648,0.8402930610586776,71.13899613899613,0.039401452621507196,1.5283319061467535,68.3223992502343,0.035597144516259976,92.19819916967704,100.58823529411765,100.60598929222805,10,0.08357146708362542,0.31000000000000016,0.19999999999999973,1.0,2,0,0.15889362160996393
1405,26.799999999999997,2.5360000000000014,243.4190309241827,76.21997444611435,73.83120599500303,394.3636913495407,320.5324853545377,65.11194029850746,0.021257367519393656,-0.21318015458099648,0.4147031419319977,5.6766836815770905,0.022187106587612727,0.020304928679339293,24.769617419979035,-0.051385223387380774,0.17308447980722497,58.51293103448276,0.02266514523493432,0.3648342268862362,65.92427616926503,0.02302892900591042,0.6781807341300997,71.42857142857143,0.02078245038580269,130.8971911644396,137.14285714285714,138.4482261321027,6,0.05454049631851655,0.2666666666666669,0.3000000000000007,0.5,0,0,0.0864466866648487
1407,43.800000000000004,16.726,225.67904267720945,87.0417938745643,67.37719478424071,394.98111659563733,327.6039218113966,68.19634703196347,0.03039291164540464,-0.0027066845332704655,0.5894284703970272,6.877423428120952,0.02511614426704335,0.025334780314127805,40.57729377140021,0.042158161895186085,-0.10624937410874927,69.57186544342508,0.02064719814548537,0.42278550074047133,68.2679296346414,0.029280913597661374,1.3396247202881522,67.00125470514429,0.024924305537059033,130.85285662359976,155.2941176470588,170.22739973348234,30,0.23130555463767632,0.4666666666666666,0.30000000000000027,1.6000000000000014,9,3,0.27634405049069816
1409,46.6,11.810874999999996,168.3696906267293,74.78290527885848,85.56491680057805,394.84876420235184,309.2838474017738,78.39055793991416,-0.03125634946413737,0.12699287183589,2.753857068752464,6.622643351700638,0.03494350797260891,0.03172722473549106,43.72360240346711,-0.03072541474252606,3.529808999621054,75.31094527363184,0.037706224297704566,2.535819911690553,80.21836865767501,0.03317331127697643,2.194469491961572,79.79933110367892,0.03381818118161362,143.80883696743115,168.0,175.69224574952875,26,0.18147305617318696,0.40769230769230774,0.2999999999999998,1.3999999999999986,6,2,0.20220335682353666
1410,0.0,8.595,,,,,,0.0,,,,,,,,,,,,,,,,,,,,,0,0.0,0.0,0.0,0.0,0,0,1.0
1412,8.5,3.8569999999999993,242.61808940680174,70.63987443710893,86.08717118009427,394.95688822638914,308.86971704629485,84.11764705882354,-0.18216514877564338,-0.6949615220957827,1.5873759043058666,4.636890462407432,0.047028609577987164,0.04633832104931758,52.557077211461035,-0.6549971833615448,2.393620718174895,85.80246913580247,0.05237120986069089,1.9600445709554977,85.22727272727273,0.046005999360131326,0.7762576828468656,82.14285714285714,0.04552401895562779,135.95532896334063,168.0,146.63524482848914,2,0.07283321194464672,0.44999999999999973,0.44999999999999973,0.5999999999999996,1,0,0.3121307760783361
1413,7.199999999999999,2.9620000000000015,238.22142969708406,79.06760589629977,111.87480048231724,394.94410115230926,283.069300669992,92.77777777777779,0.006998439373491026,15.729475893871777,-0.06431404251187457,5.729625665204428,0.1151795725112658,0.10840941175786299,62.371614056631955,-0.9035785138254581,-0.576367313622314,98.78419452887537,0.11023234982733127,0.5986103283555972,89.64401294498381,0.12804426099452546,-0.32511309735122124,80.48780487804878,0.08655088375135406,141.70438889982285,205.71428571428572,146.01500709795172,1,0.029521747687463164,0.3000000000000007,0.3000000000000007,0.3000000000000007,0,0,0.2914780555008858
1414,0.09999999999999998,0.528,288.4783915386799,28.195126743350865,275.9595696440654,362.9602600650449,87.00069042097948,80.0,-40.25797781443577,-40.25797781443577,0.551408637721809,1.5333855580688263,0.016220659075995344,0.002246060938698608,3.4819131201267495,16.637541062858347,,,,,,,0.551408637721809,80.0,0.016220659075995344,,,,0,0.0,0.0,0.0,0.0,0,0,0.8407643312101911
1417,26.0,5.530000000000001,147.4130104124863,75.88584659732615,77.2856798665497,394.65027394103583,317.36459407448615,73.15384615384616,-0.1549450764195889,0.3010147584708467,2.9678371686529226,6.813921973425395,0.03935969241441228,0.040196635501648335,33.66430354899319,-0.09243435775096911,4.57040790657665,69.24803591470258,0.041930388939161276,2.721374851302977,77.17976318622175,0.0363986323559686,1.5381317747109708,72.82051282051282,0.03994986445382615,146.52711703139866,154.0,167.20955483170465,10,0.12369172216936251,0.39,0.25000000000000044,0.8000000000000007,4,0,0.1753885188709166
1418,53.4,6.420999999999999,186.2136047784146,69.39702767270524,67.18086953971358,394.8335266191729,327.65265707945935,73.59550561797754,-0.039314695027392474,-0.030477818530273423,-1.3041500467318954,6.822317225905211,0.03153256264769071,0.030522999742264245,36.8187755374992,-0.00024222733617507605,-0.30311013974512696,82.12765957446808,0.03254502307823478,-1.8313509578443115,70.1155462184874,0.0292969959627004,-1.8255260097576578,69.45840312674484,0.032979010203721466,169.5056919810769,191.32075471698113,182.633598098017,13,0.0718811119840859,0.330769230769231,0.3000000000000007,0.6999999999999993,1,0,0.10733688838367797
1419,19.799999999999997,10.764000000000003,151.68106157617814,38.45975112820554,66.72939795431397,392.50365096566225,325.77425301134826,72.77777777777777,-0.06472632119027212,0.15998497088187677,0.831407495903953,4.112649124645186,0.0261793878975933,0.022117601148040893,28.935899211996713,0.1637800562020242,1.8213661319824546,74.73035439137134,0.019541957932936647,0.3965867544309295,72.24606580829757,0.030001372420534234,0.25370136718067926,71.36075949367088,0.028768193064565545,102.08087946603848,111.42857142857143,146.72686230248306,15,0.30427954456223005,0.62,0.5999999999999996,1.9000000000000004,8,1,0.35217903415783286
1421,31.272000000000016,5.2999999999999865,174.69843199956628,50.2264127026078,72.20918204255125,394.665852843078,322.4566708005268,70.47344849648113,-0.05872350304949825,0.014258891779918086,1.651229345088731,4.441362288313459,0.031562390685650046,0.02755909256809296,27.837910785562276,0.026886277542178316,2.2886886883625963,66.57142857142857,0.03004451765324262,1.6289922936394288,71.24658780709736,0.03288406771409704,1.0573701638631712,73.79733879222108,0.03170525955756432,193.5907251449196,208.23529411764707,222.13855421686736,13,0.12851361697473443,0.3615384615384606,0.29999999999999716,1.1000000000000014,2,1,0.14491961063108352
1422,46.199999999999974,10.957000000000022,234.1850412339629,71.718220207773,74.01984322786622,395.00779244446426,320.98794921659805,81.64502164502164,0.025278319500737726,0.031555327376431186,-1.5201571706517027,5.8023198655423975,0.05450427718603476,0.0525130537741571,74.12292489224419,-0.08732166104658268,-2.0829844744558565,83.6239103362391,0.05006592271468637,-1.1702432469442061,77.95115332428766,0.05248544231089668,-1.2437306310664955,83.11688311688312,0.06106358911288076,146.96362650244066,168.0,175.52291200869266,21,0.16270972934198819,0.4428571428571437,0.3999999999999986,1.5,6,2,0.19170005423657685
1423,53.10000000000001,6.720999999999989,244.4776543873946,44.66864004992469,93.01349033539832,394.826581477702,301.8130911423037,85.02824858757062,-0.012272957677551141,-0.07285656869984801,0.700781649730006,3.1659328766597947,0.04313679695461949,0.03598035587787627,32.61254269933116,-0.04467643618364616,0.6631143966050785,85.31855955678671,0.045306338683126196,1.1474671591624088,86.12593383137673,0.04110645414590017,0.2136818389941428,83.44573881054568,0.04307001334267951,109.32615636649338,116.78571428571429,118.43320475905902,9,0.07689607328530097,0.5111111111111099,0.4000000000000057,1.1999999999999957,4,1,0.11235184968489309
1424,30.9,9.486000000000004,242.58741460067924,62.72891844582038,73.87754005614343,395.01845099154696,321.14091093540355,84.72491909385114,-0.011305475369058852,-0.12150804001232589,1.4117101149868931,4.498004552735088,0.03894338964047588,0.03517183531041715,40.512430653643314,0.17019905694849627,1.3352221986583621,85.98130841121495,0.03153261199925655,1.814499890242473,81.80978762696215,0.04117452180733469,1.0235629350536006,86.74698795180723,0.04652956703469154,106.96776110533352,116.75675675675676,132.57227030012888,16,0.19313623532907442,0.4875,0.3000000000000007,1.6000000000000014,5,1,0.2348833754271283
1426,45.7,9.366999999999997,234.642965576296,85.33771539753717,69.0916053005877,395.0559418382167,325.96433653762904,81.4004376367615,-0.09154970959472578,-0.19955135632685272,-1.1174186807104753,6.686990169810811,0.03555488270312856,0.03301362217796576,40.21415970245787,-0.014914228565177897,0.10779360653268102,83.49937733499377,0.03504195986595147,-0.6942865543844842,80.20565552699229,0.037027193555498876,-3.0370283808412535,80.32670454545455,0.03451464899203598,162.34768554669765,175.2941176470588,192.8095412685746,27,0.15798935841792724,0.3222222222222222,0.3000000000000007,0.8999999999999986,2,0,0.17010187589663495
1427,37.599999999999994,11.354000000000006,159.84083593407033,80.20985362500828,72.588322361319,395.0527147368882,322.4643923755692,83.19148936170212,-0.09117905265905372,-0.2809863235344916,2.565549235388236,6.47623018489008,0.03698692920957387,0.032875721041358004,35.78952077571569,0.05128640666120336,3.587961468392179,80.11551155115511,0.035395126957631105,3.246599712272073,85.46255506607929,0.035249185141533024,0.7674575603231646,83.72681281618887,0.04060924940352519,144.62556685868367,160.9090909090909,175.01359568893068,23,0.17363238959022775,0.3695652173913047,0.3000000000000007,1.7,4,1,0.23193201781264056
1428,12.499999999999998,4.715000000000002,197.1746888530917,79.84936154965125,101.70349342202711,394.8321249949348,293.1286315729077,89.60000000000001,-0.5255033131453665,-1.2231188315900026,3.2885230287540983,6.817343405746542,0.03720550464984337,0.03363107403204525,37.846644512680314,-0.23163286163027338,5.293556813447313,95.04310344827586,0.041263763504346816,3.4727165557277155,91.17647058823529,0.03830262504447726,0.48665944370169945,82.03883495145631,0.031639108688477635,149.86930002904444,161.25,180.2305274187915,4,0.16845774034272445,0.7250000000000003,0.6500000000000004,1.4000000000000004,2,1,0.2738890502468778
1429,53.1,7.007999999999996,192.79051945873684,79.03631019295447,66.58849914288605,394.5251888330309,327.9366896901448,79.6421845574388,0.01137429823622057,-0.004939104591722985,2.975603530774739,6.442013042861684,0.037408982626935566,0.03668982023884072,33.23176730969259,-0.02301000363667481,2.3065333479739962,84.12042502951594,0.034377894446239156,3.875816316590231,77.64449291166848,0.04111858241841988,2.7375759970716946,77.44107744107744,0.036475144691046034,138.75024955080855,143.79310344827587,151.06506303434284,16,0.08151993079124246,0.30625000000000013,0.29999999999999805,0.6000000000000014,1,0,0.11659013775204626
1430,28.800000000000004,6.073999999999998,242.97403351814825,60.81934683145725,93.27428119528884,394.73051099774284,301.456229802454,79.40972222222223,-0.03168259945751747,-0.024964919747768523,0.9345159126225862,4.342542695277277,0.03043015430728276,0.027983404892399436,30.60767796198547,0.10631728441715106,1.3261167515760943,82.4284304047384,0.026399048902607497,0.4900688204939365,77.97563261480788,0.030027137212535072,1.0035373321788077,77.5,0.03607206557607253,182.370820668693,227.14285714285714,204.67271674068348,6,0.10896369788381025,0.6333333333333332,0.40000000000000124,1.3999999999999986,2,1,0.17416986867006934
1432,34.50000000000001,4.657999999999994,267.4999310497266,42.535912158136234,114.02666107603615,394.3798875958442,280.35322651980806,87.94202898550725,-0.019641308536872244,-0.024961205495247482,0.5401873336454338,2.6573295393954495,0.045691784354593104,0.03413547150789547,42.94576619713267,0.011575934094543468,0.5380509206126116,88.3495145631068,0.04465765218687002,1.0795081476192074,89.20922570016475,0.0460941779992756,-0.1370553654252938,85.9,0.046481465829254276,140.96736299095969,153.33333333333334,148.5548199580171,6,0.051075131518463615,0.33333333333333304,0.24999999999999822,0.7000000000000028,1,0,0.11895398130650171
1434,39.6,2.6670000000000016,261.65494882693343,73.83748451176298,91.08886487496183,395.06118375453565,303.97231887957383,76.01010101010101,0.005428570390616098,-0.025011457843674176,1.7743944191095247,4.700687089800498,0.04312121714516731,0.03335241609111849,35.62996919592673,-0.045855524058191786,1.9188457447465004,79.11040508339953,0.04250387597984562,1.4478179276448322,73.59829666430092,0.04183443240909292,1.973766273064958,75.61919504643963,0.045126102764570436,100.78784867627226,115.13513513513513,101.50832797197799,1,0.007097735822272712,0.3000000000000007,0.3000000000000007,0.3000000000000007,0,0,0.06309887146000429
1435,31.3,3.7829999999999977,243.82349452315182,78.81408205074962,72.34566860079441,394.7835564078757,322.4378878070813,86.77316293929712,-0.04310935918013713,-0.08918558124700726,-1.9649611199992443,6.170967942384193,0.04139879332858622,0.028654125236494066,39.453927673443914,-0.011267463571647684,-1.2386890074473778,88.91891891891892,0.041802261712541186,-2.3493293195321554,82.93612964728312,0.03996008134646315,-2.410165126396287,88.46549948506694,0.042491850963042525,126.55702191944818,134.54545454545453,137.9610353292111,9,0.0826611179203602,0.32222222222222185,0.3999999999999986,0.5,0,0,0.10783000313542165
1436,45.800000000000004,5.7919999999999945,207.1653223918281,62.89502423892301,69.38245184428762,394.98195271765206,325.59950087336443,73.53711790393012,-0.018966037028122537,0.08086836364889022,2.3629331763519748,4.734813697507034,0.03480695461562804,0.027887817108148225,34.19341868796579,-0.0029902520307574913,2.6197404731011824,75.72463768115942,0.030846368043022602,2.556033816250844,71.66666666666667,0.037192376347445315,1.9390489525778702,73.54430379746836,0.03582038896034419,110.48224530935029,114.0,120.27346387575962,10,0.08140797022794227,0.41999999999999976,0.2999999999999985,1.3000000000000007,2,1,0.1122654675143432
1439,40.8,3.243000000000002,190.07174575214694,88.50697687393034,76.15446224330431,393.797327481344,317.6428652380397,76.05392156862744,-0.004839243198722572,0.018849065869489205,0.15897041506777904,8.3056044530991,0.03702224090985545,0.03665085915208212,38.578069367075564,-0.11484315504559667,0.012611131564134181,76.99775952203137,0.04238728140069374,0.3404234967806793,78.125,0.037002303807556286,0.10886550910900078,72.91822955738935,0.03166215639958228,148.4912471902459,152.09302325581396,158.1888106813729,9,0.061303725904229944,0.29999999999999993,0.29999999999999716,0.6999999999999993,1,0,0.07363258633608069
1440,27.4,7.422000000000004,260.1807400319073,63.65992599184164,92.44155363550367,395.03578157690663,302.59422794140295,93.94160583941606,-0.03648802636735299,-0.1285787814003221,0.42305475942189846,4.23709936633742,0.0559430063670836,0.05586195306415686,44.704807334477636,-0.01873903533073923,0.542277975760947,92.0881971465629,0.058527932447418496,0.6783523052861234,95.4045954045954,0.056082199983218034,0.061715221576948316,93.90495867768595,0.053740205935586934,118.89035667107001,125.45454545454545,134.75685176746305,10,0.11774165757279877,0.40999999999999986,0.34999999999999876,0.8000000000000007,3,0,0.21314111768422273
1442,28.999999999999996,11.072000000000006,210.30593810753956,102.636600243759,66.65260533826826,394.90010275918564,328.2474974209174,76.86206896551724,-0.030717018715805046,-0.6372684104915675,2.228439422461483,7.958933002411143,0.031163610740101363,0.03082375808233834,38.69207608930053,-0.10610918762814782,1.8359705463414697,77.61044176706827,0.03690976289454156,2.8629459475167995,79.78515625,0.03042113613404541,1.8919552444811651,72.61363636363636,0.02552398170689554,109.30325414254341,115.26315789473684,140.96292481977343,20,0.2245957276901578,0.4500000000000002,0.3999999999999986,1.1000000000000014,5,2,0.27630265522060304
1443,28.400000000000006,2.4249999999999936,231.40801687242293,33.27329185078218,91.98069178476698,394.75133848415584,302.77064669938886,84.43661971830986,-0.017814007195102996,-0.08655048559975662,0.04026151296334015,2.5231408830043662,0.0362473050150035,0.033161884052148906,29.97193748096236,0.10635766448985819,0.3412192372697775,79.0187891440501,0.029478775627422207,-0.06584659204200621,86.96088264794383,0.04551187330826637,-0.13522850029291017,87.45762711864407,0.033137109043161465,153.7712895377129,163.44827586206895,156.82382133995037,5,0.019464720194647133,0.11999999999999958,0.09999999999999964,0.1999999999999993,0,0,0.0786699107866989
1444,27.199999999999996,2.528000000000006,192.91357611636036,80.5569395341992,65.82891151348566,394.8620672253391,329.03315571185345,74.48529411764706,-0.01725631103329948,0.2278175932105871,2.6480946868414916,6.923117383072514,0.035590732828353566,0.03848148967226281,53.786082947783996,-0.15928593922873885,2.473364860414484,73.52587244283995,0.039297552777472725,3.289692147319138,76.26208378088077,0.03710709136865507,2.1533794060014535,73.59081419624218,0.030901696107331938,117.06135629709364,124.28571428571429,120.71597058415429,4,0.03027448869752429,0.22500000000000053,0.15000000000000036,0.5,0,0,0.08503767491926822
1445,20.2,2.6060000000000016,243.03440695731106,79.22241467818003,71.69570726515084,394.8292727286102,323.1335654634594,65.89108910891089,-0.0917832915067199,-0.5858703100152438,0.2041862188885667,5.977508290853348,0.030423530235649355,0.030466157400371847,28.02438405645336,-0.27862318333014063,0.4716773754913239,74.80190174326466,0.038893100830071636,0.869721270867833,63.513513513513516,0.030104121824363925,-0.9244957871442262,59.93836671802774,0.02256659981696902,128.91344383057088,140.0,137.34466971877043,6,0.061387354205033794,0.23333333333333348,0.25000000000000044,0.3999999999999999,0,0,0.11426817504165578
1448,23.4,5.649000000000001,209.59338203505652,76.57312957087504,72.03744873352049,395.03882979273084,323.00138105921036,83.41880341880342,-0.09993266268106211,-0.010362674164594405,1.8486314315972872,5.877141215611007,0.0363653463926494,0.03185717907421992,34.37011745429504,0.03230487926197659,2.832352377742855,81.0554803788904,0.03867524189035823,1.7053817677111347,83.85300668151447,0.0318079239723011,1.0463283485390824,85.34850640113798,0.03975873552588687,156.97614375710006,168.88888888888889,182.77285662752016,8,0.14114083100967342,0.5125000000000004,0.3000000000000007,1.5,2,1,0.1944645254569865
1451,0.0,1.228,,,,,,0.0,,,,,,,,,,,,,,,,,,,,,0,0.0,0.0,0.0,0.0,0,0,1.0
1452,18.4,2.1330000000000027,188.07186190921303,104.12172392522595,88.41887479419151,394.8982406769423,306.4793658827508,86.90217391304348,0.17515539840937758,-0.06523960978585629,5.395148957067442,9.039049306369058,0.03218897970824252,0.02618722529268376,31.63931109726275,-0.035789945436896335,5.193945154551559,84.42477876106194,0.03412246636938057,4.203536122343538,87.29641693811075,0.03343121276901785,6.648866863572712,88.6535552193646,0.029382397162313553,137.3398918813617,148.42105263157896,148.16371565176271,5,0.07305313397944771,0.3,0.3000000000000007,0.4999999999999999,0,0,0.10388155651877477
1453,55.300000000000004,4.233999999999995,224.49702304460882,38.64398229321681,66.39018126341956,394.0144732562493,327.62429199282974,80.09041591320072,-0.021432151357830134,0.007465526009523552,0.1113142737914032,3.1252779003460702,0.03804581622718805,0.03400086234672812,30.953611501035287,0.022624723970891953,0.17558839342165192,80.63324538258576,0.03258548835933013,0.8563923716245564,78.36225596529285,0.04198137705373571,-0.6955873101123924,81.29536571747627,0.03977119151777257,167.2993583498505,171.72413793103448,174.02243421742318,12,0.03863338596432279,0.19166666666666607,0.19999999999999574,0.3999999999999986,0,0,0.07111902442301869
1456,31.100000000000005,8.710999999999995,193.6580653990248,78.49833228364635,82.5797671415617,395.04095178148293,312.4611846399212,78.52090032154341,-0.02906372861206013,0.03945328797057827,0.6220793367542538,6.7604241046608,0.03366279447574789,0.03436651747892851,37.765773158437405,0.029609942045869884,0.6312644032481025,78.28810020876827,0.03294366591840509,1.587483694531425,79.05944986690328,0.036016907114988395,-0.46039767029923684,78.14634146341463,0.031747707813908704,97.96287458240185,111.42857142857143,114.66878362882596,11,0.14568837758408473,0.527272727272727,0.40000000000000036,1.1,4,1,0.21880887191982104
1459,13.700000000000001,1.6079999999999988,290.2907533290595,54.06657405492762,98.75219120051885,394.74416897632557,295.99197777580673,88.38568298027758,-0.06438679355673847,-0.43203562683473584,-0.8432297948028361,3.988945867137262,0.03381328946595142,0.0320682556553103,40.79458545261658,-0.3548505782839517,-0.7581930679013789,89.31116389548694,0.039780195821619985,-0.2561070589586624,82.65306122448979,0.03422409331393805,-1.472037527511084,93.66812227074236,0.0279018265874113,145.02221060883198,158.57142857142858,156.25,4,0.07185785210347531,0.275,0.20000000000000018,0.5,0,0,0.105043114711262
1460,36.0,15.305,206.43751612572171,78.62133674625056,75.65536715547601,394.6045973409374,318.9492301854614,82.63888888888889,0.015635243600149836,-0.06993858710932964,-0.2642622931496548,6.685867056449736,0.03829899381287447,0.035810884728356106,40.026032501664595,0.015748964453363632,-0.543250701233771,84.79362780593773,0.03799516152003916,-0.08920467026325801,82.3529411764706,0.03877486222208145,-0.07328146239857948,79.62747380675204,0.03803314009830175,120.45609589708606,150.73170731707316,149.98179832544594,30,0.19686190429782674,0.3366666666666667,0.20000000000000195,2.299999999999997,5,1,0.29831400448299383
1461,19.954,3.3999999999999986,260.92140303144697,62.672076093311055,87.92319524365516,394.8659545201807,306.9427592765255,74.72417251755266,-0.043688126411576135,-0.3036539189377967,-0.8250573556631239,4.817683216258907,0.03251272638745211,0.03563158243386342,34.20058087821202,-0.09449047174743826,-0.4737212691020986,79.96715927750411,0.03595262032262289,-0.8848180475877534,71.75141242937853,0.028228750058614017,-1.1093851186075838,73.11669128508125,0.03389848685170377,136.16511090177272,138.2608695652174,153.22347499277248,7,0.11132996488824183,0.3714285714285714,0.3000000000000007,0.9000000000000004,1,0,0.1455853387000085
1464,36.599999999999994,6.712000000000003,174.53822784187446,84.43640258338728,92.11939402664497,394.7559117070966,302.6365176804516,69.39890710382514,-0.19100001130073205,-0.30274071247189654,4.197445900644347,7.5097023362357875,0.0329980031405276,0.02773674764698933,31.52781091751068,0.08161794650289356,6.824529633164661,71.45015105740181,0.02962693926926583,2.8855834615222795,68.08346213292117,0.031660052386486226,2.3328310309421343,68.42610364683301,0.038942913736765734,155.15330624307353,176.8421052631579,175.40196283148887,11,0.11544144809752505,0.454545454545455,0.40000000000000213,0.8999999999999986,5,0,0.15496859992611756
1467,19.6,5.425999999999998,238.61681758188567,98.54508142733796,91.86142663991737,394.74882745453783,302.8874008146205,86.12244897959184,-0.05068157454859565,0.5416312299926129,-0.1808510656148119,8.0339978750954,0.059909398299111995,0.05840911041735767,48.46061872981668,0.19076691636789903,-0.029046087943503857,85.45454545454545,0.05155324210213878,0.2655187404275556,88.25966850828729,0.07053957483558179,-1.0438262880308895,84.06909788867563,0.05656854903941581,117.47782306401342,140.0,135.32173432753382,5,0.1318628626228721,0.6599999999999995,0.5999999999999996,1.5,3,1,0.2168145129065771
1469,45.9,14.626000000000005,199.50155719380527,45.44392901312181,87.09176909593057,391.85045418256453,304.75868508663393,81.28540305010893,-0.014065464474072916,-0.14739897187139367,0.9222828487656008,3.3784835237071533,0.03731130494202665,0.02953221196896553,31.039991416732704,0.06884557386885175,1.290322251138618,77.75030902348578,0.032994772585184684,0.512833594881569,81.13577023498695,0.03867721697778219,0.9596420799790933,85.41666666666667,0.04070823002160498,134.8180947031028,143.1578947368421,175.00965126753314,29,0.22965337210455017,0.47931034482758633,0.5,1.1999999999999957,11,1,0.24164821729504682
1470,44.99999999999999,6.854000000000006,197.1747036072358,64.74455242715189,70.09251550561851,390.169733013017,320.0772175073985,86.4888888888889,-0.0010656932527355447,-0.2853418436207422,-2.7611953981658153,6.334654499674925,0.035513986104217445,0.03108873112802648,34.78273821812679,-0.037494276206821754,-3.0924862117965337,88.15009874917709,0.038712424900923074,-2.152172403642306,88.21525885558583,0.035054464598623464,-3.0355088945540625,83.14606741573034,0.03274871778829947,145.79395996451575,164.34782608695653,163.44532364768455,21,0.10799552589964138,0.2666666666666669,0.20000000000000284,0.6999999999999993,2,0,0.13217880973502538
1471,26.0,5.033999999999999,234.92197096460745,69.38330462542423,99.24817217302753,394.5781314427393,295.32995926971176,87.11538461538461,-0.02848264937756241,-0.28276258221956374,-0.49966190387144516,5.177117726136966,0.041197653264284526,0.04248073372878926,58.10679626717936,-0.1932360518811718,-0.1088413613408473,89.46745562130178,0.04627473493758757,-0.8173672322540011,86.46532438478748,0.040527305379614104,-0.5674256420690217,85.48199767711962,0.036910959878633284,145.00225559064253,155.17241379310346,162.2557150068508,7,0.10633498743313785,0.4714285714285714,0.4999999999999982,0.6999999999999993,3,0,0.16220918992073208
1472,25.999999999999996,4.668000000000003,205.11963460822327,94.85252009326092,83.23805951647451,394.9937700793702,311.75571056289573,83.5,-0.02610173166256446,0.2830920700665534,-3.1267525353757204,8.518565105986438,0.03498527947956661,0.03303640774866868,38.74181138016203,-0.17467892324565204,-2.8860451173844983,85.83333333333333,0.03662759423992565,-2.8532761430777014,87.88571428571429,0.043840681786292024,-3.833752981918875,75.55555555555556,0.022795607337959524,199.55654101995566,226.66666666666666,219.60671738194347,10,0.0913003782444242,0.28000000000000014,0.2500000000000009,0.5,0,0,0.15221077344463294
1473,36.599999999999994,15.306000000000004,162.3829251983201,85.85435362825466,67.18260545608071,394.8066393016505,327.6240338455698,74.42622950819671,-0.018144532601350807,-0.05703909254036911,4.4607515469038015,7.89781724531109,0.03399472966421339,0.02779570225443085,36.75791758893959,0.004415724480674034,5.357664032670707,75.24980784012298,0.03273672127222276,2.43387446961029,76.19047619047619,0.03560322990242255,5.247443968352488,72.19251336898395,0.03395261901427449,113.28170153739453,127.82608695652173,151.52296036695358,19,0.2523793010441953,0.6894736842105263,0.40000000000000213,2.1999999999999993,9,4,0.29487920471621787
1474,33.4,2.676000000000002,260.06239883981385,61.29448720880471,88.20703292349503,394.95224607223145,306.7452131487364,79.37125748502994,-0.028438507794610848,-0.3184053693282225,0.292585171146867,4.347884082481914,0.03666840285181709,0.031285540079675246,35.03878326901677,-0.04365022843246982,0.5808921037931042,80.70175438596492,0.03719708376298864,0.14580097813899298,80.40244969378827,0.03967227658670829,0.1561217844818612,77.0197486535009,0.033078281567472216,167.97871160882582,195.48387096774192,172.76770441327406,4,0.027719259341390495,0.2500000000000009,0.2500000000000009,0.3000000000000007,0,0,0.07417673799756076
1475,8.599999999999998,3.913000000000002,234.4385812035361,67.48869274319972,79.19209778754686,394.4248530709267,315.23275528337984,92.2093023255814,-0.08061766203766843,-2.896811382279612,1.4495629785695925,4.606813225207974,0.043797056050337825,0.03400389158067197,32.50200404123321,-0.7346248778716504,1.6326028197628062,93.28358208955224,0.062392270397249504,1.2677239893964332,94.13680781758957,0.03694022933227685,1.4763011973599054,89.12280701754386,0.033797488119636065,119.87532965715656,136.36363636363637,144.05070584845865,2,0.16782546152001923,1.0500000000000003,1.0500000000000003,1.1000000000000005,2,1,0.31271477663230257
1476,45.4,7.237000000000002,231.10967314889388,86.3470506830861,79.52257926617554,394.960796909986,315.4382176438105,82.51101321585904,-0.0032903163171144113,-0.1568836155475437,-2.8953121079375475,7.226852161907043,0.04296402138168144,0.03986990138915525,41.788508243957985,-0.05364181197047093,-3.0340953867135556,80.13157894736842,0.04641443792997739,-2.5759410217461647,82.5657894736842,0.039412115427425704,-3.077380198763162,84.86666666666666,0.04306442910393633,149.3246195641849,167.2340425531915,163.96520433068403,14,0.08929080304728615,0.3357142857142858,0.29999999999999805,0.8000000000000007,2,0,0.1374888386496191
1478,31.299999999999997,2.7900000000000063,215.25300782799215,82.75663264543932,71.02484099284212,393.87597181115575,322.85113081831366,74.82428115015975,-0.0372632512228441,-0.145425053196561,-1.7957557100684334,6.815222127524099,0.037388656015529605,0.03825535616179554,43.25868259588985,-0.14483397815675383,-2.020865612173447,74.92625368731564,0.038345260932513905,-0.6921977976534566,72.82415630550622,0.04312358958501327,-2.760734318984565,77.00101317122594,0.029860386106905848,211.20563215019064,240.0,217.58839528558474,5,0.029334115576415316,0.19999999999999965,0.1999999999999993,0.3999999999999986,0,0,0.08184218245819906
1479,25.000000000000004,3.3169999999999966,149.99603082610983,61.66280192915805,84.05681342012114,395.0579837809535,311.00117036083236,84.52,-0.07349168867400452,-0.010036833801413809,2.7907076365673515,5.579982266894929,0.03866888630306555,0.034873401143025194,35.836093323900286,0.33986870749087483,3.3781789209452784,82.71144278606965,0.0231498374618474,3.285385523166644,87.38425925925925,0.0446350502302921,1.6880377830409612,83.29326923076923,0.047470027691545895,163.1528763640216,184.8,175.55192461146783,7,0.07062895080693557,0.285714285714285,0.1999999999999993,0.5999999999999979,1,0,0.11713811491330284
1480,12.9,2.67,272.02171281346455,63.17062750098047,89.8924130390385,394.9194629197045,305.02704988066597,78.91472868217055,-0.14886160172707322,-1.244282513033421,-0.9605926289637439,4.768878799764102,0.03798665167759359,0.04187694370499037,34.45077848718667,-0.5049793605408074,-0.7137733651165438,80.40089086859689,0.04815062534913051,-0.5170619544090719,74.83731019522777,0.03187795130377362,-1.7366177474579776,82.10526315789474,0.03338793245078024,123.3140655105973,137.14285714285714,134.5480028030834,4,0.08349389852280024,0.32499999999999996,0.3500000000000001,0.5,0,0,0.17148362235067435
1482,17.400000000000006,6.188999999999993,211.92894529500467,87.63469590980422,78.45450972756757,393.75065023191576,315.29614050434816,79.3103448275862,0.12614436156558786,0.24652973575102655,-1.4025050647380797,7.312177486435647,0.0361185840439726,0.03567577020077922,37.98189076357644,0.034370987870785435,-2.2244002394808557,74.95429616087752,0.03659072806427689,-1.4450194857729026,84.90566037735849,0.04059998655313378,-0.6487752540922368,77.8688524590164,0.03141215708996044,129.72148035101108,153.0,166.40382837565934,13,0.22044173131544353,0.3999999999999998,0.3000000000000007,0.8999999999999995,4,0,0.2623680529060152
1483,5.8,3.5520000000000005,223.29109271929707,66.62193369041661,82.12935621387014,393.67994446014626,311.5505882462761,92.75862068965517,-0.3934783686199946,-6.68471811343167,1.3333491892954226,5.108449228753769,0.05084646431206062,0.043792670238292586,35.8442506348149,-1.1377304631898337,2.031989798231032,94.33962264150944,0.07357395855776871,1.4700439785792445,91.28440366972477,0.034553673349077066,0.13241116875871337,92.66666666666667,0.04240379531099598,115.48331907613344,135.0,135.81488933601608,2,0.14970059880239514,0.6999999999999997,0.6999999999999997,1.0,1,0,0.3798118049615056
1484,14.399999999999999,1.5610000000000017,245.33878365341434,53.36551018140526,73.54630246676126,395.0188871482625,321.4725846815012,80.41666666666667,-0.09355568483903019,-0.18407246889791273,0.42801180211608175,3.896062310180343,0.03728075719311257,0.03158131984004946,34.257698532835136,-0.20651554609676293,0.7911238427493907,82.33995584988962,0.04230971611249173,0.7395376206205508,79.13533834586467,0.03622796540830636,-0.30438699114382356,80.0,0.03352416903073874,157.88484430800074,210.0,157.88484430800074,0,0.0,0.0,0.0,0.0,0,0,0.09780088966856725
1485,30.499999999999996,8.345000000000002,227.23943918923663,87.21727711478505,82.16117259453733,394.65473403611225,312.4935614415749,77.27868852459017,-0.011024804919741709,-0.4026802116011809,-3.4808196151326394,7.36360723877016,0.04566692348523865,0.042501257524796485,40.60694569588979,-0.1932271492954263,-3.1054786899670623,75.07109004739337,0.0557428694417227,-3.8390799159579148,79.17050691244239,0.03631094866552891,-3.465981675079137,77.58241758241758,0.04514067040314459,126.65722744239929,149.0909090909091,138.80660177740162,9,0.08752735229759315,0.37777777777777843,0.29999999999999893,1.0,1,0,0.21482816321276876
1487,6.952000000000001,1.7999999999999998,266.703240677617,49.234594479382224,112.63473330912186,388.8961437224158,276.2614104132939,84.72622478386167,-0.1830081770842848,0.5918230830207155,-0.8682989199564722,3.8609087598840777,0.019684535270039667,0.015489080459795863,34.49185573325774,-0.16969291448323454,0.30149613563495903,85.53719008264463,0.02204654143605139,-2.196728436545028,74.52830188679245,0.016464853561805517,-1.0129433723620078,92.91666666666667,0.020146897894918022,123.40036563071297,154.28571428571428,144.92753623188403,2,0.1485374771480804,0.6499999999999999,0.6499999999999999,0.7999999999999998,1,0,0.20566727605118826
1488,35.900000000000006,6.993999999999993,233.24319654322176,74.64932746067292,84.59396383071109,395.03011737496576,310.4361535442547,89.025069637883,0.060144115702269914,-0.21772844119595333,-0.9828699923629578,5.74223836299073,0.0427220567960618,0.04153112477861344,56.35988679821018,-0.10549382875684986,-2.0560263167111437,91.09243697478992,0.04796165219628342,-0.6389884516166049,90.64,0.04424931645027655,-0.1925904520893964,85.1304347826087,0.035640149757772986,137.0821093859281,143.41463414634146,155.99299623282218,14,0.12122907632769142,0.3714285714285711,0.3999999999999986,0.8000000000000007,3,0,0.16305310766074493
1489,25.69999999999998,20.85100000000002,158.80608733438976,76.62628195418935,77.8806247274549,393.86032979029864,315.9797050628437,74.86381322957199,0.05824650786255346,0.12664804218166598,4.248378213754752,7.659106627935801,0.03175045211921821,0.027767476250956272,34.497405709464736,0.03622484610559145,2.5886045283144585,75.4257907542579,0.031872607655471515,5.430337592857923,78.30957230142566,0.0318577943918355,4.47292573233913,69.84334203655352,0.0314817550402229,90.22362570084424,107.6923076923077,141.64783649792597,19,0.36304268436768317,0.8894736842105274,0.9000000000000004,1.8000000000000043,12,7,0.44791733797340594
1490,46.2,7.664999999999999,208.29861731427147,62.00424230467621,65.54835473637286,393.4683955370635,327.92004080069063,85.6926406926407,-0.006388802240807098,-0.031697721813623785,-2.290516648915493,5.876679425649912,0.035635279584771896,0.029709730003920888,30.779155222908923,-0.007433412638463484,-2.2333970450203213,87.5,0.0372526903517986,-2.5379328964826846,83.21766561514195,0.03212296683473743,-2.0979446713645555,86.45763842561708,0.03769176575598712,139.2369813422445,156.25,157.67896562598546,14,0.11695906432748526,0.44999999999999957,0.40000000000000036,1.0,4,0,0.14230019493177387
1491,42.99099999999998,10.90000000000002,198.72833139610503,43.00436723357979,85.49416631656327,393.2091664301665,307.7150001136032,83.17822242903677,-0.03557166575347995,0.022623676607202717,0.8811537894871482,3.441932515144829,0.03607617150782773,0.028447971559256928,31.650800517984628,0.03720265542554012,1.9055265865021596,82.83233132932531,0.031592660460552625,0.08458188469362174,85.90764331210191,0.038215801053602026,0.5541464781603973,81.29449838187702,0.03868098790153535,134.71637193594478,165.0,163.17906992425443,20,0.1744261565010859,0.470000000000001,0.350000000000005,2.1000000000000014,6,1,0.20226011764487614
1492,34.0,3.6430000000000007,215.2293764502311,85.8535142304038,70.67974195225828,394.8938010665186,324.21405911426035,73.70588235294117,0.0032264068761895127,-0.11896951142673395,-2.0942208253064556,7.270870198844311,0.032002511280825055,0.03255318948356759,42.18176076411733,-0.041369305453746126,-2.497223811968344,76.23318385650224,0.03146816307408121,-1.6365960725434856,71.45228215767635,0.03400227686776857,-2.158953370547098,73.61111111111111,0.030322956390318057,207.20983981085462,229.41176470588235,221.32054592401326,8,0.06375687378795529,0.30000000000000016,0.2999999999999985,0.5,0,0,0.09677762133730045
1493,12.9,2.67,272.02171281346455,63.17062750098047,89.8924130390385,394.9194629197045,305.02704988066597,78.91472868217055,-0.14886160172707322,-1.244282513033421,-0.9605926289637439,4.768878799764102,0.03798665167759359,0.04187694370499037,34.45077848718667,-0.5049793605408074,-0.7137733651165438,80.40089086859689,0.04815062534913051,-0.5170619544090719,74.83731019522777,0.03187795130377362,-1.7366177474579776,82.10526315789474,0.03338793245078024,123.3140655105973,137.14285714285714,134.5480028030834,4,0.08349389852280024,0.32499999999999996,0.3500000000000001,0.5,0,0,0.17148362235067435
1497,25.8,8.420999999999996,202.8184066680643,75.9513940042402,69.08630301300408,394.8492486250319,325.7629456120278,77.55813953488372,0.059586192792000586,-0.10931469312010474,-2.002368964753329,6.597537994011814,0.030863095374340756,0.03273721825599159,37.90088193476019,0.0003731619341690168,-2.502421134658283,75.03285151116951,0.025331201919394496,-2.2613533561387693,80.21978021978022,0.03473968867375445,-1.215296787244179,76.65036674816626,0.03126566386639575,140.26474971508725,171.42857142857142,164.2654255501181,10,0.14610911428654927,0.5000000000000002,0.4499999999999993,0.9000000000000004,4,0,0.24607697028140604
1498,28.000000000000007,4.209999999999994,198.23635167079013,89.53502288625408,75.89700714680045,394.8972935402152,319.00028639341474,81.46428571428571,0.03419252381930963,0.5717172900759998,-2.020585240397645,8.121171007969481,0.04273215152457026,0.04382487464402971,39.6961631164907,0.061906310011331706,-1.6992591402536428,82.421875,0.04269007918847799,-2.707855230992596,81.32780082987551,0.04005474825086458,-1.610753013590749,80.41871921182266,0.045963800327539175,201.17975783918038,216.0,215.9280239920026,7,0.06830176963675852,0.31428571428571317,0.3000000000000007,0.5999999999999979,1,0,0.13070475007761545
1501,21.886,2.8000000000000007,247.82240822727346,96.23489784289826,88.29746183542143,394.8487105349744,306.55124869955296,84.31641518061271,0.03366740760802709,0.11999089052916186,-0.8558216217834406,7.6426077967117365,0.06391820631717997,0.06348357008736709,62.36124853567655,-0.09001579233018887,-0.5823405214412113,83.21964529331514,0.05189373760297711,-1.9246779857156149,87.31241473396999,0.08585902477249435,0.014960535973852046,82.38557558945908,0.05385077645535901,131.24848092035973,147.27272727272728,146.6992665036675,8,0.10532285505954794,0.32500000000000007,0.20000000000000018,0.7000000000000002,1,0,0.11342461314105164
1503,15.599999999999998,6.134000000000004,174.51049940787,83.19977939911317,98.26568382577706,394.7239007850676,296.45821695929055,69.87179487179486,-0.3633990208671414,-0.1952682986549803,4.168886682782038,7.368504364067006,0.03139370591406766,0.029743074618873776,32.40544857889561,0.16855785495208347,5.919297586124349,67.92079207920793,0.028155584563218785,5.071152366385773,68.92561983471074,0.0297567128273605,1.2093844709360686,73.33333333333333,0.037228443913259926,151.83583325664856,165.0,202.0325700991796,8,0.2484586362381522,0.675,0.5,1.5999999999999996,3,2,0.28223060642311604
1504,37.772999999999996,2.9000000000000057,206.90136263618456,62.689489702492956,77.0816351497564,394.79050119822983,317.70886604847345,85.83156779661016,0.003420312426074211,0.23823388467893367,-2.142517705588226,5.963431820017652,0.03406683090616587,0.029312285711690797,34.21367028846966,-0.007538119381472957,-1.9775172520016508,86.49289099526067,0.03469593224075201,-2.0810943288210226,84.10493827160494,0.03371365771156491,-2.3770129492942407,86.9851729818781,0.033787811277349374,128.34066825658297,145.0,136.03314830740368,8,0.05654857030462492,0.2875000000000012,0.2500000000000009,0.6000000000000014,1,0,0.07130037125365736
1505,16.2,6.188000000000002,206.38756864143755,73.66958179594972,72.86985838036108,394.7942349860024,321.9243766056413,81.79012345679013,-0.08876342459112632,-0.6416544603606787,-2.166413094131823,6.311933935323197,0.031082732176345967,0.030533577806787053,37.889248842261864,-0.2673271936453076,-1.8146298502579188,85.96153846153847,0.03347861643225894,-2.0534727973920366,81.33748055987559,0.03390989556108549,-2.7757507989389887,77.68052516411379,0.024378736838354155,131.3203501876005,154.73684210526315,150.8620689655172,5,0.12953367875647664,0.5799999999999998,0.5999999999999996,0.8000000000000007,3,0,0.2763980703948545
1506,28.000000000000004,3.451999999999998,217.86994525658903,86.71926371315189,76.87683014315802,394.95001009343235,318.0731799502743,85.64285714285714,-0.0727498977797319,0.3601634770179044,-2.373825258788161,7.4462823519201855,0.03960180514981065,0.03456764179761172,37.44689026040405,-0.031105861319659575,-1.2971722935001724,86.40674394099052,0.04264594224264645,-2.755949128377194,86.35394456289978,0.036616978397662044,-3.120355333227007,84.118291347207,0.039504194407657525,164.05951926745516,172.0,174.01861594496154,5,0.05723006486074005,0.35999999999999927,0.3999999999999986,0.4999999999999991,0,0,0.10975454661070831
1508,36.699999999999996,18.001000000000005,158.72409428761335,77.8918031015753,88.28966858142704,395.01000796285166,306.72033938142465,75.23160762942778,0.01449066411097247,-0.043842896436471185,3.8371622543514556,7.32112328517465,0.03785464437234345,0.031228127617332572,36.38177796770812,-0.02414303271212695,3.6030276330602353,77.2,0.036318297595427554,3.9083015581690512,75.82861762328213,0.038173522457233086,4.022723143121995,72.52747252747253,0.03914456937668529,92.13725526041571,96.92307692307692,130.5665656330147,21,0.29432734319299464,0.7666666666666667,0.5,2.1000000000000014,10,6,0.32907990713149676
1509,20.5,8.34,213.4182789462589,78.96165732603764,80.82373934991024,394.78374796182237,313.96000861191214,79.46341463414635,0.011428120398307894,0.27573418556105295,-2.379483350297381,6.770085520062768,0.04489483663212078,0.04530557844080683,39.12396101029836,-0.21019426656852486,-3.0519759623514116,84.71760797342192,0.05984237641372943,-1.6110697948201431,77.92378449408673,0.03868580061500159,-2.5937381150320693,76.56477438136827,0.03867454181479805,131.06796116504856,145.3846153846154,168.44919786096256,13,0.22191400832177527,0.4923076923076922,0.3999999999999986,1.3000000000000007,4,1,0.28918169209431344
1512,7.800000000000001,1.5519999999999996,274.1302572514753,62.780159902759024,92.86221088045355,395.00297628392684,302.1407654034733,85.76923076923076,-0.28269556755215813,-0.1872806974035023,-0.022884390429083357,4.538849838479345,0.04249544978285428,0.04327003670883807,33.13334474420314,-0.8785211222947273,1.476175166022845,92.46031746031746,0.05367370297582427,-1.3066822797078734,75.57251908396947,0.0397506144225734,-0.42241756091689353,89.47368421052632,0.03460908534588117,115.48331907613344,135.0,124.8266296809986,2,0.07485029940119753,0.34999999999999964,0.34999999999999964,0.5,0,0,0.1659538066723695
1514,37.772999999999996,2.9000000000000057,206.90136263618456,62.689489702492956,77.0816351497564,394.79050119822983,317.70886604847345,85.83156779661016,0.003420312426074211,0.23823388467893367,-2.142517705588226,5.963431820017652,0.03406683090616587,0.029312285711690797,34.21367028846966,-0.007538119381472957,-1.9775172520016508,86.49289099526067,0.03469593224075201,-2.0810943288210226,84.10493827160494,0.03371365771156491,-2.3770129492942407,86.9851729818781,0.033787811277349374,128.34066825658297,145.0,136.03314830740368,8,0.05654857030462492,0.2875000000000012,0.2500000000000009,0.6000000000000014,1,0,0.07130037125365736
1515,3.4,1.799,274.6484329055509,59.37665616108135,117.88921524552897,394.08324648840494,276.19403124287595,70.0,-1.2961700295109388,-27.25403138766125,-1.3693507649239645,4.58112907170826,0.03274965860191864,0.02299683572804184,30.754409439000018,-1.9862444224845934,-0.09050454129891045,83.87096774193549,0.0430310688553715,-2.407599455947332,76.47058823529412,0.026574376754954842,-2.0472866712340614,26.984126984126984,0.02751034512822511,92.32544720138489,160.0,96.01920384076814,1,0.03846893633391032,0.19999999999999973,0.19999999999999973,0.19999999999999973,0,0,0.3460280823235238
1516,13.900000000000002,1.9049999999999976,249.43536950884638,58.92144490239236,89.68866663091877,394.72152571716754,305.0328590862488,77.41007194244605,-0.16681558478153843,-0.3918776890606083,0.7758924758300769,4.13284715058686,0.035656494525125405,0.029392183210808328,33.988419057135495,-0.24342060062093415,1.1431761919292076,82.77404921700224,0.039456919097849395,1.4052799588174156,68.85880077369438,0.033988092418180786,-0.25255586388469703,82.15962441314554,0.03369352294128209,144.25814615627965,162.85714285714286,145.1766953199618,1,0.006327111673521016,0.09999999999999964,0.09999999999999964,0.09999999999999964,0,0,0.12053147738057561
1517,23.89999999999999,7.996000000000009,205.13609748318916,47.50678848632604,84.47749817575921,393.1686788695615,308.6911806938023,84.35146443514644,-0.039171524680575484,0.2201475487113288,1.0489386875013993,3.798512880319278,0.036925579641476546,0.026343891976904642,31.876563827793657,-0.11242920413058848,1.4816425240917497,90.7673860911271,0.041167331501076466,0.7990165641708109,83.44748858447488,0.033880203762937725,0.7745755584403486,77.6470588235294,0.03565707279799391,107.22347629796839,117.93103448275862,136.2766974816704,15,0.2131928768497619,0.45333333333333375,0.3000000000000007,1.6000000000000014,3,1,0.2506897416603966
1518,30.1,8.665999999999997,242.05959503981467,81.3488042664046,65.74705813415589,394.6562956242379,328.909237490082,87.57475083056478,-0.013879765186354708,-0.04697462968100677,-2.096443682587434,6.274862422151026,0.03870758571454655,0.043709697572052196,58.23179536101903,-0.16129408455416802,-1.7095815471850566,88.72727272727273,0.04365722745678029,-2.4977797709436684,86.22009569377991,0.036817700736043894,-2.117489306492246,87.74566473988439,0.03469639945567737,109.8901098901099,121.71428571428571,129.22404902020264,14,0.14961564257338894,0.414285714285714,0.3999999999999986,0.9000000000000021,3,0,0.2235464066449981
1520,5.2,1.5140000000000002,242.9391224677876,66.95296182344002,121.84733907744832,394.90208491963153,273.0547458421832,94.23076923076923,0.0851015257956654,0.46952094481712225,1.2428237359813177,4.699384540104384,0.047572017110132356,0.044762718743416724,41.18271720676036,-3.35165232787549,0.35430845633312247,96.1038961038961,0.07981961613396871,2.126751233653665,94.64285714285714,0.0394872846531752,0.8128824427612816,91.54929577464789,0.025352649650185903,125.11170688114387,168.0,128.95302425544978,1,0.029788501638367482,0.1999999999999993,0.1999999999999993,0.1999999999999993,0,0,0.2254989574024427
1521,29.8,7.0070000000000014,158.51311731543436,77.77874226877198,90.19973709625457,394.5195931420414,304.3198560457868,70.73825503355705,-0.2629635786193907,-0.15545064006779322,3.6272867666162907,7.141558337773073,0.03447099979807435,0.027588757350377267,30.187048281318166,0.044002160140494004,7.321162718995586,76.59980897803247,0.032139534855192865,1.2459424922306546,71.03513770180437,0.03601530002032947,1.5103638336991954,63.40909090909091,0.035397017594849645,143.45097399951095,155.2941176470588,164.45011991154578,8,0.12769310185562532,0.5875000000000001,0.5499999999999989,1.2000000000000028,4,1,0.19037139674518436
1523,27.900000000000002,4.623000000000001,217.8618050828567,85.96353953397798,80.6910009163196,394.3494709076344,313.6584699913148,74.01433691756273,-0.02296509562383547,-0.1589676722095402,-1.466347474146414,7.110455014996278,0.03522577257827798,0.03676947751893428,42.26818531658311,-0.05970057907970187,-1.5821600945553287,75.61497326203208,0.03452577403454441,-0.7467824369098638,70.95435684647303,0.03970551809029064,-2.075105579251306,75.64534231200898,0.031117391374541357,129.13937828613595,150.0,138.50872275170659,11,0.06764443624511875,0.19999999999999973,0.1999999999999993,0.3999999999999999,0,0,0.1421455585278111
1525,31.700000000000003,5.655999999999999,225.7527867507122,93.51939619482026,69.08034756607893,394.9136584632635,325.83331089718456,80.06309148264984,0.034031221231353236,-0.13554719111666558,-3.5458336391684675,7.855653632659862,0.04647921581961878,0.044429334788015626,42.077748251233544,-0.1728900807427046,-3.9376699403617814,79.02584493041749,0.05624424332939595,-3.5137041285713377,81.99095022624434,0.0415565054413119,-3.208437554523686,79.03682719546742,0.04235330933338778,141.34275618374556,160.0,153.68494586098498,8,0.08030838419530995,0.3749999999999998,0.34999999999999964,0.8000000000000007,1,0,0.15140807366955772
1527,38.40000000000002,9.16999999999998,243.88810081800634,72.91912976731376,88.39603379022,394.8334812257806,306.43744743556056,88.828125,-0.01076042596259063,0.012372185328745736,-1.8570545087876478,5.52898855143288,0.04210356625972416,0.042064849524834726,58.91964663280532,0.03552208195442055,-1.7152624120310598,88.92455858747994,0.03925132623233026,-1.7301429044169125,87.16814159292035,0.04184888750702641,-2.13101986077026,90.54927302100161,0.04525319102772976,126.12991381122556,133.33333333333334,152.78838808250566,19,0.1744797141055283,0.4368421052631569,0.3999999999999999,0.7999999999999972,6,0,0.19276855160815598
1528,47.60000000000001,5.925999999999995,221.55138308959135,85.97385140923278,74.73934584127916,394.43149834284935,319.6921525015702,86.47058823529412,-0.0012483898383760645,-0.0657402810971948,-2.5527344696203818,7.370844909988836,0.03930606213425845,0.03523461217449514,41.47187053208282,-0.007833365816378909,-2.8074643340700653,87.50788643533123,0.03548092647066129,-1.9108724898354383,88.2899628252788,0.04407670809574695,-2.983212229744487,83.53619474695708,0.03825187998392785,199.52920076224638,205.3846153846154,216.0806053494112,15,0.07659828868213563,0.27333333333333276,0.20000000000000284,0.8000000000000007,1,0,0.1107125509098381
1530,49.8,10.726000000000006,204.747260756723,79.07478625163368,71.41857428396598,394.5922443143845,323.1736700304185,83.53413654618474,0.002072916757356474,0.030882452637389864,-1.1646736823286028,6.8169150080067755,0.03556183666049413,0.03228787489446149,38.85805407336082,0.04187090667368522,-1.2236644981647635,83.74558303886926,0.031900231613034576,-1.2497109218658302,83.29238329238329,0.03579105832706212,-1.0205380550265033,83.55501813784764,0.03909323346960605,120.9397614248422,138.11320754716982,141.78902103591216,23,0.14704424544823722,0.3869565217391307,0.2999999999999998,2.299999999999997,3,1,0.17721309850312272
1531,27.09999999999999,7.722000000000012,197.22145619542917,41.94466810384288,76.42206259141369,393.332527450785,316.9104648593713,81.51291512915128,-0.0014211909640605542,-0.14504448827523883,0.8407486814014304,3.36049266074786,0.03806650027283752,0.031675991581006285,33.54407876821885,0.1425178936824742,0.6876837603926771,78.93593919652551,0.03333981914586292,0.8834266722258131,84.50560652395515,0.03717140096903927,0.9569786097015078,80.81683168316832,0.04454096281611684,136.1208431451381,143.63636363636363,162.2065567038533,16,0.16081787375796935,0.3500000000000006,0.3500000000000003,0.6999999999999993,4,0,0.221756360921257
1532,35.40000000000001,7.231999999999985,166.88899605779156,85.80143976718522,85.52355926286626,394.7542618619459,309.2307025990797,67.59887005649718,-0.1295896435950242,0.25161373986292473,4.111207620122267,7.558216740941234,0.032090521342631184,0.0288967144132735,32.269238197366306,0.019322462571251007,6.284577074765017,69.1310975609756,0.02963278920524825,3.210291702861741,62.106210621062104,0.033174407560042994,2.415712503977528,71.2623097582811,0.03389543122149033,163.25764683805593,169.7560975609756,191.56666299680717,11,0.14777631825858492,0.572727272727272,0.6000000000000014,1.1000000000000014,6,1,0.16963783073747385
1533,30.40000000000001,18.501999999999992,155.26117926382324,77.6075757568353,81.32330303256143,394.96158346840474,313.6382804358433,74.3092105263158,-0.021592719606047677,-0.06017737141639843,4.208064688858288,7.488705226980394,0.03232832797554078,0.027476173886172725,33.036507637097586,-0.013756274069227222,4.539307300249344,75.08333333333333,0.03132668195078284,4.119224774222374,74.83506126295947,0.03482104775917748,3.803967701903633,72.400513478819,0.030481779589713362,105.5171567625046,122.85714285714286,153.56228795905,19,0.3128706392376588,0.8052631578947363,0.6000000000000014,3.0,11,3,0.3783485338022983
1534,52.3,8.226000000000006,205.74618781608362,60.11952634281782,80.52923030016204,392.654844894502,312.12561459433994,86.69216061185469,0.02978394251346276,-0.09778951802667434,-2.394563736934568,5.725547404844737,0.03745357938538237,0.029011557645933873,31.92202443023525,0.01177355976204141,-2.9140350950360627,85.33916849015317,0.03581910192930669,-2.5596883465485907,88.33943833943835,0.038934017662885345,-1.7073924018004338,86.56462585034014,0.03777332291480672,146.71380894161186,174.11764705882354,164.97603388696913,16,0.11069622971945947,0.4187500000000003,0.20000000000000107,1.6000000000000014,5,1,0.13590853517496623
1537,32.20000000000001,10.405999999999992,200.68260982717482,73.72641567337858,77.40633668934237,394.8773678654813,317.4710311761389,74.96116806461634,-0.03958797335351094,-0.28976976403561155,-2.1157278537346653,6.42666017151809,0.025448838708933448,0.027770897879136752,36.5890553718484,0.01022186279643519,-2.2384676713775056,75.92407592407592,0.02430223387004755,-1.2762105406937858,78.83495145631068,0.02547829934850441,-2.815378028265742,70.79124579124579,0.026387636790925244,90.12815096465286,101.05263157894737,110.00974044576861,12,0.18072571938224644,0.641666666666666,0.6500000000000004,1.3999999999999986,7,1,0.24423790076515026
1539,32.3,2.7050000000000054,251.22917880900087,57.134905350537096,84.76083740645092,394.7501939129413,309.98935650649037,78.20433436532508,-0.010302969157849437,0.015992502572003256,0.384930106770254,4.027590299554055,0.040042647661817754,0.033050247797546166,35.158830721041284,0.02150261450052321,0.2949125450078103,78.03247373447947,0.037314076522837025,0.9456249486929443,81.91945158526136,0.041757081904032385,-0.22925305513967337,74.11417322834646,0.04088523547859763,178.26024853592344,189.0909090909091,179.2845855480534,1,0.0057134695043565,0.1999999999999993,0.1999999999999993,0.1999999999999993,0,0,0.07727467504642209
1541,30.899999999999995,3.3990000000000045,213.22518261952567,82.51988743696312,85.99182624507982,394.9578351688391,308.96600892375926,76.957928802589,-0.009590711557542089,0.004075374716667386,-1.397994132753578,6.807347293104998,0.03624641016266616,0.03667934213682961,42.16914128160542,-0.12970475345048635,-1.414813930083087,77.88259958071279,0.0381027695466958,-1.2191057471573565,78.6038077969175,0.03471075993469706,-1.5836700714203742,74.34656340755082,0.03617172995848963,230.9105221726581,293.3333333333333,244.4519892589278,7,0.0553952010262691,0.27142857142857196,0.10000000000000142,0.9000000000000004,1,0,0.09909909909909922
1543,34.5,6.670000000000002,234.2690100779014,85.39638002498809,86.16240720469287,395.0403812982562,308.87797409356335,78.92753623188405,0.05076345484530918,-0.08105085739089453,-2.8699029057414935,6.924586092456503,0.045741976279155494,0.03833349239255474,50.53261994853111,-0.1301567678196461,-3.590225382130017,78.37384744341995,0.04918814378342838,-2.7113542495669827,81.23393316195373,0.04227947531618844,-2.247048870777406,77.06422018348624,0.04567726140868301,131.16346854505707,150.0,145.6703533854869,10,0.09958707796939507,0.40999999999999953,0.40000000000000124,0.6999999999999993,2,0,0.16201117318435757
1544,19.500000000000004,3.1489999999999974,263.0378330375128,59.93781392890036,90.3410458054812,393.4613474000687,303.1203015945875,82.15384615384616,-0.11345739561884632,-0.14884122141315528,-0.36973064889545787,4.586930201451503,0.03939668766886624,0.04191199131759758,35.887150141715445,-0.1252489561899767,0.20185324756662806,83.38709677419355,0.04363512711583539,-0.16126585950167874,76.92307692307692,0.038083074601981876,-1.0530490577292835,86.02941176470588,0.03678788772232796,169.54390922336526,182.85714285714286,189.63899451824778,8,0.10596494326460322,0.2999999999999998,0.3499999999999992,0.5,0,0,0.1390348359750981
1545,12.5,1.0060000000000002,266.6550792394674,61.242922295399765,98.17408989970072,394.85498210397986,296.68089220427913,87.10968775020017,-0.16254451457730726,0.42483151757657733,-0.9031546692605914,4.7059186612195445,0.030253549260196973,0.027760732896331103,34.870608609433845,-0.4707653795519118,-0.15860646324255695,85.16624040920716,0.03236389833159248,-0.7217911160882485,89.02439024390245,0.03279334786473316,-1.7086219757013874,87.05357142857143,0.026095657580222323,133.2741003998223,150.0,139.4700139470014,3,0.04442470013327414,0.20000000000000018,0.20000000000000018,0.3000000000000007,0,0,0.07448541389012292
1546,38.40000000000002,9.16999999999998,243.88810081800634,72.91912976731376,88.39603379022,394.8334812257806,306.43744743556056,88.828125,-0.01076042596259063,0.012372185328745736,-1.8570545087876478,5.52898855143288,0.04210356625972416,0.042064849524834726,58.91964663280532,0.03552208195442055,-1.7152624120310598,88.92455858747994,0.03925132623233026,-1.7301429044169125,87.16814159292035,0.04184888750702641,-2.13101986077026,90.54927302100161,0.04525319102772976,126.12991381122556,133.33333333333334,152.78838808250566,19,0.1744797141055283,0.4368421052631569,0.3999999999999999,0.7999999999999972,6,0,0.19276855160815598
1548,10.8,2.314,224.7614806310429,55.03296724321804,91.50099353617813,393.5586145999011,302.057621063723,93.51851851851852,-0.17856366725459039,-0.05415610297020573,0.6098992454103377,3.986677133456382,0.0427781879360037,0.03475219320096935,39.76258955068676,-0.666072687073806,1.0785715533958882,97.6470588235294,0.052660046040979416,1.0628397437819845,91.64556962025317,0.04108610389532257,-0.40137818073440573,91.59420289855072,0.034976858777677027,137.2578923288089,150.0,154.98536249354225,5,0.11438157694067408,0.3,0.2999999999999998,0.40000000000000036,0,0,0.17645264602714655
1550,35.2,17.619999999999997,160.6306259445823,74.14952825073422,83.56694911958769,394.6803287173078,311.11337959772015,74.46022727272728,-0.009760514037884405,0.13804126914480985,3.313748053473215,7.384664700111449,0.03428305480193197,0.02906284672052655,34.06220550165574,0.0775479659717461,3.8000618999261446,72.54130605822188,0.02910035203900576,2.854967937646095,75.1958224543081,0.0361781289817434,3.251478177599,75.9090909090909,0.038291941146546424,109.0496024233245,112.94117647058823,156.0130010834236,20,0.30102234002271866,0.7949999999999999,0.5999999999999996,2.299999999999997,12,4,0.33358576296857245
1554,31.7,3.4349999999999987,253.88472354526178,59.25877965085329,76.54399680148384,395.04011244883776,318.4961156473539,76.87697160883282,-0.03965709256229816,-0.0028008073351738845,0.3475860917107661,4.218272642950231,0.03712755299613704,0.03171339211026611,35.17620171290886,-0.024370223617898232,0.9353788950989577,82.46124031007751,0.03826216497330943,0.30316726143807243,74.70747074707471,0.03702670858550049,-0.26530285876147625,73.61246348588121,0.036097712719762275,167.35448982496087,183.75,176.92191966300587,8,0.05407713106588863,0.2374999999999996,0.20000000000000018,0.40000000000000213,0,0,0.09776576063754089
1556,30.10000000000001,14.25699999999999,192.56426920644031,38.782278799818606,87.15127677484145,391.25813282455493,304.1068560497135,86.0797342192691,-0.05620084795454933,0.14203000539820573,1.0918718417384836,2.969218561390089,0.04246044233478304,0.033148349820140866,33.13135508499518,-0.043206314552532224,1.983641221430576,85.28174936921783,0.04231005988675281,0.5592146768972726,84.63476070528968,0.04366199248066757,0.4462905959602033,90.31746031746032,0.0404727574251949,108.21290889825733,137.14285714285714,130.58737111298527,17,0.17133710575557395,0.44705882352941145,0.3999999999999986,1.0999999999999943,5,1,0.32141488378384453
1557,37.89799999999999,11.500000000000014,209.91982377682888,75.64444482298742,71.40378242815497,394.48782378963915,323.0840413614842,76.610348468849,-0.049152137000939414,-0.02097455014409296,-1.721605017722506,6.394520344725698,0.028401117782901726,0.030759358546883137,37.504655628546516,-0.006068717909161463,-0.827330754139802,79.95069843878389,0.026405063766339425,-1.878548320158338,78.02524127691166,0.02664427833774137,-2.524772953492337,71.73202614379085,0.0323113165034092,94.7406777602332,117.0,116.71405057608861,14,0.18826673144661749,0.6642857142857151,0.700000000000002,1.1000000000000014,8,3,0.23280294748775282
1559,51.7,6.265999999999998,204.11213019513116,65.10189380078135,75.36628006340497,394.5793187939087,319.21303873050374,87.02127659574468,-0.012488010367684179,-0.06340261559192932,-2.419171830204324,6.103528476482679,0.036216291199746675,0.02999243487778338,32.92798095472449,-0.012849879957408883,-2.3026030398186563,88.21206993795826,0.03504788637806275,-2.1479663409433796,85.88169642857143,0.03647383452320854,-2.8487555237113287,86.97819314641744,0.03721855796925247,162.50905703343338,184.7058823529412,178.18635796163886,15,0.08798261049580786,0.33999999999999986,0.3000000000000007,0.7000000000000011,3,0,0.10809785046406511
1560,14.599999999999998,4.026000000000003,222.2338320307625,61.981026702044296,72.09997158341795,391.8331851381103,319.7332135546924,93.28767123287672,0.021678195116107038,-0.15962618291186778,1.0892402668227181,4.559648639309455,0.04477667271853662,0.03760860032371584,36.91002548411519,-0.30119530371129266,0.927432271382573,95.49902152641879,0.052274230439336045,1.1908974239664225,90.57301293900184,0.04047252989660784,1.1651524927976553,94.11764705882354,0.041093558187494876,141.73735638354987,146.66666666666666,167.87485692483787,7,0.15569633845162695,0.41428571428571487,0.3000000000000007,1.2000000000000028,1,1,0.21614946848491373
1561,37.06199999999999,8.000000000000007,238.53040621823823,71.92045866637801,66.37329169316867,394.9638860176494,328.5905943244807,88.04318488529015,-0.015770229816388058,-0.25329228518892893,-1.9605214802784563,5.5703826943136105,0.04178379869265425,0.04497027702797921,60.61385984707141,-0.06628945984732248,-1.6574749659524248,89.42881500426257,0.044709779685046844,-2.1729487427370544,88.29022988505747,0.04239719246091005,-2.0182681143906422,86.3157894736842,0.03802999163875751,145.1333717988549,152.09302325581396,175.04416251806654,17,0.1708756823931474,0.45294117647058874,0.3999999999999986,0.8999999999999986,4,0,0.17753317651236092
1562,41.0,12.472999999999999,159.21269342890258,75.42711529188898,91.25373543032234,394.94382982176023,303.6900943914379,70.3170731707317,-0.04772272518564015,-0.20641751223596863,3.769271283864919,6.962739795791215,0.03501533336645689,0.03118231238981609,32.612974269888426,-0.02671221597477779,5.11158353869247,71.3984539704849,0.03539254447730918,2.52613150192925,70.53445850914206,0.03574179973500737,3.6339471523564515,68.84462151394422,0.033764491464607,186.26222579619622,226.36363636363637,235.61138315236678,21,0.2094514988872889,0.5333333333333333,0.3999999999999986,1.8999999999999986,8,3,0.23325790585903164
1564,34.199999999999996,3.156000000000006,199.3554761781459,89.4129287212198,83.79292506924443,394.74367398372345,310.95074891447905,80.67251461988305,-0.02102554243122791,-0.2747865472157575,-0.7093509832262203,7.889530609783164,0.039293867731290184,0.03442571161985905,39.064623003351386,0.007004755858689406,-0.26176378664679467,81.25,0.04027328688491305,-1.377624992238611,81.17154811715481,0.035844973524854516,-0.43786968264976645,79.52249770431588,0.04206084360965119,210.40796659171215,224.57142857142858,222.31021608779278,9,0.05353892279687345,0.22222222222222276,0.20000000000000284,0.3000000000000007,0,0,0.08448442017346626
1566,35.79999999999999,5.997000000000007,230.40596808557513,79.77171097393203,69.425915865757,394.85960553538376,325.43368966962674,81.28491620111731,0.04129398441204192,-0.1267344266482688,-2.7964794649572116,6.631294214942626,0.045700967338493416,0.04389558198932679,53.36909020132862,-0.18027164639585824,-3.6484767073345514,86.38573743922204,0.05401994770939821,-2.28353634285584,77.83056215360253,0.0420013051527895,-2.3272506945174944,79.50138504155125,0.040547754231756696,140.67995310668232,158.9189189189189,154.34286164264904,11,0.08852309974400088,0.3363636363636368,0.3000000000000007,0.5999999999999996,1,0,0.14347919707156034
1567,12.2,1.75,273.5981358279139,62.20664272449962,106.19402054048817,394.36695374443036,288.1729332039422,87.54098360655738,-0.11569427145717438,-0.9199462407956489,-1.268379421869359,4.674208289022104,0.0331100932307041,0.034320698776518936,41.605728334819254,-0.36839372872217563,-1.053790358751919,82.06896551724138,0.030352049088504713,-0.9776774220252623,86.50602409638554,0.03763891853505718,-1.7824996306107137,95.13513513513513,0.03127303025921816,120.43010752688173,140.0,132.80632411067197,6,0.09318996415770615,0.21666666666666679,0.20000000000000062,0.3000000000000007,0,0,0.12544802867383514
1568,42.4,15.854,168.52347872106867,77.49474113470278,80.27683769875263,394.9345152907682,314.6576775920156,71.65094339622642,-0.04185038498530217,-0.21060556635225305,-2.7859108007315077,7.5447809219624915,0.03191218124120267,0.02942806355272251,33.70641611850875,0.0178836752126722,-2.019569728134446,74.84774665042632,0.03088814017015869,-2.847368840626199,71.36871508379889,0.03346975934509139,-3.902839722522377,67.49571183533448,0.03144136099582149,126.68657946235452,134.1818181818182,168.28567519496514,26,0.247193325780204,0.553846153846154,0.5,1.7999999999999972,9,2,0.27215298520273284
1569,33.6,9.763999999999996,207.63191769963933,82.19119852756944,70.32566034990163,394.68032242433645,324.3546620744348,79.22619047619047,-0.010951844304500266,-0.024661488675017787,-2.0423772500596864,6.978308871908819,0.03761219858449567,0.03595653902781033,38.24695895202859,-0.00024193248358131587,-2.2106548229167786,74.29643527204503,0.03452142387300084,-1.3140405562627264,85.57077625570776,0.04054913042404433,-2.6309899450060246,77.81484570475396,0.037677941268522086,112.07453186975371,138.85714285714286,131.8359375,17,0.14989392122497933,0.38235294117647073,0.2999999999999998,1.3999999999999986,3,1,0.22516373028318412
1571,35.8,4.168000000000006,193.662560173385,87.62950266257148,69.23089727477759,395.0606139360547,325.82971666127713,80.44692737430168,0.016860269453919434,-0.16739528777653223,3.0709246215479777,7.000991940207111,0.03628074615200277,0.03683087145200233,41.33122949989523,0.05263836068734553,2.922777404349614,81.20362737015664,0.03645108736490053,2.772227135223475,78.00324675324676,0.03418266593523532,3.534493458055725,82.29074889867842,0.038376086183555626,153.1224979983987,170.0,163.3393829401089,10,0.06255004003202555,0.24999999999999972,0.19999999999999973,0.5,0,0,0.10428342674139326
1573,30.0,8.896999999999998,155.26849553690494,60.464840665939924,93.26097183265026,395.00111028662565,301.7401384539754,65.36666666666666,0.013398451884452565,-0.12711785635519773,2.117028287872329,5.644157028210718,0.02304901504365471,0.02457009243212347,30.233578225990534,0.22797509530887217,1.7756136222674797,64.08787010506208,0.01864827882672908,2.7123918935365987,66.07310215557638,0.025974195300973005,1.7911443539023175,66.02708803611738,0.024728077799934106,111.06254981103942,135.0,123.08744337122833,11,0.09769390955600692,0.3454545454545455,0.2999999999999998,0.7999999999999972,2,0,0.22873229297889294
1575,10.7,2.3100000000000005,162.3076994791486,60.92207313073583,91.46170804713299,391.86916531774085,300.4074572706079,81.49532710280374,-0.3917097431785065,-0.7881963512423382,1.7786011048584418,5.100786968701241,0.03729330083005917,0.030140283486125678,36.39362512844222,-0.8493853537211399,3.08510815167532,78.82352941176471,0.041593491914197644,1.9253806346363813,85.4066985645933,0.0414365421100568,0.14886757984772128,79.16666666666667,0.02705631421580887,152.19062259800154,165.0,178.21782178217822,5,0.1460415065334359,0.38000000000000017,0.20000000000000107,0.8000000000000007,1,0,0.17755572636433517
1576,37.6,7.305,254.4030390658921,61.499444899472685,70.71768886286034,394.5941530764583,323.87646421359796,84.06914893617021,-0.005294514125492223,-0.09660596490060867,0.5040661693532458,4.082456058678256,0.04848256146205724,0.05979260639454774,79.14576320386041,0.002468297128025664,0.48855432513096125,83.5956917978459,0.05903778120061025,0.6731995151235497,81.92862566438876,0.047080791661842175,0.3485736910066729,86.81229773462783,0.039668629910641184,141.63233492929518,151.42857142857142,157.0176521417109,13,0.09798463422781425,0.3384615384615384,0.3999999999999986,0.6999999999999993,1,0,0.16267676205322346
1577,21.699999999999992,4.606000000000009,197.4470184005479,77.07300884706807,90.51976425336393,394.5740660835173,304.0543018301534,81.69663439372982,-0.18415796833357348,-0.9482582003711464,2.5609273986826913,6.758541333174997,0.037129485134389295,0.030652226202434737,36.332534164554346,-0.18745338995586058,3.8327804719659313,82.38719068413391,0.04333047835000529,2.595325363217204,79.68545216251638,0.033681086761071004,1.3221601713995845,83.1710709318498,0.03486704849510273,118.60412073291263,124.8,133.2991540630608,7,0.11024100965559216,0.41428571428571537,0.20000000000000284,0.9000000000000021,2,0,0.17509313464608867
1580,17.987,3.8000000000000007,178.5999397774913,77.63073775458471,69.07260889125514,394.3713491776201,325.298740286365,79.02058987200891,0.040154106138904876,0.002062160227449732,2.7435470507390605,6.362621125119488,0.03517535615400397,0.03326943005096925,35.05245059328931,-0.02197758903286336,2.535124986122581,74.5,0.03670724913393355,2.764390022432742,82.46445497630332,0.03484216064042858,2.925996344884216,79.9645390070922,0.033921864069287995,115.66530499839354,132.6315789473684,137.80281073986987,11,0.16064625694221327,0.31818181818181823,0.3000000000000007,0.7000000000000002,1,0,0.17441593610868872
1581,37.095,3.5,214.56529014820873,33.61408391782493,81.17068724056932,393.0561462210139,311.8854589804446,76.13268608414239,-0.029266757698262365,-0.031345146563825754,-0.32999078616948657,2.8827129710048958,0.030170797978348537,0.029411904820054457,29.978169898406392,0.1271114535932832,0.08569164095889704,80.23450586264657,0.024695056723649748,-0.17264928978995836,73.34372564302416,0.029471870104330358,-0.9212051944834772,75.06092607636069,0.03620162809774383,149.27946791476782,159.47368421052633,159.49467035136203,10,0.0640472964650819,0.25999999999999995,0.1999999999999993,0.6000000000000014,1,0,0.08621751447222564
1583,26.299999999999997,7.8430000000000035,270.20943191485634,57.10937475323004,69.12904682864198,394.4895663735152,325.3605195448732,79.96197718631178,-0.039318850620335175,0.11597209175258359,0.3502062865216091,4.032425395351962,0.02996145812891185,0.030028951465750242,32.83663697511342,-0.00889840582649432,0.6980444921860511,79.13148371531966,0.032290319033578645,0.3045047340089473,80.95238095238095,0.02752522191020448,0.047687433802842134,79.57124842370744,0.030625726742756838,140.5851858360425,160.0,157.155485708673,10,0.1054388893770319,0.36,0.34999999999999964,0.7999999999999972,1,0,0.22971033594001708
1584,8.697999999999997,2.3000000000000025,246.7955244125894,89.02830944168663,91.50736740916973,395.0140919004547,303.50672449128496,88.47926267281106,0.22817300426439802,1.3082076252056232,-0.6385738404009303,7.017552105242298,0.04873930061988992,0.047408936895113864,52.02437016312102,-0.27588198853703283,-1.0736121315566831,91.9831223628692,0.05255125992959139,-1.0153035342105787,84.09785932721712,0.048133065070772044,0.0830225714885513,90.46052631578948,0.04643275954999835,169.12165848336062,206.66666666666666,189.83466013472142,4,0.1091107474086199,0.3000000000000004,0.3000000000000007,0.40000000000000036,0,0,0.2091289325331881
1586,17.299999999999997,1.953000000000003,180.18945390999943,74.96096352989285,93.93426266978744,394.6058241427992,300.6715614730117,80.7514450867052,-0.107487155868218,-0.9608248802178636,2.8976532565293103,6.522789664235733,0.04705066984699756,0.039968268833155504,33.60292724484022,0.011480906072488695,3.5008477238650206,74.91961414790997,0.05168270805225669,2.4278576702023478,84.44055944055944,0.045626893411286,2.776721663711188,83.58208955223881,0.04319483469318378,183.86744922869164,221.25,193.94072207308386,3,0.051939957409235016,0.3333333333333339,0.3000000000000007,0.40000000000000036,0,0,0.10143873682023596
1587,16.599999999999994,4.272000000000006,166.175004663128,75.38875384212761,85.99333595218863,394.6767645102146,308.683428558026,76.80722891566265,-0.09470301674525823,0.28866625658303124,3.1419726731857294,6.5158742438505834,0.029555649742444505,0.026436941563507524,52.41047591285459,-0.007069680815978025,3.598299543380257,78.60082304526749,0.028290039952193334,3.3660174427998637,75.9075907590759,0.03406534907859896,2.5013780809529087,76.23239436619718,0.025827143686727023,132.23457263319278,172.5,154.43151298119972,9,0.14373323112303593,0.333333333333334,0.3000000000000007,0.5,0,0,0.20467612111920302
1588,22.6,7.989999999999998,174.49542772779202,70.98584616013234,68.13873405836911,394.5513667123114,326.4126326539423,75.26548672566372,-0.03019375357274938,-0.288244777479178,2.6325245675136544,6.268926429888924,0.043322154029126134,0.04379143845446825,36.76969148053226,-0.22788713018301837,2.969266512153176,75.71428571428571,0.05675713637828938,2.592569911589314,77.8048780487805,0.03709224759295179,2.2766298107530063,71.64179104477611,0.03550661204227132,151.02974828375287,192.5,175.06631299734747,6,0.137299771167048,0.6999999999999997,0.6999999999999997,1.1999999999999993,4,1,0.2611964694344557
1589,35.8,6.859000000000002,274.3366430285272,59.37266592528756,69.96181851372926,394.81596106656207,324.8541425528328,88.93854748603351,-0.04197136984785772,-0.03182563080540199,-0.1241725393597593,4.047018644671655,0.04048083105880072,0.04276922359055208,48.00663247499223,-0.0956518285527872,0.47945920369970446,91.26559714795009,0.05271871523941335,-0.07367956631549655,86.90671031096564,0.03489768060845222,-0.7359598273979177,88.83495145631068,0.03489159465077363,164.5608195222579,180.0,182.05866334707852,9,0.09611101994889712,0.4555555555555558,0.40000000000000036,1.1000000000000005,2,1,0.16078670386085003
1591,10.900000000000002,2.1619999999999973,227.62735271819838,82.49643711517038,74.52667594963975,394.8876261236469,320.36095017400714,78.25688073394495,0.395281361586666,-0.4780372552381596,-1.5660802677332932,6.961634670225837,0.03322640212936764,0.03952664121399939,43.3653702834058,-0.693720078982611,-3.6197498836489084,78.68852459016394,0.03298299462245431,-0.8544007838950414,84.81927710843374,0.04006675163811534,0.034603634016153476,68.93203883495146,0.024327832878234867,179.14561322921452,195.0,190.83346925460773,4,0.06124636349716731,0.19999999999999984,0.20000000000000018,0.29999999999999893,0,0,0.16551829735109458
1593,44.5,10.540999999999997,185.50915485224706,70.80366480384333,89.58381814605919,394.9913913719069,305.4075732258477,77.32584269662921,-0.005023106917677304,-0.0545829560444106,2.0051421188353715,6.19934348189667,0.04004603130955622,0.03777622771578303,35.30373413625769,-0.02725838623243635,2.118102919041348,73.13725490196079,0.04107184469665585,1.981759209293643,77.58389261744966,0.04173537042229948,1.919916997051281,81.53846153846153,0.03718826224644441,156.97389218945878,169.41176470588235,185.6427665928966,19,0.15443033375120366,0.4473684210526316,0.3999999999999986,1.1999999999999993,7,1,0.19151178212605144
1595,14.200000000000003,6.018999999999998,173.52447954164776,75.68500343830416,107.0727786107831,394.9138921256968,287.8411135149137,78.52112676056338,-0.00779857851725652,-0.6187490147982069,3.1732603775936465,6.184609592303722,0.03337600599659829,0.028771165715455425,34.80814548254418,-0.0021359790133662258,2.7960881381366764,74.41077441077441,0.03096212952296668,3.853493257079802,80.37974683544304,0.039832902832807354,2.856621345935275,82.95454545454545,0.02875462396527465,112.76522083189079,126.66666666666667,142.33098195892373,9,0.20772540679558812,0.4666666666666663,0.3999999999999986,1.0999999999999996,4,1,0.29769029131015373
1596,38.6,8.604,145.64140711264142,48.98657540093102,95.5388693262361,392.63125210353866,297.09238277730253,70.5440414507772,-0.012157785570543506,0.24766775648245687,1.7829135830208938,4.703202905992487,0.027070884692233663,0.027654977282721663,31.86517024187541,0.18971854251897793,2.1436609609556463,68.63857374392221,0.01926274387266148,1.564146683543343,73.60482654600301,0.029833383704378016,1.6806507661090653,69.23076923076923,0.03166486321627109,110.58384882637064,124.28571428571429,127.92863444760317,17,0.13558173036183369,0.37647058823529395,0.3000000000000007,0.9000000000000001,6,0,0.18227268875519023
1597,32.49999999999999,6.345000000000006,181.69999707379375,76.78577864673784,95.51491938653038,394.65706273873144,299.14214335220106,84.21538461538461,-0.011127216397377546,-0.1311197794547959,2.941741792006041,6.833020928145912,0.04091843714116565,0.0299803399686511,33.1043012212514,-0.0009187004083101548,2.6894781629573052,79.03083700440529,0.03974680300199952,3.492415209434003,86.25592417061611,0.04536882574991639,2.646223152648268,87.73584905660377,0.03774357371260105,139.01403011970652,142.10526315789474,160.9777910269787,8,0.13643969622860092,0.6625000000000003,0.6000000000000005,1.3999999999999986,5,1,0.16334148539065532
1600,53.2,5.811,278.2784579451237,61.45486608780642,71.01384498657299,394.94106468225993,323.927219695687,87.48120300751879,-0.004468958259347551,-0.18767327209206863,-0.041065976475744524,4.098070413260484,0.04419822632261232,0.04710225256027145,49.55532617040908,-0.08838633799413927,-0.31163257353445206,87.33333333333333,0.047014561642909375,0.2429514417173166,88.78048780487805,0.04711269687582481,-0.08889712862726001,86.3013698630137,0.03871014473520052,171.83237023605767,177.89473684210526,183.65905344949374,14,0.06439477385572173,0.2714285714285711,0.1999999999999995,0.8000000000000007,2,0,0.09847316601989459
1601,25.4,5.3210000000000015,144.98479001868483,58.59147279481721,66.60446244074465,395.0351831531114,328.43072071236674,69.76377952755905,-0.013433633046217896,-0.11186447660545693,2.259455287407296,5.435633635823744,0.02969950684493956,0.026557108170614848,32.382710938684134,0.04531009202080457,2.393348955981277,73.21212121212122,0.027999464770205953,2.2963844935040916,68.36283185840708,0.028601376141152417,2.0709206961591073,67.81750924784217,0.032647222147653934,164.05715959766934,186.66666666666666,186.52159431553235,14,0.12043878779987631,0.2642857142857143,0.19999999999999973,0.7000000000000002,2,0,0.17320399726571406
1603,13.599999999999998,2.205000000000002,229.7752482437723,82.07472818894713,72.77340034144086,394.7527505867746,321.97935024533376,81.69117647058823,0.05589121660120965,0.6430702001311644,-1.3123598324918615,6.897837525799239,0.030536666093279794,0.03377151730744712,43.46638172214575,-0.5283938796688501,-1.8736064116128515,91.22055674518201,0.037087248852634175,-0.2259791628354136,71.55361050328227,0.027533790580716554,-1.636816358391629,82.11009174311927,0.026667840314891972,197.40588421385638,222.85714285714286,212.17273036382184,5,0.06959822840873148,0.2200000000000002,0.20000000000000107,0.3000000000000007,0,0,0.139512812401139
1604,11.600000000000001,1.0439999999999987,169.39917127243862,67.77035920640586,90.39735942271678,394.55782833452434,304.1604689118076,83.62068965517241,-0.34599893831230955,-0.9236954504194416,2.4771352509063225,5.695681978975757,0.03458067883345106,0.029297618999479115,34.88372356566301,-0.44655006184762436,3.8519660034181373,85.82089552238806,0.03709349222163189,1.5242168153684428,84.12698412698413,0.030172452383841197,1.9191921006928696,80.78947368421052,0.03630741203319799,156.59601391964569,165.0,167.17325227963525,3,0.06327111673521021,0.266666666666666,0.29999999999999893,0.2999999999999998,0,0,0.08256880733944943
1606,34.4,10.427,255.79777746879776,46.4724725852043,76.7669391956754,394.0915277030819,317.3245885074065,76.86046511627907,0.004834876478126178,-0.07056593916341541,-0.11513193685718318,3.4768134781669215,0.03241643186799135,0.03311821925309956,33.29316865935909,0.03300119944407344,0.09883336587124114,78.30188679245283,0.03382104565103049,-0.6310153162974361,75.99660729431722,0.031220228998265778,0.19493375673091531,76.43630308076602,0.03235101352776235,140.54029937314564,175.0,170.14610959570047,20,0.17400227541437094,0.3900000000000003,0.3000000000000007,1.1000000000000014,6,1,0.2326053494545698
1607,53.7,4.3189999999999955,195.25359450763713,83.06626486683196,71.50923674403275,394.9663590162848,323.45712227225204,79.53445065176908,-0.03283755911717739,-0.19737301122485204,2.405112100257069,6.5370191073996295,0.034022284135336874,0.03254925537659478,38.92739313484884,-0.05663014997166724,2.974291568632799,81.39797068771139,0.037587171525134,2.272952485382974,76.39040348964014,0.032790782708305266,1.958590689390346,80.93076049943247,0.031714942130612614,172.70204588152157,185.55555555555554,182.4505180356525,13,0.053430772677915774,0.2384615384615381,0.20000000000000284,0.39999999999999947,0,0,0.07444113135352205
1608,50.599999999999994,9.926000000000009,253.39979333640875,64.25978872480339,75.74802330080888,395.0136083891234,319.26558508831454,85.98814229249012,0.0009417965044420121,-0.014407813946689671,0.9587585757426363,4.25067257514651,0.04338207677909701,0.052957795460615374,77.30024484608555,-0.06012583605822204,0.9322390811044641,84.91655969191271,0.050171665923591034,1.0935710802465883,85.47854785478548,0.03713464588071269,0.8404320217447807,87.52969121140143,0.04384106909674839,158.60952318012093,168.42105263157896,177.36392861101874,18,0.10573968212008068,0.3555555555555558,0.3000000000000007,1.1000000000000005,2,1,0.1639956382381127
1609,36.20000000000001,7.006999999999991,211.19859324100142,73.6066029113629,96.15936360694667,394.88400813267475,298.7246445257281,85.65902182923459,0.02062362093094598,-0.36184157638275044,-4.1600503657049845,6.535496692981661,0.0420663920112556,0.035734309094183986,42.0358768983923,-0.051933306104132916,-4.705563771304681,83.28912466843501,0.04096138799869864,-4.135670215504324,89.1645988420182,0.04251831715832318,-3.708576452595168,84.44096950742768,0.04261469287550372,129.1457402735668,136.09756097560975,149.1699414548079,13,0.13423750781123417,0.44615384615384573,0.3999999999999986,1.1999999999999993,4,1,0.1621727960747099
1610,33.3,2.358000000000004,220.33071644536392,36.05407833579191,71.85980627516328,390.93967828846183,319.07987201329854,73.48348348348348,-0.0022444101058843296,0.09353206246931639,-0.22187068250951586,2.8635796565513734,0.030063863788306316,0.030273860743654398,29.953782742034868,0.05163519743209143,-0.22628103033856098,75.69113441372735,0.030020903694032226,-0.16021780814826678,71.56775907883082,0.027089830736171824,-0.2766798024001992,73.35069444444444,0.033012497285011634,149.7560154803971,157.05882352941177,155.4223179463298,5,0.03645745695215657,0.2599999999999998,0.1999999999999993,0.5,0,0,0.06612821807168108
1611,10.400000000000002,4.045999999999998,225.39231739209433,86.99015047102087,70.51848657017159,394.52593167326734,324.00744510309573,87.11538461538461,-0.051107616885920804,-1.0696049479752616,-1.1378027056167068,7.324048006301369,0.04876959376304714,0.05124277254544545,53.225733661757275,-0.2460191304410125,-0.9700059803165699,87.20379146919431,0.05915916034437516,-1.6547938706980416,88.19875776397515,0.04741834446014676,-0.8028566584802945,85.8108108108108,0.0354677551398505,149.52235913055517,180.0,187.07777585310927,7,0.20074761179565265,0.41428571428571404,0.3000000000000007,0.8999999999999986,2,0,0.2800775301121416
1612,47.2,8.571999999999996,267.9779181427525,57.59929069409201,80.40645142264822,395.0242330330397,314.6177816103915,87.69067796610169,-0.03620494350547684,-0.06220321525112919,3.1591501726749614e-05,3.977741426345436,0.036473648002442904,0.04177729304886091,46.234725242031175,-0.1294071811260518,0.8659452392030695,91.67785234899328,0.04706644130554322,-0.44979113056660913,87.74422735346359,0.031321408254358925,-0.3998140852254312,83.77676833225179,0.031888345606980804,188.26651366276985,218.75,211.38669673055244,12,0.10937387936599006,0.5083333333333332,0.4499999999999993,1.1000000000000014,4,1,0.15369719572545357
1614,4.2,1.1819999999999995,245.70746788657698,83.16048221335774,93.88906662375739,395.0600932477143,301.1710266239569,78.33333333333333,-0.41351079367912896,-0.6409370001659811,-1.005675671844762,6.729886021668281,0.02821757937125172,0.029104863165854963,41.65538813811643,-1.3282306424872774,0.47336089695638534,84.16666666666667,0.03513721326809438,-2.1466228098194877,66.86390532544378,0.025875522091880643,-1.1835510358253878,87.78625954198473,0.024900416108599763,156.0758082497213,210.0,159.03067020068156,1,0.018580453363062077,0.10000000000000009,0.10000000000000009,0.10000000000000009,0,0,0.21962095875139345
1615,54.899999999999984,5.626000000000019,192.98167927385984,90.34149092112766,87.01414171390489,394.87265477410153,307.85851306019663,80.87431693989072,-0.025234188500008862,0.017200667592353,3.3933676822513466,7.0794596063031685,0.03532025265549861,0.03153629977526461,37.78690088620738,-0.05835629048005791,4.147321248834119,82.95838020247469,0.03703841115178806,3.0549970960125212,79.97847147470398,0.03547612859966594,2.9814252755179504,79.77346278317152,0.0335173699413631,141.75726134223308,156.0,150.72198995186736,13,0.05947857119254558,0.276923076923078,0.20000000000000284,0.7000000000000028,2,0,0.09295178931368368
1616,36.5,10.965000000000003,146.932427533057,47.627931145363135,70.47272971279816,389.4999045214592,319.027174808661,70.76712328767123,0.0298915647953094,0.116656640052394,1.7903207250899962,4.525657479783991,0.034846900021513354,0.033354982352635294,31.761191319006194,0.14419666794616096,1.2437636472259521,69.21259842519684,0.027115172148602856,1.9812565117193883,75.02008032128514,0.04224665699760314,2.1826449416232974,67.84140969162996,0.03538134668527067,107.44759296323606,115.9090909090909,129.55671281595326,15,0.1706520594121985,0.5400000000000001,0.5,1.1999999999999957,6,1,0.2310123248709576
1619,15.100000000000001,3.7089999999999996,164.8187687150724,72.60422593527778,83.31595887614182,394.78349485410047,311.4675359779586,73.64238410596028,-0.17692043757660691,-0.22216365982694308,3.7563986183007394,6.496926063162645,0.03522928932014973,0.029862806863739873,47.05069150279022,-0.1450414516429856,5.230108448594536,71.70212765957447,0.03441259334738537,3.7459641705016957,72.74368231046931,0.03871649371309514,2.432648267908279,76.54320987654322,0.03204397218744909,159.4981126056675,187.5,182.82649765372662,7,0.127598490084534,0.3428571428571429,0.20000000000000018,0.6000000000000014,2,0,0.1971928332181402
1620,14.161999999999999,5.300000000000001,225.83601683231865,88.87497880528512,76.79594264272869,394.5688165790815,317.7728739363528,87.20848056537103,0.09054708263872559,0.11677225853527282,-0.36906396063436925,7.321134025931658,0.03923688009978739,0.04670658715418513,52.927132339513776,-0.4444917548676214,-1.3553998622413324,86.71679197994987,0.05334318527707168,-0.03439098538320603,89.61303462321793,0.03931388156566969,0.06400771982433033,85.33333333333333,0.02844407346076905,129.48309526256295,140.0,166.2049861495845,9,0.22094337683691304,0.47777777777777797,0.40000000000000036,0.9000000000000004,3,0,0.2723255574966602
1622,43.79999999999999,12.78200000000001,169.50394665789696,67.49176030377576,92.44831400012882,394.7686767576716,302.32036275754274,72.67123287671234,-0.009708524379176357,0.008588557400094603,2.990212905775047,6.067288650753915,0.039179211277102124,0.033800327823915365,33.527469663142654,-0.04477121910110515,3.0586259279349535,80.25621703089676,0.04288261438726891,2.9974253003964333,63.79542395693136,0.03541883796587683,2.922095624833702,74.66496490108487,0.03961110044572434,139.97384327171184,155.2941176470588,170.3885374983865,21,0.17850199710155187,0.48095238095238135,0.40000000000000213,1.8000000000000007,8,2,0.2259022303912907
1623,37.900000000000006,4.888999999999996,220.15209874737099,35.12542157374207,71.19844908549605,393.7992809824083,322.6008318969122,72.9023746701847,0.0065015523897098675,0.01197570033553006,-0.6517266679665559,3.0769360454852017,0.029716613685449852,0.03048502030128225,29.54112599982771,0.1626191404570587,-0.6849479106711747,71.88264058679707,0.023834548069136506,-0.7200242274028809,73.75533428165006,0.028770237683814915,-0.5330943158327375,72.94727744165947,0.03710459913879057,162.65862721727547,165.71428571428572,178.05520734733554,11,0.08647082194021814,0.3363636363636358,0.3999999999999986,0.6999999999999993,2,0,0.1142583374231694
1624,5.8999999999999995,4.863,179.14244943075633,78.21668911498195,96.29583417360898,394.65629522276816,298.3604610491592,74.57627118644068,-0.280711063772936,1.603973930289724,2.791020533181436,6.084133569513327,0.03516605356825081,0.030214915313419837,33.74374886735253,-1.036864529969681,3.709099604968896,73.46153846153847,0.03629106441173657,2.025651040265195,74.8,0.03631675420756666,2.2711978309867966,77.5,0.027913828829060006,83.6198086035492,128.57142857142858,98.22110662446796,4,0.14865743751742083,0.40000000000000013,0.40000000000000013,0.7000000000000002,1,0,0.4518256991545109
1625,47.2,8.571999999999996,267.9779181427525,57.59929069409201,80.40645142264822,395.0242330330397,314.6177816103915,87.69067796610169,-0.03620494350547684,-0.06220321525112919,3.1591501726749614e-05,3.977741426345436,0.036473648002442904,0.04177729304886091,46.234725242031175,-0.1294071811260518,0.8659452392030695,91.67785234899328,0.04706644130554322,-0.44979113056660913,87.74422735346359,0.031321408254358925,-0.3998140852254312,83.77676833225179,0.031888345606980804,188.26651366276985,218.75,211.38669673055244,12,0.10937387936599006,0.5083333333333332,0.4499999999999993,1.1000000000000014,4,1,0.15369719572545357
1626,18.799999999999997,3.797000000000004,168.36764898948624,71.66612349329101,94.84280767076152,392.15427207447937,297.3114644037179,77.3936170212766,-0.12005145736878708,-0.16117896630730558,3.276441892539993,6.5956188591158025,0.037888062150120104,0.02772896734559031,35.715666047213304,-0.3050905390294569,4.292998145234316,80.45602605863192,0.04220725918087268,2.721010400923317,79.54545454545455,0.03964297920446115,2.7880823215446138,72.46153846153847,0.03214890583876662,95.58790989954419,102.85714285714286,106.41966793122135,5,0.10178342257821842,0.4600000000000003,0.40000000000000036,0.7000000000000002,1,0,0.16803115457804152
1628,21.000000000000004,6.742999999999995,209.46073239024824,76.67637850380643,70.09505778247708,392.7372279542753,322.64217017179817,83.38095238095238,0.1348964315043407,-0.09167626453258025,-4.181220808856077,6.79188510563415,0.03950695714902415,0.0314427288233159,38.972916994638815,-0.09429803885396079,-5.896172729349133,83.02158273381295,0.03547029337887189,-3.3838947859750896,84.65116279069767,0.045261930631207675,-3.2987570355575513,82.63157894736842,0.03831422481250762,121.11163176296724,134.4,145.18428898587047,7,0.16580759110406218,0.6571428571428567,0.6999999999999993,1.4000000000000004,4,1,0.24305230148145462
1629,40.1,19.329,257.6234106085595,54.41777164184927,69.29126911644678,394.73679089997086,325.4455217835241,76.58354114713217,-0.011044810595457246,0.07950193026987962,0.3931576725551123,3.81222496481154,0.03176922031288653,0.03215469196209005,34.173762766009766,0.049703746652317166,0.7827336591209367,74.67581998474446,0.027538863661524776,0.2102410646198128,80.19060585432267,0.0353102621349514,0.2116268993601897,74.3089430894309,0.03204906351070928,118.12414814316243,143.26530612244898,156.94515862192313,25,0.24735398542798975,0.5880000000000001,0.5999999999999996,1.4000000000000004,13,4,0.32524525063521176
1630,4.7,1.021,176.4189370567084,73.06164692402793,93.26721813240675,395.0612621485415,301.79404401613476,77.6595744680851,-0.5734061548031069,-4.0557950775841975,3.085126907668424,6.400377126289807,0.02528515147538935,0.025277263054119,32.32452487423839,-2.951708556623788,4.133333587332268,80.1418439716312,0.040492780246706724,2.5609882798597177,82.72251308900523,0.022049106171506835,2.7060476352403517,68.1159420289855,0.014225796376011178,188.77818563188254,270.0,188.77818563188254,0,0.0,0.0,0.0,0.0,0,0,0.1784653032686593
1632,47.2,8.571999999999996,267.9779181427525,57.59929069409201,80.40645142264822,395.0242330330397,314.6177816103915,87.69067796610169,-0.03620494350547684,-0.06220321525112919,3.1591501726749614e-05,3.977741426345436,0.036473648002442904,0.04177729304886091,46.234725242031175,-0.1294071811260518,0.8659452392030695,91.67785234899328,0.04706644130554322,-0.44979113056660913,87.74422735346359,0.031321408254358925,-0.3998140852254312,83.77676833225179,0.031888345606980804,188.26651366276985,218.75,211.38669673055244,12,0.10937387936599006,0.5083333333333332,0.4499999999999993,1.1000000000000014,4,1,0.15369719572545357
1633,48.599999999999994,3.2010000000000076,222.34505783704682,39.20705253505801,81.94771489550405,393.7697069693615,311.8219920738575,73.92467585923029,-0.018882821088330202,-0.07859957396472884,-0.539787817971301,3.434958084008982,0.03365888908247117,0.03316558752171162,29.336601745283097,0.04611917193034125,-0.3686545926333039,75.07635919364691,0.028748237413368412,-0.2331988022320894,72.96786389413988,0.036490224510484975,-1.0089602778604343,73.70030581039755,0.03582733401095028,152.89280129727226,168.51063829787233,160.32064128256513,9,0.046331151908264395,0.2666666666666671,0.1999999999999993,0.8999999999999986,1,0,0.06179417385764768
1634,34.1,3.5429999999999993,192.57144291703978,77.58876516689412,66.74817523661251,394.8048897848612,328.0567145482487,78.18181818181819,0.03517840498101692,0.08447002619573686,1.1569023025244607,6.5285916931144685,0.03813747120534815,0.03791481648156108,37.0885734482433,-0.019338081651450113,0.9423673210023853,79.73333333333333,0.039364354245047944,0.773557025085897,75.51569506726457,0.035953610965857835,1.712689359728961,79.23076923076923,0.03903897611762969,157.79826262518927,169.71428571428572,171.4632104609878,8,0.07969609223494407,0.375,0.29999999999999893,1.0,2,0,0.09412108492946894
1635,37.19999999999999,8.045000000000009,173.73586015411604,74.23695575630188,66.49955483848015,395.0095496097563,328.5099947712761,82.74193548387096,0.03369755001342634,-0.035497128046985495,2.8295681329830176,6.402968746180363,0.046251257029061146,0.03360567614648624,34.99984868277552,-0.0033438722482342807,2.3720349580190203,86.49722001588562,0.04989167999246791,3.1864274353772832,77.98165137614679,0.04176617453207841,2.968120392109583,84.04163052905464,0.04737122311803313,149.8508122444469,157.67441860465115,172.76086125621103,12,0.13261133826942223,0.5000000000000008,0.5,0.7000000000000028,4,0,0.17780970272958357
1636,37.6,9.577999999999996,209.2968575912847,77.82048995367202,65.21813959000319,394.614608767703,329.39646917769977,88.82978723404256,0.06977749800712635,0.13929459634787372,-2.097001311506546,6.7562133753182065,0.0435364836874589,0.03576883715118643,39.309699062859224,0.0023838290640213152,-3.519388659598307,89.78622327790974,0.04113152305523773,-1.2775179973688973,89.4823336072309,0.04824260361443763,-1.4519073780775797,87.265625,0.04143501284946063,106.829454406715,117.20930232558139,128.972823583602,14,0.17169019458222043,0.5785714285714282,0.44999999999999973,1.8000000000000007,6,2,0.203018356013396
1638,54.699999999999996,5.408000000000001,262.7152959254259,51.70007655791789,79.18225216440193,394.97941890413364,315.7971667397317,84.93601462522852,-0.007622976734307545,-0.042607842022251805,-0.1378438941903489,3.7965520543738527,0.040006007666531326,0.04169184398855655,47.4729000397562,-0.026779515671194902,0.08596915251150342,85.17877739331027,0.044362838257195295,-0.1496250453842219,86.39274279615795,0.036423036740391435,-0.33881046592954606,83.24382384532761,0.03955306096789941,158.71431423437812,167.3684210526316,166.46890486494036,12,0.04658281759499576,0.23333333333333375,0.19999999999999973,0.5,0,0,0.08997138484062024
1641,9.2,1.9290000000000003,168.68752261823747,67.19639442266028,91.27925540479623,394.0452458996973,302.7659904949011,75.8695652173913,-0.6879331306864496,-0.30013816718200514,2.3952060034722833,6.120015338479636,0.025794033316331323,0.027656094332923875,39.17182602249742,-0.9765800196713578,4.758323155225525,78.22878228782288,0.03251384743956429,1.8194910194672318,73.21937321937322,0.025643602148482353,0.8536248450339048,76.84563758389261,0.01986024711673016,167.13091922005572,206.66666666666666,170.18940433708485,1,0.017971066582801707,0.20000000000000018,0.20000000000000018,0.20000000000000018,0,0,0.17333093719112233
1642,7.766,1.9000000000000004,239.46530352288056,88.32007561943624,77.39742887884469,394.8704727849696,317.4730439061249,82.58064516129032,0.030702208429393973,0.889742015024029,0.17892133001252541,6.895717514408828,0.04900897948771901,0.06480663584270535,58.95866392802362,-0.9436721347591821,0.9999359670905603,88.95705521472392,0.07579363598436074,-0.3796915461595001,86.3013698630137,0.050255994081187534,0.26831771856822656,75.9375,0.03435324855830395,142.76846679081316,153.33333333333334,147.3414477898783,1,0.031036623215394146,0.2999999999999998,0.2999999999999998,0.2999999999999998,0,0,0.19656528036416307
1643,56.39999999999999,4.126000000000012,198.74906719800796,87.87907286083481,67.20239221275273,395.0138387655924,327.8114465528397,81.18794326241134,0.0012963216121960816,0.03946797129948118,2.765536347352884,6.843156845270831,0.036719960599491536,0.0330943429190075,38.31457131317262,-0.024341072959191655,3.020388341623904,82.20892274211099,0.03801233999580403,2.2759263511062295,78.99896800825593,0.03625295404891452,3.0026941488558876,82.45708154506438,0.03593132701131207,175.46178501800878,186.31578947368422,183.65441151039326,11,0.0446089283944091,0.24545454545454595,0.19999999999999574,0.6000000000000005,1,0,0.06816905131678967
1645,31.97799999999999,5.900000000000009,171.2784306925377,74.7863436792637,93.93436609606202,394.1422454778188,300.20787938175675,74.03003754693367,0.016263783415786232,0.2020276243458121,2.9318351247783263,6.470921318402127,0.03364171935723222,0.030338194649336226,54.66416188398477,-0.1559771140111307,2.788521509988653,77.51780264496439,0.03522104851612338,3.1721005926825163,70.41072925398156,0.0357806535661654,2.810607351781222,74.90196078431373,0.029627932527253407,147.3150641533344,164.11764705882354,166.18023705997982,15,0.11352236126511454,0.28666666666666724,0.1999999999999993,0.8999999999999986,2,0,0.15576323987538965
1646,14.199999999999998,4.269000000000004,171.93460148703525,71.38722875858369,94.3855066369238,394.45902256167176,300.073515924748,73.66197183098592,-0.07374350607070607,0.4066613082965607,2.5932199260678392,5.80953161869516,0.03218019940264064,0.029894421564588252,34.635079492411165,-0.10449714685757926,3.3307380692947173,74.15966386554622,0.03527278090281409,2.2548463500785823,71.78899082568807,0.027041174815580032,2.186817359556126,74.80314960629921,0.03369308508349865,120.20141859331852,138.75,146.3511108181159,7,0.17867778439547355,0.4714285714285716,0.5,0.8000000000000007,2,0,0.2311440792679627
1647,34.5,8.027999999999999,147.52664246430444,46.40800958873633,87.37730623150303,390.7793544025964,303.4020481710934,70.40579710144928,-0.02003700245752014,0.06824019341439065,1.7319065555552606,4.406152502903491,0.03252133497457183,0.030804883345110876,30.423994617785894,0.18313611387103024,2.119514303302538,72.76490066225166,0.026943512163550988,1.3589629335895341,68.21766561514195,0.03471298704369267,1.7054671726800734,70.32854209445586,0.03658409065060985,125.56433408577878,140.52631578947367,141.53944020356232,16,0.11286681715575621,0.3,0.3000000000000004,0.6000000000000014,2,0,0.18876975169300222
1648,14.499999999999998,4.466000000000003,233.15695994843898,86.65139745046226,67.96207728544883,394.7802227312517,326.8181454458029,78.3448275862069,0.10924344914999483,-0.2864122040023402,-1.4136023012298697,6.96719672852308,0.026794134531376423,0.02925385844043998,36.82514606712538,-0.3619404231808489,-2.5274130167745614,82.07343412526998,0.029219020352945796,-0.6783530441400809,80.29045643153528,0.03169079719631774,-1.0377036307333,73.06930693069307,0.019892381428937393,173.99557102182854,206.25,200.41297218510874,6,0.13181482653168844,0.4166666666666672,0.35000000000000053,0.8000000000000007,2,0,0.23547400611620808
1651,38.399999999999984,15.674000000000014,277.8806123985128,55.74482044997023,87.91788996226025,395.0231756930763,307.1052857308161,82.36979166666667,-0.030041397330098765,-0.06995933495139255,0.21047451791576183,3.681974701140603,0.03382135100477381,0.030847683925827672,33.47719942980034,0.0013993695013335826,0.8439801544558048,85.68950563746748,0.03322304679535069,-0.11841061173970813,78.41823056300268,0.03290297836658206,-0.02943390716350466,84.10041841004184,0.03554524784966668,126.49332396345748,152.0,158.06257799140366,20,0.19972630099493313,0.5400000000000007,0.4999999999999982,1.5,10,3,0.2898620409069056
1654,25.099999999999998,9.120999999999999,239.93617852337107,60.80778838336308,79.82269699025302,395.05882915164716,315.23613216139415,84.02390438247012,0.04318559252939609,0.03763231843713043,0.9254393833806253,4.590163702956555,0.04141739824032961,0.036030920163410605,44.45381549022932,0.12196378652052663,0.5872684467546118,83.13641245972073,0.036418104992649906,0.6580096366630483,83.38658146964856,0.039614425528818144,1.7789571308958372,86.25,0.05133510666173441,89.41877794336811,95.625,110.38562822409006,16,0.18994184857251403,0.4062500000000001,0.4500000000000002,0.6999999999999993,4,0,0.26653224628152306
1655,37.40000000000001,6.093999999999987,180.53596430100083,72.71765144510618,75.36822447140378,394.67496031313,319.3067358417262,75.69518716577541,0.03496344483265016,0.17788239587812849,-1.5308564035827779,6.962383039453807,0.029785318988602334,0.027852063042315644,38.59752554287731,-0.14541493838052794,-1.9809343364202454,79.12698412698413,0.033735722428726314,-1.1588535517698533,81.45161290322581,0.03155314323272213,-1.4422583226265862,66.45161290322581,0.024003375119840412,161.40157263070768,175.5,179.56719701232922,16,0.10116337885685364,0.2749999999999995,0.1999999999999993,1.0,2,0,0.14011127971674225
1656,32.0,5.799999999999997,155.91148659453555,76.57939756765788,74.26958997812527,394.548002201223,320.27841222309775,76.0,-0.06782902894638196,0.041368187268583934,2.936909766201823,6.782905651887654,0.03822536657398448,0.041074471927235394,38.39936917017812,-0.10910573776617037,4.27870626517223,80.38461538461539,0.04776898272583987,1.5439105521362424,78.52173913043478,0.03548101681821238,3.1333548126115773,68.61386138613861,0.03152303134745805,144.44444444444446,156.0,160.58823529411768,9,0.1005291005291006,0.4222222222222225,0.3999999999999986,1.0999999999999999,2,1,0.15343915343915338
1657,0.5,4.594,248.80558635746587,100.2921804595534,118.80168496469362,380.39694064906,261.5952556843664,86.0,33.787110629835226,,-0.5763567415810467,7.604090284741647,0.0620135851213867,0.03527367596417496,16.372189349247208,-23.517042788445497,-0.5763567415810467,86.0,0.0620135851213867,,,,,,,,,,0,0.0,0.0,0.0,0.0,0,0,0.9018453082057323
1658,21.799999999999997,7.301000000000002,219.68932251942906,73.78317631599336,70.25873102229852,394.6062467997308,324.34751577743225,89.72477064220183,-0.03744882259332447,0.36919966596924175,0.711161354135126,5.617648197586366,0.1517172315298691,0.10600617595123404,47.13148710503962,-0.21675168765203465,0.9740656654442872,89.41176470588235,0.15124965370014978,0.7379365571896783,89.75672215108835,0.15374785940900976,0.2695922754761287,90.1639344262295,0.14956005227447222,150.5102917425518,175.2,178.7682135423044,7,0.15807016940998603,0.6571428571428576,0.5,1.6000000000000014,2,2,0.25088484931789296
1659,41.800000000000004,6.500999999999998,257.19568656945256,46.36099458915666,87.40815416770306,394.7898290285272,307.38167486082415,85.45454545454545,-0.02397192402224982,-0.07234396906395149,0.3809486522420174,3.0600931217762475,0.038427334317368556,0.033151695498040826,34.06271960724679,-0.07884852745498554,0.8467663819806205,88.76636802205375,0.039900144193758875,0.24382944962696754,87.32484076433121,0.03837073153987654,-0.07029210254230578,78.77480586712683,0.036662930903486234,114.28334817084531,120.0,126.02451998812812,8,0.09316577296536299,0.5624999999999998,0.40000000000000113,1.3999999999999986,2,1,0.1345934866772944
1660,33.79999999999998,14.161000000000016,160.23722100422367,79.3227929423718,70.10644273674403,394.8806522603013,324.77420952355726,82.89940828402366,-0.011463184662435205,0.16983439535128694,2.5026765168027323,6.318501358037776,0.03988241188583549,0.03302230275644004,36.07108684789041,-0.0015328033450744544,2.2281781270646497,85.44715447154472,0.03667834848088203,3.4262274303883418,81.14478114478115,0.04220282488329701,1.7379938318195012,81.8087318087318,0.04111354218428501,107.58741477450428,117.27272727272727,137.01176283157648,23,0.21475782406538677,0.4478260869565224,0.3999999999999986,1.3999999999999986,5,1,0.29526073267863506
1663,54.5,6.026000000000003,191.93050590378854,75.06160865795943,66.1256952823306,394.93327942040224,328.80758413807166,75.87155963302752,-0.033930735455106616,0.07894682620750244,2.4836485234857806,6.122360635888857,0.03411914518819906,0.03586915563151224,34.530643687028146,-0.026422482769093245,3.1864802711936133,77.53128555176336,0.03619992562764462,2.775947927337808,76.84268426842684,0.03666772343592135,1.4899743858079217,73.37246531483459,0.02969846322091548,133.82678518322703,139.6551724137931,144.06146622558956,14,0.07104384892442912,0.30714285714285694,0.29999999999999893,0.6999999999999993,2,0,0.09956051944618846
1664,17.099999999999998,8.318000000000001,219.62403116364447,79.42726979536013,86.57985296698897,394.47861319543836,307.8987602284494,82.69005847953217,-0.007862907267443667,-0.503283957921077,-1.738128113409053,6.646016025385861,0.04513626929547763,0.041843854182348046,53.96979917233403,-0.37059631751226924,-1.9026482339915811,85.53571428571429,0.0576026906526261,-1.9306458383714322,83.43434343434343,0.04413002101567395,-1.4348427529330121,79.69465648854961,0.035238402026011494,113.30553151310096,151.57894736842104,156.368769681833,10,0.2753953890943426,0.7,0.5999999999999988,1.7999999999999998,6,1,0.32724840664096316
1666,38.499999999999986,17.377000000000017,230.2493364140685,98.94811737430601,65.30170556894525,395.0547310723677,329.75302550342246,74.49350649350649,0.005658550011566983,-0.033324520657347624,0.7403769061060433,7.646921026063564,0.028513091379152165,0.026797495843556254,37.8543108823041,-0.02253290387855746,0.7649359003195698,77.4548311076198,0.02880601378986907,-0.01447702170397028,70.60629316960859,0.026467077371922283,1.437102940711735,75.51020408163265,0.030309969817246814,111.67385507453871,120.0,152.653081194804,23,0.268446767006103,0.652173913043479,0.5,1.7000000000000002,10,5,0.3109866313510034
1667,0.19999999999999996,0.401,186.08259016341248,85.38542384438924,87.30209897600174,323.25343370396814,235.9513347279664,52.63157894736842,-76.00744140924694,-76.2973821550345,-2.8513658938747843,8.605317712408429,0.01295638470474001,0.012500207008157635,24.76739502199541,133.21865908042983,,,,4.57215512711114,100.0,,-3.676201562873221,50.0,0.01295638470474001,,,,0,0.0,0.0,0.0,0.0,0,0,0.6672212978369385
1668,20.9,6.9730000000000025,245.86604288828934,52.00321408773346,82.24958528277546,394.64456558355187,312.3949803007764,84.40191387559808,-0.059772979152921776,-0.09382003086834054,0.5608977277496722,3.6392653401723485,0.047034604520546114,0.05231726738447312,61.70896685922009,0.2095506652554758,0.8791710781655407,84.63414634146342,0.04053070663215986,0.7869063745664757,87.41058655221745,0.0556010769924521,-0.221178499687539,80.38528896672504,0.045878534787549705,118.3941448713809,126.92307692307692,147.4992178071783,12,0.1973235747856349,0.4583333333333335,0.35000000000000053,1.1000000000000014,3,1,0.25017041581458765
1670,47.29999999999999,4.423000000000009,243.5128649926101,57.52356199799535,75.52456077262667,395.00813348221527,319.4835727095886,76.70190274841437,-0.011628501406152084,-0.11551686418080169,0.2874182366394908,4.273212305200059,0.03348402661457082,0.034335198844576906,31.940171263290125,0.06175395022432907,0.26049746618508207,76.0,0.02721475142007417,0.23452128873317307,76.11850060459493,0.037122795668103475,0.3682433857061966,78.01418439716312,0.03576228137093028,157.76347079635752,166.53061224489795,165.44005839060887,7,0.046401020822458276,0.3428571428571442,0.20000000000000284,0.8000000000000007,1,0,0.08551321462405524
1671,36.099999999999994,5.305000000000007,241.9155822820894,66.29220025945651,75.07034462297095,395.01796084223486,319.9476162192639,75.78947368421053,-0.006116740824671029,0.12786759704095105,1.4219470305719988,4.30756961197573,0.04250498799760397,0.03582015828301167,39.38529403241277,-0.08916032021054639,1.4455052404839903,78.68696479543293,0.04688618991868121,1.5070172929761774,74.48529411764706,0.04106543870109751,1.304024245513238,74.72894078398666,0.04030228956175259,95.64062311315058,101.53846153846153,100.24047588912796,6,0.04588817775630976,0.3166666666666676,0.2500000000000018,0.6000000000000014,1,0,0.12812462263011729
1672,16.000000000000004,4.375999999999998,213.7477528757384,76.42816094158786,98.57362033847211,391.5367297127573,292.9631093742852,85.125,-0.06706662367516622,0.25610101025037624,-3.543686533542954,6.541193284743831,0.04363004659143172,0.04783978431984169,43.109868362049156,-0.245464941881488,-3.1472392770289668,93.96825396825396,0.049337326420762516,-4.236595745314445,81.44712430426716,0.04016462773261101,-3.333745844384634,76.79814385150812,0.039642685039492344,106.00706713780919,120.0,119.49546359814116,5,0.11287789556340783,0.45999999999999963,0.5999999999999996,0.6999999999999993,3,0,0.21476246564585774
1673,44.79999999999999,13.192937500000006,166.45771774727646,69.35073395484214,65.73602141970218,395.0267819265375,329.29076050683534,79.57589285714286,-0.022433805046792345,-0.2094984309235036,2.370038081520782,6.11046122063271,0.038198979248629215,0.03144373712333865,41.881105590075045,-0.032120794970176274,2.513928482235134,77.94117647058823,0.038501598785954036,2.5244321298978587,79.90430622009569,0.042196332073878094,2.067668462979069,81.00481761871988,0.033851577928011745,129.3260925091094,136.36363636363637,160.96860173282707,20,0.1965756606138465,0.5700000000000005,0.399999999999999,1.2000000000000028,8,3,0.2274921407455866
1674,12.161999999999999,0.9000000000000004,177.5283788745194,57.03045989543004,66.44801354159831,394.8382102329163,328.390196691318,65.26748971193416,-0.0855302313389885,0.023026433875897007,1.2576802559571552,4.782754869796037,0.024807693633287622,0.021399279011449744,24.97733962247461,0.308752553170179,1.4698142873277928,70.72538860103627,0.020461043240910075,1.0413314262218194,59.770114942528735,0.02481844946552972,1.2512883527533214,65.98984771573605,0.029054212070933356,192.92604501607718,210.0,199.02069183383352,1,0.030623181748583705,0.40000000000000036,0.40000000000000036,0.40000000000000036,0,0,0.06890215893431331
1676,47.17000000000002,7.399999999999977,229.31978850941766,87.34076971161677,67.17113467495064,394.9557462109159,327.78461153596527,78.71077184054283,0.012410089109466527,0.13763201376544948,-0.8318163473989139,6.8617260648200356,0.034203179379834164,0.035137382186605566,41.403430582769715,-0.04632764797027324,-0.9511233026038866,76.71885636487406,0.034209481695245784,-1.0831868923872494,78.79169288860919,0.03479742734421152,-0.4948509604211191,80.39806996381182,0.033628077982527,157.22924683892248,165.0,179.98741346758962,18,0.12644310060472752,0.38333333333333225,0.3999999999999986,0.7999999999999989,4,0,0.13560564412680917
1677,31.66099999999999,16.300000000000008,145.10494091196566,31.593806047399504,65.23071176707428,389.7159083389631,324.4851965718888,78.35703001579779,-0.011966390000899016,0.0016673369832815672,1.0714008342769286,3.280479944449357,0.03863750078492717,0.03438672102000304,31.557670105637555,-0.0269990852229228,1.3362157549636546,80.47619047619048,0.038610922081596194,0.7854054400994682,77.09677419354838,0.041291916374445486,0.9866696834743905,76.82051282051282,0.036139944546922036,91.32420091324201,99.54545454545455,134.9311481470072,22,0.32317924980713514,0.7045454545454549,0.6000000000000014,1.8000000000000007,12,5,0.33985946915201953
1679,32.20000000000002,4.005999999999986,271.4300703115093,47.77560424358963,96.93747577614424,395.0278384523637,298.09036267621946,82.26157191674433,0.0019178517800144262,-0.11748992497163821,0.67555655544054,3.021241778191134,0.039598992929946966,0.03201262953401653,46.91107099139356,-0.1169335673966085,0.4575854322778988,85.36585365853658,0.03804961417731298,0.8732348270319643,82.83917340521114,0.0410606353508436,0.7059321572093021,78.17817817817817,0.03968734719465481,130.91752748163287,139.41176470588235,143.17646348093993,11,0.08562116776224905,0.28181818181818086,0.20000000000000284,0.5999999999999979,2,0,0.11064464453405473
1680,31.199999999999996,3.4650000000000034,174.90745389439587,69.87948567951861,86.68879767162025,393.9969878855358,307.30819021391557,73.65384615384616,0.016609520972819772,0.0789907030235765,2.563822761932505,6.249992635677816,0.03754972565498508,0.035393928476740465,33.89880396917573,-0.04946151934267113,1.8877199145109447,74.50787401574803,0.040893097856040436,3.3949188638223595,72.51141552511416,0.0368049827024953,2.3655892285959284,74.03369672943508,0.03499137815915165,154.04586758978797,166.875,165.50441655044165,7,0.06923409779316314,0.3428571428571429,0.29999999999999716,0.6999999999999993,2,0,0.09995672868887938
1681,0.9,1.504,197.91048149513887,80.99845551789204,114.30109886225382,387.99461837612927,273.69351951387546,92.22222222222223,-6.835397311732037,,0.07435986511448571,6.481190895298297,0.02468319474415541,0.020115006026166376,28.745675877353754,-19.744201233090404,1.3064635622071759,100.0,0.022785629256140933,-0.34296558067497357,89.85507246376811,0.025225356312159546,,,,74.87520798668885,180.0,74.87520798668885,0,0.0,0.0,0.0,0.0,0,0,0.6256239600665557
1683,6.972,0.5,226.72422296217908,78.79706978393017,70.99216427378148,394.59302455522226,323.60086028144076,78.16091954022988,-0.02812946958840217,-1.4401003258197018,-2.1292269288573737,6.479801376792597,0.03136783704422864,0.03430770671322993,33.27131125754078,-1.8652538634801572,-2.555310562237501,85.5,0.049738453579829034,-1.419692013013925,83.93574297188755,0.025827420251796934,-2.5891811733895636,66.39676113360323,0.022189655958466604,176.6595289079229,220.0,176.6595289079229,0,0.0,0.0,0.0,0.0,0,0,0.06691648822269806
1684,31.1,12.524999999999999,273.6534493615306,55.7103093959616,80.1627088970039,394.9964442995532,314.83373540254934,78.10289389067523,-0.026566259575101267,-0.12551724381779839,0.4110218021433928,3.6649640903718796,0.032052433694030706,0.03114313661645321,33.455901612301304,-0.04922751511790706,0.4298355361779765,77.25321888412017,0.031698699514233986,0.6931543073184993,79.5475113122172,0.03288281556949446,0.0034420595587097906,77.38095238095238,0.03144927206429318,127.90830945558739,150.8108108108108,158.8612099644128,15,0.19484240687679083,0.5666666666666667,0.40000000000000036,2.5,6,1,0.28710601719197704
1685,36.7,2.745999999999995,226.58662984429998,40.649519034337885,78.5359204292114,394.09024323066245,315.55432280145106,73.5149863760218,0.00527197008104752,-0.018461691157681426,-0.3714108298300764,3.312685435851078,0.031031806764684148,0.029713174435966133,27.538720990212987,0.039661193660891735,-0.4171675103848933,76.65338645418326,0.028010982634990567,-0.49728469702153294,73.74517374517374,0.032224553601529725,-0.16113237930309168,69.73214285714286,0.033037634558479176,150.5856107083101,160.54054054054055,153.70284117373077,2,0.020280890331085554,0.40000000000000036,0.40000000000000036,0.6000000000000014,1,0,0.06961415606145098
1688,23.7,4.565000000000001,145.9445113458401,47.239594046216595,89.98856698090671,392.6012341970473,302.6126672161406,66.24472573839662,-0.02357507364258322,0.20892439261825654,1.737072291780757,4.423824989686151,0.028162043009491187,0.028144744133205758,29.929213022490146,0.3200536344201327,2.1696164076330806,67.12141882673943,0.01646864461531341,1.3098066779464272,68.75,0.03558268502639872,1.7994917109781756,62.857142857142854,0.031116294965334853,112.50663364585176,127.2,118.8118811881188,4,0.05306916681408102,0.375,0.35000000000000053,0.5999999999999979,1,0,0.16150716433751994
1689,9.599999999999998,1.8420000000000023,222.184761798447,75.86091505537787,95.22115033445591,392.99758711995617,297.77643678550027,89.16666666666667,-0.07509659401404059,0.32053731906512045,-1.3624504681575504,6.251157245622328,0.07281360433390348,0.07679576898397211,58.2610942301698,-0.8276169034710043,-0.5209759446071868,90.38461538461539,0.105692421436333,-2.303950173584354,87.24832214765101,0.05486626846039575,-1.3385838829035182,89.71428571428571,0.0587853619177529,157.31515469323546,180.0,174.0475730032876,4,0.09613703897919955,0.2750000000000003,0.25000000000000044,0.40000000000000036,0,0,0.16098584163607782
1691,19.699999999999996,3.4710000000000036,164.67628792505687,74.40649700981349,89.94812640292673,393.6397336606238,303.69160725769706,75.38071065989847,-0.00866646307020188,0.2774011715748792,3.0027122600241207,6.322733157297135,0.033782925308138374,0.028313748622729326,44.694196713466184,-0.14083709470502154,3.2533513615974776,80.40435458786936,0.03521055410023093,3.172204920239081,76.52645861601086,0.03510897154574012,2.4453501910274302,68.47457627118644,0.03057061786673498,126.88274135773165,140.0,135.6651746573762,8,0.06473609252945497,0.18750000000000017,0.1999999999999995,0.3000000000000007,0,0,0.14979931811315886
1692,13.8,2.5790000000000006,173.04922951759482,82.06974229061818,75.11954933966368,394.66171895902824,319.5421696193646,83.6231884057971,-0.038446428102864375,0.802801118395116,3.5982455603606094,7.1904608574115265,0.042386671342004946,0.03246780077102939,31.052544336743907,-0.13268766942255583,4.155126134519565,85.28225806451613,0.040682464796518145,2.7904630429482475,85.23316062176166,0.05411844271046059,3.673369852299488,80.72289156626506,0.03499073298525309,161.18200134318334,176.0,182.33303404931277,3,0.1160021979363819,0.6333333333333332,0.5999999999999996,1.0,2,0,0.15745772025154164
1694,30.099999999999998,9.554000000000006,216.89855855689058,73.54124669009087,90.88421560374242,393.8491768018778,302.96496119813537,86.41196013289036,-0.0012756844459568372,-0.5985300959926826,-3.4625535682660975,6.371515228568093,0.04242555551536912,0.03250938248748879,39.10687895334097,0.0026150317134881083,-3.855383367295833,88.38771593090212,0.03887145231963445,-2.944052397903706,85.46409807355516,0.049395905149155185,-3.6674696156628412,85.23002421307505,0.03727208850347062,93.81146920865486,106.28571428571429,113.92172475041343,15,0.1765269581883292,0.46666666666666706,0.40000000000000036,1.0,6,0,0.24093407979018522
1695,14.4,2.2140000000000004,159.65718559697757,61.29800112303755,72.6541470514497,388.0053362066189,315.3511891551692,76.25,-0.0587748431547555,-2.133039400175829,1.700801634490063,5.3696492911306795,0.03767317134301419,0.030240669875183257,35.409501319781896,-0.12441010435052284,1.294997534030099,76.84824902723736,0.03545940863305004,2.0464532627120526,75.28089887640449,0.04027617827871715,1.771700854212475,76.78571428571429,0.03702997830540246,119.17659804983748,132.0,130.14328907585116,5,0.08426628144938,0.2799999999999999,0.29999999999999893,0.40000000000000036,0,0,0.13326110509209102
1696,56.199999999999996,4.326000000000008,259.6712876622718,51.423219160293534,70.48290484009652,394.40779896326154,323.924894123165,83.91459074733096,0.0021737013972090657,0.030639609124059254,0.03223477328976105,3.739460270078863,0.045224877911186546,0.046044635676898794,45.9555743070805,-0.05397143736084213,-0.13872497059378006,81.94748358862144,0.044525343935850364,0.16448408788979624,85.01070663811564,0.04577708548031206,0.06050826086809767,84.71933471933473,0.04535359301526822,173.47916597825727,177.96610169491527,183.48303218816622,11,0.054522023593166685,0.30000000000000066,0.29999999999999716,0.6000000000000014,1,0,0.07147341638304212
1698,40.46500000000001,3.499999999999993,194.13690841173323,81.47570690842625,71.38505189337984,394.3061909998487,322.92113910646884,78.29419035846725,-0.05353034804576083,0.043383826355593035,2.347233847369206,6.385969684308985,0.03399570082170143,0.03182577119492959,38.34019527708194,-0.06699044674195527,3.1341267629184473,81.09567901234568,0.036622922165015954,2.475862070454098,78.51301115241635,0.03465002006351009,1.4388792645202448,75.4985754985755,0.03094592271410835,166.4960764244285,170.2325581395349,179.56580399852808,10,0.07278517002160788,0.31999999999999906,0.25,0.5999999999999996,1,0,0.07960877971113368
1699,53.27599999999999,5.500000000000014,204.86684183039966,59.09018558772343,113.90584345122743,394.76378917507816,280.8579457238507,79.44048066090875,-0.02342853658217548,-0.037620249518655974,0.9705516938826265,4.467198492813483,0.037360812680713375,0.03985937676900912,30.064328799525313,-0.09749078561076807,1.2801368626562033,80.28089887640449,0.04470104156796421,1.158792933486546,81.6941444002274,0.04040732558347134,0.4482807286897517,76.38500279798545,0.027058726607294314,178.6443446304614,190.9090909090909,193.81275841701125,12,0.07826323669524998,0.3833333333333344,0.3500000000000014,0.9000000000000057,1,0,0.0935756090921467
1702,51.39999999999998,9.126000000000026,215.88252185551616,81.85113537090156,70.70940877534231,394.81682133244954,324.10741255710724,73.50194552529183,-0.0009844430326013264,-0.10888263927730077,-0.25939348866052514,6.462382798976991,0.0383529549020478,0.03573079960965791,39.40587153399954,-0.013061771518033826,-0.1970028228075652,69.44444444444444,0.03931834738737407,-0.45656034299319115,74.79627473806752,0.03680601586752525,-0.12134970769074631,76.32821723730815,0.03893578446407223,174.47047549813303,199.24528301886792,204.5480959206602,27,0.14704424544823744,0.3296296296296304,0.30000000000000426,0.7000000000000028,2,0,0.1507781779731029
1703,32.2,5.259999999999998,218.67409316353587,91.84279928546881,69.5929681683865,395.0217033060606,325.4287351376741,67.88819875776397,-0.018093344339320524,0.01583968338109145,2.153259516165742,7.221074150876622,0.02643970131670847,0.026439516236294036,31.992679854690298,0.017012636809161312,1.903465309709092,68.74409820585458,0.024841615242534688,3.0152931895582484,69.55046649703138,0.028382562317129257,1.330348184063212,64.96945010183299,0.025830475281121847,116.92471970101441,132.72727272727272,128.5965942454492,7,0.0907634810464496,0.48571428571428604,0.5,0.9000000000000004,3,0,0.14041644420715424
1704,25.500000000000007,4.567999999999994,238.11497437407488,48.07415357106532,89.9616313767208,394.2570381188112,304.2954067420904,80.27450980392157,-0.01562959881675142,-0.23751524855591755,0.46018490736337914,3.4668521398967225,0.03916786185563662,0.037715713746392696,44.52245548374598,0.15937502058122344,0.11025372652962967,81.17386489479513,0.033098943615176464,1.3943942461719887,79.12844036697248,0.041995665993668066,-0.1617780545385474,80.51612903225806,0.043057394710826445,125.71504589596913,145.3846153846154,142.81396403203863,10,0.11972861513901797,0.35999999999999927,0.3999999999999986,0.5999999999999979,1,0,0.15192230943195403
1708,52.199999999999996,8.326000000000008,182.55613518030873,71.14848658203537,68.19820554747398,394.97697459625556,326.77876904878156,83.37164750957854,0.02015428789964869,-0.04466536555511468,2.9316904695761905,5.774045891939699,0.039214192849990004,0.032179478815940514,34.25680881512439,0.06812738302007988,2.1247809915944424,80.08800880088009,0.03360147439682769,3.6287606469007816,83.10010764262648,0.041578586774947614,3.004607515546794,87.56476683937824,0.04297680943847079,116.9745233453392,124.21052631578948,129.60861128400396,14,0.09747876945444942,0.4214285714285718,0.5,0.7999999999999972,4,0,0.1375607177080925
1709,20.799999999999997,5.192000000000004,196.74396689896784,76.53504686218079,99.21288048808864,394.8380977550642,295.6252172669756,77.25961538461539,-0.04576684039886132,-0.8010518828496542,-2.4275018760613842,6.789279859634026,0.014317002035357972,0.013663653289182485,53.98978346797709,0.09476111259693627,-2.2351646601299477,80.83441981747066,0.012297840393615507,-2.468067675512244,76.27345844504022,0.01657401999232726,-2.657566789912943,73.72134038800705,0.014078839042972403,115.42012927054478,136.36363636363637,132.20518244315178,10,0.12696214219759938,0.33000000000000035,0.2999999999999998,0.8000000000000007,1,0,0.19975377039088965
1710,34.0,7.091000000000001,224.90873222357612,72.27635077113251,75.37124712720748,394.68492819725435,319.31368107004687,88.79411764705883,0.011107153517508095,0.07743339522065829,2.023474191561805,5.37421070397724,0.04093795636114608,0.02983631830715989,30.58285031657252,0.09460500489156864,1.7913191054946078,88.13953488372093,0.03671409123737469,2.0522507865855553,90.65040650406505,0.04400252373150932,2.3257876588459268,87.1590909090909,0.04284632925218964,113.89355333284661,126.48648648648648,124.16757316070148,6,0.08274317977172613,0.5666666666666664,0.5500000000000007,1.0,3,0,0.17256820228273834
1711,53.27599999999999,5.500000000000014,204.86684183039966,59.09018558772343,113.90584345122743,394.76378917507816,280.8579457238507,79.44048066090875,-0.02342853658217548,-0.037620249518655974,0.9705516938826265,4.467198492813483,0.037360812680713375,0.03985937676900912,30.064328799525313,-0.09749078561076807,1.2801368626562033,80.28089887640449,0.04470104156796421,1.158792933486546,81.6941444002274,0.04040732558347134,0.4482807286897517,76.38500279798545,0.027058726607294314,178.6443446304614,190.9090909090909,193.81275841701125,12,0.07826323669524998,0.3833333333333344,0.3500000000000014,0.9000000000000057,1,0,0.0935756090921467
1712,11.1,3.1899999999999995,213.7964791648282,68.49218312664938,78.77469456026014,394.4120286452321,315.63733408497194,85.94594594594595,-0.08888430653769663,-0.2828221070240928,2.1807837948330655,5.188709628700327,0.035503075992918146,0.03075944110562366,36.53346402782213,-0.602910761920343,3.086512978622543,84.54258675078864,0.044407735263702355,1.6582069404432649,85.33653846153847,0.032507099102971865,2.007911776865692,87.79840848806366,0.0313215094077167,142.75717284814556,156.92307692307693,163.33066453162533,5,0.12596221133659907,0.36000000000000015,0.3000000000000007,0.7000000000000002,1,0,0.2232330300909727
1714,56.20000000000001,4.325999999999993,241.45156714734998,68.16179278363036,65.2098405305307,395.0012395131832,329.7913989826525,61.93950177935943,-0.0007376261196001497,0.09529577607528503,-0.334749034211692,5.754031694907829,0.029393334691433185,0.026736617047618986,29.296546043440056,0.02270386383368117,-0.4132118797752362,62.04496788008565,0.027807353744416924,0.09291586967700068,63.80400421496312,0.029711673799479348,-0.7190548493341573,59.924487594390506,0.030664883543758136,136.8007137428543,142.75862068965517,145.45199030320063,16,0.059478571192545224,0.22499999999999953,0.14999999999999858,0.5999999999999979,1,0,0.07147341638304189
1715,26.900000000000006,6.223999999999997,155.62039748776175,65.53776785786216,69.6210987735383,394.1556033286965,324.5345045551582,71.78438661710037,-0.05860358317679951,-0.0658122864394784,3.2075510642905094,6.097775211092286,0.039045520765052445,0.03444575171008872,29.676889093987015,-0.09884049893886468,4.056998862703749,73.51351351351352,0.04212266881833751,2.549604305598863,69.01408450704226,0.04022397543742788,2.9840589820630163,73.28145265888456,0.03383689923424965,175.7034174616592,207.85714285714286,209.17193789534213,14,0.1600048303345006,0.3785714285714285,0.3500000000000014,0.7999999999999972,4,0,0.18790001207583615
1716,13.4,6.113999999999999,186.90624391846958,72.4749496102529,81.97411210011796,393.27717433835704,311.3030622382391,64.4776119402985,0.18690891120951691,-1.6835973141122011,-1.632225825915491,6.575539910307807,0.01655702714470146,0.016612060845776284,31.389859843951108,0.2071655748096603,-2.5741851102392888,66.84491978609626,0.012819907701398951,-0.5665829379472065,64.83333333333333,0.020400980645889945,-2.2452293438978765,55.865921787709496,0.015384691429503794,126.06333914112945,175.71428571428572,148.06789454676777,5,0.14861125345905501,0.5799999999999998,0.2999999999999998,1.8999999999999986,1,1,0.31331351849953876
1718,17.699999999999996,2.232000000000003,222.08129492244646,75.5364695748527,82.21941477199748,394.70829457216837,312.4888798001709,86.49717514124293,0.0023819844246791826,-0.7159237557857999,3.043657533227675,5.638440446745846,0.0354599548668583,0.0311072018491061,29.175229734777943,0.12572508375290078,2.634922727147492,84.62809917355372,0.02650015325055853,3.5127600254431894,88.14102564102564,0.044072341917102166,2.939746765625372,86.69131238447319,0.03554600007667197,132.45033112582783,138.94736842105263,144.01047348898106,5,0.08027292795504733,0.3200000000000006,0.3000000000000007,0.40000000000000213,0,0,0.11198073449729094
1719,18.699999999999996,3.635000000000005,161.0863750454545,66.08986369921813,73.89143960733382,394.0648643346514,320.1734247273176,71.3903743315508,-0.08635416296187164,-0.7390125282516556,2.8994169212537124,6.172540771731604,0.03178712373875812,0.02662793263320413,33.89838263168744,-0.1431310651705367,3.3873958913016518,77.70992366412214,0.03203290407426847,3.0184885869464715,66.4983164983165,0.03377482063816047,2.2140002073255434,69.40418679549114,0.029626611535852665,177.30020147750167,188.57142857142858,201.68067226890759,9,0.12088650100738771,0.3000000000000005,0.20000000000000107,0.5999999999999996,1,0,0.1627490485784645
1720,10.0,2.1479999999999997,223.12924861129193,64.80448602369724,78.80043582370703,394.3113609697476,315.51092514604056,74.6,-0.03267002410364962,-1.9141740270464116,1.0028770342872757,4.930116805181211,0.03551429696400049,0.03423258436892553,38.1695964730572,-0.837922901550017,0.7868016422899244,79.67213114754098,0.03646122702724659,0.9684958818936624,72.67605633802818,0.04192460580108588,1.2533940039726168,72.05882352941177,0.02797172841560235,118.53803095159698,130.9090909090909,126.8946069792034,4,0.06585446163977608,0.19999999999999996,0.20000000000000018,0.2999999999999998,0,0,0.1768192295027988
1721,22.7,5.095000000000002,207.88330725902384,75.13572728554438,78.20190750066116,393.98556114457153,315.7836536439104,77.26872246696036,-0.13471765997177504,0.1966541903219695,-3.5165929171868875,6.546030371139719,0.012336904456467115,0.011291305774991576,48.77803137963477,0.237105356389104,-2.2151700543515713,76.37698898408813,0.010361547212969216,-4.11558841532757,79.00763358778626,0.01339269523478859,-4.381252371143416,76.31184407796101,0.013512339713104463,146.78899082568807,163.2,160.66154754873006,6,0.08634646519158122,0.4000000000000001,0.5,0.5,0,0,0.18330635006296103
1723,53.29999999999999,7.226000000000013,181.37273515505717,70.92206432224293,77.55792778956673,394.9019940469243,317.34406625735755,88.25515947467167,-0.006068788539044302,-0.10629964815544687,2.665947526761569,5.65838941001072,0.04167890661526439,0.03213267040007925,36.915843001339155,0.033388212833104156,2.6109165591782104,85.20578420467186,0.03820420220833695,3.000743679654947,90.37610619469027,0.04154907924435672,2.3650701070671123,89.21113689095128,0.04543665535896625,112.01797574596041,125.55555555555556,123.43880857881514,17,0.0925222218550707,0.3294117647058829,0.1999999999999993,1.0,4,0,0.11938670984370374
1725,25.299999999999997,4.271000000000004,205.85685495733918,58.26647148292707,99.80596287964511,394.9159998651184,295.1100369854733,76.16600790513834,0.04750992455830262,-0.020761099990528862,0.9451260977104847,4.385766234741889,0.03819734848234162,0.03958259956082348,31.505065091044035,-0.18074966186299915,0.4492531106744085,75.62814070351759,0.04977582362704989,0.9404175578633819,76.82119205298014,0.032939472939421684,1.4249236842435555,75.96618357487922,0.03281953329719386,166.37922288728822,189.23076923076923,181.07541128408965,8,0.08116059653038453,0.30000000000000016,0.19999999999999973,0.6000000000000014,1,0,0.14443204490886355
1727,46.888000000000005,4.599999999999994,240.23895513992517,50.73695077490791,68.40344433019018,394.69395421651035,326.29050988632014,81.92873906550032,-0.020586987321632454,-0.15044360797749598,0.08043030940388177,3.947390918306551,0.042633381231655824,0.03836354187198304,44.78677452216273,0.045242091028974495,0.22053690579743063,77.1799628942486,0.039751769871437324,0.45066474438273124,84.52855245683931,0.04695503677517307,-0.409457081064067,84.33503836317135,0.041452008912765306,121.19328775637042,135.65217391304347,131.9573676196921,15,0.08157240522063382,0.2799999999999996,0.20000000000000107,0.6999999999999993,1,0,0.08934120571783706
1730,33.00000000000001,5.948999999999991,230.62715272887525,93.6237470338462,66.04178868107036,394.99616580697887,328.95437712590854,64.84848484848484,-0.0004135104489130068,-0.09912273064652574,0.30806535666617707,7.260801785440672,0.02971868857263549,0.031098067181433008,33.67255846734946,-0.0914228496562868,0.19009558597934745,67.06096451319381,0.02943293862686416,0.41385792625676,61.170212765957444,0.03210816145804256,0.3276261532702322,66.44920782851817,0.0274994097055931,110.91427251020566,130.9090909090909,122.90534581353666,13,0.09756348044879185,0.2923076923076918,0.29999999999999716,0.8000000000000007,1,0,0.15273819610259548
1731,24.300000000000004,5.819999999999997,246.7460191444183,70.6509556175697,65.81240908039187,394.6224720583977,328.8100629780058,60.32921810699589,-0.13102124481382088,-0.2582587006130401,-0.4935849994902596,5.9563456504516274,0.0321155429741637,0.02835185782619885,28.5189753617983,0.023508433384010728,0.5882498763614409,67.91569086651054,0.029330340314566567,-0.40378109791438416,57.44234800838574,0.03685476742456196,-2.495587265932763,54.340836012861736,0.02867075671309619,129.4820717131474,156.0,141.71511627906975,6,0.08632138114209811,0.4333333333333325,0.29999999999999893,1.0999999999999979,1,1,0.19322709163346602
1732,44.099999999999994,8.041000000000004,211.8228746409983,77.68965036606001,73.27330688767131,395.01801788898007,321.74471100130876,72.19954648526077,-0.006760294626423135,-0.13132907639676708,-0.364553778369704,6.255820513343552,0.0371855868194536,0.033701176102884686,38.05024718934781,-0.10932613888174103,-0.1929104382338777,77.61100687929957,0.04735243911540644,-0.7962748405420239,66.66666666666667,0.03078591547504082,-0.12406792465345529,72.0030935808198,0.032137728343322215,193.32195393260582,205.71428571428572,216.11886537595677,17,0.10548320899100518,0.32352941176470595,0.20000000000000284,0.8000000000000043,2,0,0.15421645154484961
1733,21.299999999999994,5.398000000000007,186.23445038069545,71.5653014553535,82.42317371556445,394.4497055668992,312.02653185133477,65.91549295774648,0.01489233432742025,-0.009595709059938588,-1.5517869487800682,6.400977158659316,0.02132407154371464,0.020929000788408193,30.900679531116495,0.22760137005262077,-1.1816467021968076,62.972972972972975,0.015553852038495238,-1.9326163213831067,70.35714285714286,0.022996802803656475,-1.4002457260117787,63.09090909090909,0.02653292277191685,168.55195145703797,195.65217391304347,185.96578229605754,10,0.0936399730316879,0.25000000000000033,0.25000000000000044,0.5,0,0,0.20218742977002047
1734,53.10000000000001,6.642999999999994,217.12961703207122,74.73896453944423,67.80851110398673,395.04750669173933,327.2389955877526,72.2975517890772,-0.002935793572922457,-0.016962331751620038,-1.700712888494196,6.111644120036614,0.03563942280115267,0.03103975385124752,36.029903801856676,0.015858345063543167,-1.5095509118100847,70.90395480225989,0.03182875434596593,-2.0222854893672237,70.99841521394612,0.036696292672035793,-1.5456441023371081,75.28840315725562,0.03851995012361703,204.87755887719064,214.73684210526315,227.75059077461248,19,0.10043017592019134,0.31578947368421006,0.29999999999999716,0.6000000000000014,2,0,0.11119294310630523
1738,15.399999999999995,7.0140000000000065,180.7052470206108,69.67445395608893,85.02677221616531,392.2577433183699,307.23097110220453,76.68831168831169,-0.0002579039246848265,-0.5064062874978323,4.00267757483409,6.195806457727962,0.016377823391130412,0.017031881924674353,46.53953478672573,0.02947644516114993,4.258533649886219,77.18978102189782,0.01611824319153193,3.261038052414596,74.55621301775147,0.013825997310958413,4.455605521485453,78.35051546391753,0.019343427551764936,93.69144284821985,105.0,116.57599644720773,9,0.19630588025341314,0.48888888888888915,0.5,0.8000000000000007,3,0,0.3129294191130546
1739,11.1,4.391,212.45718362899518,72.98221771001135,73.98187751895397,395.00581521390427,321.0239376949503,87.38738738738738,-0.12487192485751829,-2.1352034139606175,2.874540637641305,5.441346943996638,0.034468020811592524,0.030914814176042468,31.298575108833102,-0.4092058111152078,3.4918876482794756,93.33333333333333,0.027317134390459064,2.6093945435118138,87.31501057082453,0.04656716742144612,2.4314489693202854,79.78339350180505,0.023101315992629705,96.83041766186818,115.38461538461539,113.71389583807142,6,0.14847330708153125,0.38333333333333347,0.2999999999999998,1.0,1,0,0.2834549093021755
1740,33.3,5.257000000000005,207.2839375619486,51.45137253385206,115.05831575329074,394.9401563087984,279.88184055550767,80.12012012012012,-0.05225988051852502,0.0016609614507644874,0.7709604446066699,3.89813055336209,0.039831032250249414,0.041745494808578885,32.6223499712659,-0.11827534727562346,1.6055798733706805,80.0179211469534,0.04890651821534482,0.4768333582332204,82.09876543209876,0.036423869800770184,0.21233149617944216,78.14814814814815,0.03404210866606195,182.06810695852892,195.0,200.81814801041278,12,0.09336825997873287,0.30000000000000027,0.20000000000000195,0.6999999999999993,2,0,0.13634359519672185
1741,9.199999999999998,2.1640000000000033,215.45559332067026,66.28204244406928,94.08708334234124,392.05823180511385,297.9711484627726,83.69565217391305,-0.07577721358487724,0.48286396847918917,1.7878764892132144,5.097940000374904,0.040503815633678865,0.03556169450652732,38.10723982412553,-0.7257048687412359,1.833894184808542,82.3529411764706,0.04814123954159822,2.1407993365772544,82.23495702005731,0.04160652676899271,1.3297496780084483,86.87943262411348,0.03131210749320644,116.15628299894402,132.0,122.63099219620959,2,0.05279831045406559,0.3000000000000007,0.3000000000000007,0.3000000000000007,0,0,0.1904259063709964
1743,26.8,7.446999999999999,167.36396622858769,80.44413175717156,79.42172839248249,394.1042470356096,314.6825186431271,77.68656716417911,0.034142921314417055,-0.3416627967194941,3.159652661970873,6.896677323964557,0.037933943524336336,0.031263709137494974,30.01179498026529,-0.04998389246227193,2.260162401113812,77.2823779193206,0.04007488270291109,4.163831817920103,78.93569844789357,0.03949648697317995,3.065966292606524,76.79425837320574,0.03384240666217922,129.64639238473444,143.2258064516129,151.2931475108188,14,0.14307822582999963,0.34999999999999976,0.1999999999999993,1.0,3,0,0.21744970362367505
1745,31.799999999999997,6.888000000000005,228.2850004674006,87.81553307610068,83.4547822261961,394.97065022223467,311.51586799603854,70.44025157232704,0.0392626805773453,0.005226178322985015,1.0373989578531158,6.696458072629285,0.030974610120773523,0.03219627998795499,34.23313352969282,0.06922027856853695,0.5821402926313909,73.11926605504587,0.02698325271104525,1.0364671808934867,67.5,0.032538482864211536,1.5665773851648988,70.82474226804123,0.033652886100893696,111.66253101736972,120.0,129.38780400143764,17,0.136993382961125,0.31176470588235317,0.20000000000000284,1.0,3,0,0.17803970223325075
1747,19.099999999999994,4.489000000000004,180.54226382583272,72.81284565233818,82.4940866757521,394.2857935867539,311.7917069110018,65.75916230366492,0.20728357806622902,0.1467376047608615,-0.9950759099348103,6.595074952125151,0.021160092634548072,0.02470516962707305,34.183440132590526,0.5317810080388469,-1.9782141372401512,62.236628849270666,0.013031007688493322,-1.6471004037162718,67.1018276762402,0.021591665190874406,0.9956103165705588,67.93168880455408,0.03005015114227068,152.61350629530713,171.42857142857142,163.71822274773754,6,0.06782822502013672,0.2666666666666675,0.2000000000000015,0.7000000000000002,1,0,0.19030056382212068
1748,32.8,5.234999999999999,240.553206650021,46.19408168321318,73.27239113021616,393.96178216973783,320.68939103952164,81.28048780487805,-0.008791469247985016,-0.1432476032086923,0.06410962249418009,3.4768846332550387,0.03921745898453911,0.03673487114383637,46.38404646230802,0.05635554748848944,-0.2563094718479844,81.87086092715232,0.03757529170687035,0.9172646584504662,82.30337078651685,0.041517258325781764,-0.4785329743744599,79.4820717131474,0.038746893620970085,148.28447482581834,165.88235294117646,160.98187526758957,9,0.07887472065203112,0.3333333333333337,0.3000000000000007,0.8999999999999986,1,0,0.13763638753779414
1749,36.99999999999999,3.3340000000000103,243.92409756450755,69.2059042515126,65.30503247684973,394.6193155509327,329.31428307408294,65.1891891891892,-0.08732578452779516,-0.4571857067326704,-0.26130607684977075,5.814662189299743,0.03005318718011626,0.02557683055517922,29.05206964149253,0.016422233591668802,0.5872159973567017,70.25210084033614,0.029739568897339672,-0.029409088229656367,66.28175519630484,0.028640397205699754,-1.5326735750854763,59.04211395540875,0.03187682048587282,121.9814548519859,126.15384615384616,127.67945191259668,9,0.044627361531214535,0.2000000000000008,0.20000000000000284,0.40000000000000036,0,0,0.08265979074726063
1750,15.0,4.305,224.28360948356183,71.16660216226295,84.38461799488874,390.4478922977942,306.0632743029055,83.8,-0.09296715453553045,-0.47264288836732715,1.9296679333015783,5.341203389457376,0.03805821368708324,0.032541787309491386,33.14935266068326,0.22237444518800378,2.714173473722613,80.48780487804878,0.02770947743127094,1.30301852353179,86.0036832412523,0.04835815005161316,1.716874380521007,85.63968668407311,0.03896502612806631,99.45609945609945,120.0,107.23261658754537,3,0.07252007252007249,0.4666666666666665,0.5,0.5,0,0,0.22299922299922298
1751,51.000000000000014,4.719999999999985,252.0669298264383,64.72423314372534,65.17348597637124,394.5794598820889,329.40597390571764,65.56862745098039,0.01621987034688599,0.14127170233445122,-0.47500941240964284,5.341735584333192,0.031758801898019634,0.028481370501916247,28.90849247373125,-0.04825292772180984,-0.6881120235047551,65.90106007067138,0.03274087515953648,-0.5882222560133861,67.25815684029766,0.034779310146110236,-0.12121235236218648,63.4441087613293,0.027562796878400384,120.60301507537689,129.23076923076923,129.1810841983852,14,0.06640344580043049,0.26428571428571335,0.20000000000000107,0.6000000000000014,2,0,0.0847092605886573
1753,35.2,5.394999999999996,228.5732044835278,91.52151248041415,66.49575017875249,394.9562711235939,328.46052094484145,67.27272727272727,0.0052703571099019155,0.07237566433932013,0.24328345551751715,7.057732144362191,0.031555254018354115,0.03162636375252835,34.64498929350762,-0.06998374850528999,-0.28147179101483294,62.6418152350081,0.031057368059940478,0.79789229033807,71.19871279163314,0.03249039440123572,0.12329329601514707,68.07286673058485,0.031028483884527943,119.71917723857618,131.35135135135135,131.3691039329639,13,0.0886808720285749,0.27692307692307677,0.20000000000000018,0.5,0,0,0.13289814016504486
1754,21.900000000000002,4.9019999999999975,158.504105517183,75.53929049578353,77.9297568414926,395.04084583739484,317.11108899590226,75.43378995433791,-0.0422739966374504,-1.282100430520725,3.729920055536817,6.774877870354695,0.036418884905509694,0.030948321305014084,29.722780675510595,0.0006012667703810102,3.4932511547020018,78.03617571059432,0.03505675727688891,3.9983766338317968,76.67071688942892,0.03977674641022141,3.666495391748079,70.32040472175379,0.033536535438688016,179.09111260353706,192.0,202.51455573369336,9,0.11566301022311762,0.3444444444444443,0.20000000000000018,1.0,2,0,0.1828967987463621
1755,48.59999999999999,8.426000000000016,211.9224044949457,55.46480487650575,91.2212992221384,395.0448667956451,303.8235675735067,78.18930041152264,-0.00443529729318276,-0.02298270178787408,0.8626961455976473,4.0982338704016685,0.040653594242724855,0.04100612646154747,32.29526818491517,-0.07789746375592883,0.8144859004044646,81.05126541207008,0.046968710748563125,1.1873360218555846,80.36882807852469,0.04152945170485597,0.5473845817824906,73.26007326007326,0.033813599780368825,152.56198926805317,167.30769230769232,171.84845731442348,17,0.11222950934661412,0.3764705882352951,0.40000000000000213,0.8999999999999995,4,0,0.14775716339915154
1757,18.900000000000002,7.248999999999999,188.8891340038228,74.07936196343293,105.99783697858267,393.73206307827144,287.7342260996888,76.08465608465609,-0.07343875353419625,-0.27019468361965115,2.3624691378837652,6.595365868539972,0.01712916183263795,0.01677979134549731,56.874616279658184,0.0015798530406116245,3.113945853137555,80.81570996978851,0.0192114908873864,1.5718531548926127,78.3987915407855,0.015003111394650628,2.3840567746328025,67.84452296819788,0.01718029885685019,103.25442655550881,117.3913043478261,127.06480304955527,13,0.18738766300814552,0.37692307692307675,0.29999999999999893,0.8000000000000007,3,0,0.27721901411143823
1759,18.3,3.8260000000000005,220.45348011919367,62.541338270551364,81.68137148631061,394.1847039675343,312.50333248122365,83.49726775956285,-0.08914259272325693,-0.31023009473606267,1.058416639789098,4.661543734213058,0.03541141183500922,0.03247882330597335,39.66420427481675,-0.35731893838186246,1.548877940060027,87.05501618122977,0.039141746891202596,1.2628815208132587,84.1692789968652,0.03744842884350489,0.23354727851816098,78.9198606271777,0.02914545201041922,157.28102684624423,165.71428571428572,176.41691169015513,8,0.108469673687065,0.30000000000000004,0.2999999999999998,0.5,0,0,0.17291873813612946
1760,26.5,5.030000000000001,188.67954967650616,70.89192798219854,78.47124719372943,394.35012878963977,315.87888159591034,67.32075471698113,-0.036762047855928924,0.2903086381703179,-0.7526287547029805,6.295125635560042,0.024603663353432347,0.0266228021642114,31.43954605934634,0.3127634190100371,-0.13250059957913077,67.3802242609582,0.013934651893924867,-0.7617433595995958,65.35600425079703,0.031068855705596195,-1.5484933777845675,69.78021978021978,0.03062365543913378,171.26546146527116,180.0,187.30489073881373,9,0.08563273073263553,0.2999999999999998,0.20000000000000107,0.8000000000000007,1,0,0.1595306057722804
1761,47.50000000000001,8.611999999999995,199.96264048693666,77.46711481706924,67.97721771653639,394.9578075514465,326.9805898349101,71.85263157894737,-0.034075464746346325,-0.16799585835488373,-0.025741534268721233,6.350136942875204,0.035274283393161056,0.031144843713826437,38.406789918041895,-0.007937116926343435,0.34408559551000567,70.3792895845876,0.03510365438438013,0.32886481902581255,70.828025477707,0.03450039731459711,-0.7559978766493337,74.52271231073074,0.0362607323246492,184.98716852010264,195.8490566037736,208.80270357257803,23,0.11405759908753915,0.27826086956521723,0.29999999999999716,0.5,0,0,0.15347875677216985
1764,22.899999999999995,3.7720000000000056,237.98073456600798,53.46143874576936,66.03961550560362,393.87650079938317,327.8368852937796,80.08733624454149,0.027071167004382533,-0.6844637294589423,0.04718229326432605,4.287817157284934,0.03696199417545054,0.035432493064470466,46.14875995335595,0.19270657214609305,-0.2495394312743231,78.16091954022988,0.031037773315299496,-0.19652992923412851,81.97879858657244,0.04047110036232331,0.8580872704372643,80.21015761821366,0.040753806718835654,132.7234553089382,153.91304347826087,138.43266072266545,4,0.04124175164967025,0.27500000000000124,0.2500000000000009,0.40000000000000213,0,0,0.14142171565686884
1765,39.10000000000001,5.125999999999991,205.27609344200732,56.878401370357615,75.52862240025188,394.696689840107,319.1680674398551,79.36061381074168,-0.01992595075724096,-0.12435509217797515,1.0386428808722794,4.3053580996736,0.03789018606635371,0.04042771357276025,30.93923111329218,-0.05717627523795125,1.6050923844111935,76.67924528301887,0.043175185745179936,0.4048226380448428,84.20245398773007,0.038080630374384125,1.1604041862605385,77.20530835284934,0.032233769675451565,185.86351919685254,210.76923076923077,202.83274934609875,11,0.08366119477230567,0.3363636363636355,0.3999999999999986,0.5999999999999996,1,0,0.1159046714602268
1769,52.800000000000004,7.725999999999999,201.84872082915376,76.37101866247804,65.35742539036113,395.0218949571963,329.6644695668352,70.83333333333334,-0.027530598070273016,0.09864330719282922,-0.09935825844215176,6.293465130926829,0.03664229363418265,0.03303668662021069,38.37849563216391,-0.03317855253555117,0.6972926270764379,70.61356297093648,0.03859458417597077,-0.42230619558488114,70.023282887078,0.039389112617373864,-0.6354395591912835,71.88967136150235,0.03174866077741924,180.41833261738756,218.4,201.7514687950338,18,0.10573968212008054,0.3555555555555553,0.30000000000000426,0.7999999999999972,3,0,0.1276476225093348
1770,30.499999999999993,3.9040000000000106,241.65695223934378,52.31194780792659,86.68200392424025,394.7764005935596,308.09439666931934,83.53558543784847,-0.014568731126542183,-0.22231779292564766,0.16983051284775802,3.9950923683155843,0.03722826801474945,0.03205509527926801,46.04230506157697,-0.06947805322159398,0.37085376418358484,84.85981308411215,0.038764902960946104,0.17083688150627574,82.13552361396304,0.0372096051108566,-0.04868463273000719,83.48258706467662,0.035610335951029255,118.59086152772932,131.61290322580646,132.4503311258278,12,0.1046389954656436,0.30000000000000027,0.25,0.6000000000000014,1,0,0.11347517730496484
1771,41.300000000000004,4.649999999999999,243.65711856388086,73.17850895971777,66.13287689480758,394.60514921145256,328.472272316645,62.73607748184019,0.03771534721626647,-0.06358231425784854,-0.7382224728395849,6.180740492873825,0.03131947194977483,0.028556564000712686,28.372737789935186,0.005932483514067292,-0.7800581824522348,63.477653631284916,0.027074224902109128,-1.6270827135929304,61.997319034852545,0.03448627644966537,0.3981373458324673,62.769485903814264,0.032442458233705666,142.32861806311206,148.63636363636363,153.7015276145711,10,0.07399347116430896,0.3399999999999997,0.20000000000000284,1.0999999999999979,2,1,0.10119695321001085
1773,28.200000000000003,6.177999999999997,186.74817068133007,72.8270901314377,81.36659504134711,394.038923204741,312.6723281633939,67.2695035460993,0.0026699570008743793,0.15365652171672617,1.3878390485389276,6.412376893527294,0.022905258158416063,0.025570192366752495,35.42903649812881,0.32783358546456876,1.5269408261018012,65.12141280353201,0.011497886113606255,1.5303744216106474,70.83333333333333,0.027349058974709368,1.050296100739747,65.15151515151516,0.029481511550714386,158.8225027633952,176.1290322580645,185.22287807856702,13,0.14253301530048273,0.3769230769230766,0.29999999999999716,0.8000000000000003,3,0,0.1797079527604863
1775,36.999999999999986,6.521000000000015,220.43717628188583,81.4263489475567,70.97465053105925,395.05219240060626,324.077541869547,71.78378378378379,0.01521840730555424,0.16950703700318007,1.5193478932285143,6.1621121924021685,0.031234968331510727,0.030215359534313552,34.83337235362861,-0.09390599814328109,1.5108066797162902,77.90008467400509,0.032617132227443404,1.1956804950320001,67.85443517816528,0.03301082707980685,1.873141279455774,70.08333333333333,0.027922723956428173,107.53429378920521,114.14634146341463,119.02037079423214,18,0.09650513545185122,0.23333333333333428,0.20000000000000284,0.5,0,0,0.14983571149560015
1776,11.999999999999996,3.204000000000004,221.68666308846267,63.6109455237475,90.86505692859825,394.9827882715382,304.1177313429399,80.25,-0.26623203713805244,-0.3128786390474948,1.3031611632309532,4.665466032665836,0.036959657850012935,0.0355021504751162,39.57511510595424,-0.6467879101842405,2.4509573660896287,83.69304556354916,0.04295205888342057,1.2969956131129945,79.04967602591793,0.03995599499446951,-0.3029851410210821,77.5,0.02481548494746801,118.38989739542225,163.63636363636363,133.29383886255926,5,0.11181268087345447,0.3400000000000004,0.20000000000000107,0.7999999999999989,1,0,0.2107340173638519
1777,33.0,5.009,142.65823012722143,60.24528698788112,87.94739901633272,394.29478045437247,306.34738143803975,71.27272727272728,-0.05435617493774621,0.014840367776773191,2.5324139720372387,5.5776822085533615,0.032113082456959846,0.0269347720862747,33.02435669795481,0.03637258601294352,3.0283347808017154,69.28635953026198,0.031358215632420035,2.684020803208198,75.02124044180118,0.032556394561000596,1.7998782280966261,69.09448818897638,0.0324219990202567,172.0645110368597,186.85714285714286,187.34423787561948,9,0.08155963061380207,0.3444444444444448,0.3000000000000007,1.0,1,0,0.1317845773369465
1778,20.499999999999996,4.552000000000003,226.930056465105,75.46788800944553,78.44131120578297,393.61664900021447,315.17533779443147,87.70731707317073,-0.08927833020082183,-0.5870332294602416,3.0518140564624274,5.601331776557291,0.03876993015746482,0.03494220359168794,32.88405908287929,0.17408135188626164,3.406159428238722,86.29242819843343,0.02491942490507773,3.790521922093161,89.21985815602837,0.05442697477312362,1.6760866190099446,87.73747841105354,0.038006861302355636,93.40571611049018,97.5,107.08401976935751,5,0.12773431262973028,0.6400000000000006,0.40000000000000036,1.9000000000000021,2,1,0.1817020597157913
1779,5.800000000000001,3.081999999999999,241.93459669966936,73.80347291198376,95.12877922616654,393.9792909764031,298.85051175023654,76.20689655172413,0.34566306591023016,0.21172102920775523,-0.06198182547726385,5.560520968176016,0.007759241874899785,0.013660019022204515,61.32618299708192,-6.309292538731802,-0.6441838269206045,84.5,0.020456573100111747,-0.09237938300196405,77.72020725388602,0.0015436332560229988,0.7750244499099689,65.77540106951872,0.0005992983099101627,121.59423553253772,135.0,150.37593984962407,2,0.19139833370862422,0.8500000000000001,0.8500000000000001,1.2000000000000002,1,1,0.3469939202882233
1780,28.568999999999996,2.700000000000003,156.8959237145513,42.89921317514132,84.7280183004039,394.2927608962426,309.5647425958387,84.09807355516638,0.02031396916215956,0.16425980683536584,1.2716517144551887,3.869049326567927,0.04108217239410734,0.0363754172832921,32.79597154250701,-0.03983657671596843,1.2627438366630237,83.63064008394544,0.03548651210733774,0.849834048134895,87.4439461883408,0.0536256519287514,1.6795611299044413,81.58415841584159,0.03528976933613397,147.75016789791806,165.0,157.30872688889644,7,0.06076305606191437,0.27142857142857146,0.1999999999999993,0.6999999999999993,1,0,0.0863475007195626
1781,48.60000000000001,11.925999999999995,214.66217649581813,38.46242688235755,87.20580782844112,391.7546299750285,304.5488221465873,80.02057613168724,-0.004164775308384489,-0.018003567274914346,0.18369041295292268,2.913065788098314,0.038154076616457665,0.03618009064308288,34.69586965492022,0.009047717054580927,0.34991105814512025,75.84573748308524,0.03110200200223726,0.16391235152389336,82.99086757990868,0.041780215753037475,0.0637695286738931,80.61349693251533,0.04065099104132266,114.99190430558768,128.88888888888889,134.03689866348262,20,0.14208769784885825,0.4299999999999997,0.29999999999999716,1.1999999999999993,6,1,0.19703928890063765
1782,30.2,4.648,277.9056133888951,38.26313964826462,96.79603669612482,394.7066518940678,297.910615197943,87.91390728476821,0.019774241405730645,-0.1259646667739317,-0.3012845412806835,2.497710855952928,0.042362469333345545,0.03469066508841618,38.16335561054677,-0.07440192934052532,-0.4992278145154455,86.55097613882863,0.0419644310226089,-0.4583355318353296,91.1275415896488,0.04267931112329386,0.0578555376265738,85.72834645669292,0.0423865453879818,105.0275482093664,122.0,110.41390129117895,8,0.04878328741965101,0.2124999999999998,0.1999999999999993,0.3000000000000007,0,0,0.13337924701561066
1783,7.095999999999999,2.1000000000000005,240.2436470384332,43.23743789736971,93.64131886425966,393.95183798201964,300.31051911776,90.6515580736544,-0.3986404355697345,-0.07957641863474675,-0.40640150369199785,3.325871609890435,0.04003209223194425,0.04255050440697608,43.46085506234972,-0.09966471874719109,1.0467111457856955,94.02985074626865,0.03930135765540825,-0.873344937027652,95.1086956521739,0.047158851552956696,-1.7419380616011026,83.85826771653544,0.035705415065314966,91.34406263592867,105.0,118.37655016910936,4,0.22836015658982173,0.5250000000000001,0.6000000000000001,0.8000000000000007,2,0,0.22836015658982173
1784,4.6,1.0430000000000001,173.9352734364746,72.07583299598005,91.906636146618,388.81511113617466,296.9084749895567,65.65217391304347,-0.9829250682235368,0.16085514148101504,1.798770883865523,6.3694257858892644,0.0442342211564837,0.04795149918812153,62.796754745037376,-3.2434146422735175,3.4997304568005907,71.91011235955057,0.06275605079403229,2.036361532996234,69.68085106382979,0.05383185623436997,0.4904924941088167,58.46994535519126,0.025569675489381022,127.59170653907496,180.0,129.89355944434425,1,0.017721070352649318,0.10000000000000009,0.10000000000000009,0.10000000000000009,0,0,0.18483076377813223
1785,28.357,3.1999999999999993,164.6276640073556,68.35630040686537,85.13203257007368,394.7454293104004,309.6133967403267,79.7106563161609,-0.05594485557973381,-0.4653770795995631,2.11545307419094,6.184202842658732,0.03705827878030648,0.03145089505450811,37.97014015189671,-0.010156148339775522,2.919929578600056,85.69844789356985,0.037316973175416775,1.5714179374531516,76.95473251028807,0.03400196077047103,1.8242307765915071,76.875,0.03990676864624877,159.71099914440538,168.0,173.45218019754276,10,0.07922172576607403,0.24999999999999983,0.25,0.3999999999999986,0,0,0.10140380898057481
1786,9.6,5.473000000000001,248.65196740174966,72.83045395364125,74.97480710958314,393.78433979201196,318.8095326824288,78.95833333333333,-0.012346248900752527,0.14655183422206505,-1.412350369316456,5.485428349554893,0.035181142714045745,0.029673843093950863,35.23735122043542,-0.2534231875775002,-0.8207589491942929,74.375,0.03262363809906198,-2.28934156570581,84.23529411764706,0.03938068831057055,-0.343436231549089,75.34883720930233,0.030686233868798162,87.57380747031115,101.53846153846153,106.68390851046634,4,0.1791282425529092,0.6750000000000002,0.7,1.0,3,0,0.36309958203410075
1787,25.9,10.384999999999998,222.93702214544658,68.19725204465036,71.92921747285573,395.0579385114223,323.1287210385666,78.84169884169884,0.026260604401183094,-0.168157888109826,-2.220158044589112,5.790648233304268,0.014952292012264692,0.016465935446694807,30.894530650076124,0.47861135496391494,-2.562755149717803,83.95061728395062,0.0058971051024392365,-2.215230379114247,77.27727727727728,0.014014679169274914,-1.831748089096037,75.54417413572344,0.02554304313531899,143.86109962794544,163.125,181.34445023449717,10,0.20669698222405963,0.7500000000000003,0.6500000000000017,2.1000000000000005,6,3,0.28620642138624774
1789,13.1,1.790000000000001,159.31427607825694,77.49326047553703,78.66424205092683,391.112959396443,312.4487173455162,73.20610687022901,-0.2676682721513833,-1.145616002927007,3.498229347557321,6.951510251088339,0.03310236190019433,0.02767977413671273,58.570848545090044,-0.3274955845353889,5.445453480580123,73.1266149870801,0.03054755358764204,2.641791346704566,76.68067226890756,0.0346809028075473,2.731462275743183,69.57494407158836,0.03363329108376867,128.94560107454666,147.69230769230768,133.42599027102153,2,0.03357958361316325,0.25000000000000044,0.25000000000000044,0.3000000000000007,0,0,0.1202149093351243
1790,18.299999999999997,1.9720000000000013,196.50310076231688,70.1209922863962,71.81439624380874,395.00860209321934,323.1942058494106,83.44262295081967,-0.0802063967993392,-0.08059162478443122,1.804835100273696,5.534494532865781,0.03474873135625911,0.03417174160242256,37.75199063471944,-0.10155625425098849,2.7753105760365853,83.4983498349835,0.0388968566513857,1.2362214993305105,87.8048780487805,0.03401560547696104,1.4373313775933654,78.34507042253522,0.03116979939846478,136.1483820047356,153.33333333333334,137.5049820645676,2,0.009865824782951909,0.10000000000000053,0.10000000000000053,0.10000000000000142,0,0,0.09727703235990535
1792,11.099999999999998,3.4250000000000025,216.11047428137886,29.861771703415947,88.92528841500123,389.6644646650249,300.73917625002366,79.90990990990991,-0.017355252271499085,-1.0501488654662543,0.13970540070690296,2.318827883912308,0.03795424487939666,0.03529002773840984,34.46061384499717,0.08667145819523278,0.3032681950708067,73.49397590361446,0.034464704692456404,-0.08380767535625905,85.84905660377359,0.04347813512164254,0.28407286587204206,80.44280442804428,0.034622201648543405,144.57831325301206,175.0,161.22840690978887,3,0.10327022375215159,0.5000000000000006,0.6000000000000005,0.8000000000000007,2,0,0.23580034423407933
1793,17.6,4.264999999999997,182.96242254335843,42.191047055340206,108.03942234265433,394.29251843239996,286.2530960897456,89.77272727272727,0.003207908893812701,-0.11487079237524987,0.8067751489977018,3.2600787027800964,0.04406879629321945,0.03511286327908054,37.040867960089116,-0.08517453554616562,0.5226163170472757,86.44067796610169,0.04219968501638885,1.1025196631093865,90.0163666121113,0.04603881491710217,0.7998532342061504,93.8,0.04408753997216092,156.4143608506746,180.0,178.4503000260892,10,0.12348502172421666,0.2699999999999997,0.2999999999999998,0.5,0,0,0.19506059913103121
1795,26.599999999999994,3.912000000000006,195.65545906300898,67.29563595570927,73.34579963697708,394.72303304483904,321.377233407862,62.36842105263158,-0.051040109001955956,0.42275135892274546,-0.6723881562049119,5.84549905027051,0.018052482516070428,0.019860953526568498,29.430460884530184,-0.22342484305447904,0.38571583421018074,68.1472081218274,0.023892286263461935,-1.2561003271981774,64.61704422869471,0.01730848357513595,-1.0902815642889252,55.34391534391534,0.013923266309991297,141.5836392239119,160.0,157.59521377498908,12,0.10159937073938137,0.2583333333333337,0.1999999999999993,0.8999999999999999,1,0,0.1282118510749871
1796,32.4,4.8770000000000024,164.9703026928707,70.11738077929726,83.564866030085,394.42617839592856,310.86131236584356,80.12345679012346,-0.05779667772972043,-0.23775949706310245,1.509905764147842,6.073139738536075,0.03606907281898971,0.03008517032150298,38.77015627236729,0.05411112830409417,2.075301359043254,78.15764482431149,0.03259855551543637,1.7819131971682545,83.65650969529086,0.03646247239277229,0.6889607711658147,78.53260869565217,0.038991060494834875,165.7858733267162,171.66666666666666,185.1574437486892,16,0.10462215307025775,0.24374999999999988,0.20000000000000107,0.40000000000000213,0,0,0.1308313437240122
1797,36.699999999999996,3.007000000000005,191.60443247592158,64.69920033489001,81.09075089019132,394.9862731279069,313.89552223771557,84.25068119891009,0.02570980611346833,0.388605788857081,1.6371586895184103,5.237843732503277,0.03876861697760196,0.03587456535750639,39.11038482614789,0.023233202792712168,1.105092990346831,84.06862745098039,0.03726641401101362,2.114332899404853,82.26059654631084,0.03582714750179369,1.683874977682511,86.60409556313994,0.043528367253653194,155.64006346488026,162.6315789473684,161.7504645745544,7,0.03777671443322337,0.21428571428571436,0.10000000000000009,0.5,0,0,0.07572972020046856
1799,11.4,2.811,190.6887364226009,53.47775909810434,102.2308772831994,391.60949760437995,289.37862032118056,89.64912280701755,-0.030667542242903325,-0.49802460412517235,1.4418486408418234,3.9988022580049805,0.03641148445289917,0.030105765293758285,37.719162641429534,0.03241175155817971,1.2237848366520485,87.76041666666667,0.03524938212212916,2.104721469742202,89.28571428571429,0.039068488121740644,1.0475537314510754,91.83673469387755,0.03508265271707617,126.6624445851805,138.46153846153845,139.41600185888004,5,0.09147843220040815,0.26000000000000006,0.20000000000000018,0.5,0,0,0.1978045176271902
1800,33.800000000000004,8.283999999999999,209.03964634113538,66.78260926450653,65.99849935338983,394.173870293944,328.17537094055416,83.69822485207101,-0.009957968685712604,0.2535069247073829,-2.2667313711254624,5.8779666625795075,0.027248540862102492,0.027634820128207442,34.077687251308106,0.3683766028034201,-2.4307319939579295,80.81671415004749,0.01293056320199553,-1.692352179803498,85.58409279204639,0.03447352003164654,-2.7469103918716637,84.375,0.03292379141429264,128.3147989734816,138.46153846153845,149.237231925713,13,0.14019579887843353,0.4538461538461536,0.5,0.8000000000000007,5,0,0.1968444064252447
1802,20.399999999999995,3.0320000000000036,210.78807193236963,31.983639311969114,91.58563274528737,394.03575404011036,302.450121294823,84.16666666666667,-0.031303782542711336,0.2198043055417083,0.16140211482498174,2.4588180990361574,0.03330014419244983,0.02807180446240851,29.966060687641058,-0.2377917568435232,0.46103127974806557,89.39873417721519,0.03571459737721991,0.16128577974375824,84.81532147742818,0.03538113655853434,-0.15667749124867206,78.58197932053176,0.02880939879540307,156.19665414817345,174.28571428571428,166.1220043572985,4,0.05974735404574953,0.35000000000000075,0.3500000000000001,0.5,0,0,0.12939569819050886
1803,31.500000000000004,5.959999999999997,170.02974729011837,58.25776637983165,66.58152388742751,392.00772779097116,325.42620390354364,63.714285714285715,-0.004472425173557251,0.24754746383518986,-1.1588368614403748,5.8839887856056,0.022275397301540288,0.022747585986564203,28.578696731250357,0.1500025902864112,-0.5663735115582156,66.12127045235803,0.018003041624914323,-2.137653122484813,61.85752930568079,0.023396367488148356,-0.7417301836683854,63.27345309381238,0.02546484002715508,145.75547250400427,151.66666666666666,163.17991631799163,13,0.10678056593699939,0.3076923076923075,0.3000000000000007,0.6000000000000014,1,0,0.15910304324612912
1804,39.00000000000001,9.117999999999995,216.87982623954335,35.65332147129852,68.6515882150575,393.9451837996947,325.29359558463716,78.53846153846153,0.00382265212612377,-0.00111195845136965,0.031965023739666386,2.78581427561698,0.03664209608676784,0.035095318308713395,36.008120156334435,-0.023492055778757216,-0.23952328640284562,73.04054054054055,0.03103366980034697,0.302757206711834,83.13559322033899,0.047363695246657386,0.059768951580185026,80.7258064516129,0.033133212131310756,99.7547695249179,111.62790697674419,115.89164131537011,19,0.13924103246186442,0.352631578947368,0.20000000000000018,1.8000000000000007,3,1,0.18949249761004186
1805,19.099999999999994,2.5560000000000045,164.6630316764213,80.49809359773941,73.21077581311494,394.49258378621533,321.2818079731004,71.2565445026178,0.044471892174006426,-1.0474921315579648,3.804059047454008,7.102299621711375,0.03588580163623948,0.03424447105209089,63.467514641802424,-0.2611485417120682,3.3779320556386323,72.95373665480427,0.04148412488483323,3.4520201829009682,68.94586894586895,0.03432052892235686,4.543028805672372,72.29102167182663,0.03271639572205357,169.0062800147765,174.28571428571428,178.0502043199066,4,0.05079423716291108,0.2750000000000006,0.2500000000000018,0.39999999999999947,0,0,0.11802733653490971
1806,4.9,1.4739999999999993,210.4522542403453,91.72758426160706,88.72929497502197,393.89278218990137,305.1634872148794,77.14285714285715,0.19776222589472817,3.0307058496245185,1.40629545114283,7.523024400738768,0.039205961253656545,0.04263108034716655,44.36964717294559,-2.264568133878714,1.6283623343337963,73.57512953367876,0.05327759308958015,0.9876461790545888,80.6930693069307,0.03351178162227447,1.9091219434341467,76.84210526315789,0.022725954318982083,160.0251019767807,255.0,186.33540372670808,2,0.14119861939127706,0.44999999999999996,0.44999999999999996,0.7999999999999998,1,0,0.23125196109193588
1808,21.4,4.880000000000003,253.10439417818196,66.82691478885548,103.54644298258508,394.74333632464055,291.1968933420555,72.89719626168224,-0.019171496707921655,0.23989779949734788,-0.8084127351498277,4.78822513181134,0.029111452094549097,0.028630807708481826,35.49731724768587,-0.01485698127093946,-0.886185319550913,78.69822485207101,0.030571767370653275,-0.5279823020775428,69.24939467312349,0.028664019877021416,-1.0694460527287084,71.47335423197492,0.028143436240366405,109.58904109589041,137.14285714285714,114.37648927720413,5,0.04185692541856927,0.2200000000000001,0.2999999999999998,0.3000000000000007,0,0,0.18569254185692552
1809,10.300000000000004,2.604999999999995,241.77805492555953,72.41265890967303,80.90552333326653,394.9128860550066,314.00736272174004,84.15937803692906,0.19319265557456836,0.3384542147724917,-0.33547826022104105,5.743410901885309,0.009312336355833546,0.012204051502959223,47.11194483970628,-1.5318371501874988,-0.432555464970932,83.76068376068376,0.013085883372159239,-1.532117088436808,89.71428571428571,0.01123513616495933,1.23151898883407,78.65853658536585,0.003246548548182663,116.2340178225494,136.36363636363637,135.07429085997293,6,0.139480821387059,0.2999999999999994,0.2999999999999994,0.5,0,0,0.20185974428516043
1810,36.699999999999996,2.145000000000003,159.40911969148854,48.066194830405756,81.61341820253278,394.67190813757065,313.05848993503787,83.78746594005449,-0.02222102895323302,0.06703104809464393,1.5453960497038444,4.198015095632069,0.04286473590523977,0.03821430010548242,31.987933157232785,-0.07089904825495995,1.8008075425844658,86.35983263598327,0.04256188148985621,1.7249020555383483,85.50607287449392,0.04901984906122243,1.086284598017889,79.59677419354838,0.03702630548487266,146.73703179302356,150.0,151.01337925553054,4,0.028317672802162477,0.27500000000000036,0.25,0.40000000000000213,0,0,0.05521946196421684
1811,42.699999999999996,8.213000000000001,290.7313599838606,38.80518316273615,73.76022796917803,394.6831285019698,320.9229005327918,87.02576112412179,-0.01687409943970374,0.003212702042386831,-0.25157162078761824,2.475338552151244,0.04331426733434094,0.03470300195109418,41.294122515341925,0.010788416455562227,-0.06093235322302417,89.51863354037268,0.04219628790326998,0.06080725330335272,84.74132285527178,0.04508744088773331,-0.7433173564658637,87.21649484536083,0.04244284117483419,119.02657474515351,137.72727272727272,128.6269182603528,12,0.07463712607781911,0.31666666666666704,0.2500000000000018,0.8000000000000007,2,0,0.16131439907292836
1812,5.3999999999999995,2.7250000000000005,249.2279762806927,42.752848965576646,88.91260758677596,394.66125475498933,305.7486471682134,88.70370370370371,-0.5404432322034974,0.9838126607408337,-0.18903656869706464,3.3250641228116007,0.04017913192530918,0.03727856053563089,40.468352042671015,-1.8203792783011445,1.619597693812399,96.15384615384616,0.05194165330763615,0.21858364656902363,92.76315789473684,0.05358616495864138,-1.5202747525759446,82.55813953488372,0.026353562930080496,81.23076923076923,94.28571428571429,98.14126394052045,3,0.17230769230769236,0.4666666666666668,0.2999999999999998,1.0,1,0,0.33538461538461545
1813,7.699999999999998,4.657000000000001,263.1121422268033,71.91649078248568,99.15696949391942,395.0440619011507,295.8870924072313,77.14285714285715,0.026529929716727272,1.124126161571621,-1.324020899763054,5.006033845266708,0.035830896733943206,0.035345941551917524,37.790920771520376,0.03157596365463319,-1.6918428459744874,86.42384105960265,0.0394560855850835,0.24297945791669115,74.32432432432432,0.03528944641615607,-2.2916014417628987,68.29268292682927,0.03186908753680652,77.68875940762321,96.0,96.41458270563426,5,0.19422189851905816,0.4800000000000003,0.20000000000000107,1.5,1,1,0.3768714089180223
1814,4.9,2.1279999999999992,241.21410170760808,36.35537788739413,103.35992077914177,392.32815946408897,288.9682386849472,93.46938775510203,-0.20224866921007212,-3.772887972302197,0.19882310013143814,2.6995371755349598,0.03395207419928355,0.03203054798782766,41.304972427230865,-0.22410798958118447,0.6791591791499282,93.71428571428571,0.03488373217329308,0.03134661743325352,94.44444444444444,0.03412660597658142,-0.3732702462073782,90.12345679012346,0.03143502998521721,85.37279453614116,120.0,85.37279453614116,0,0.0,0.0,0.0,0.0,0,0,0.30278884462151384
1816,25.9,3.645000000000003,191.138826985731,68.76108443201692,86.34847945594724,394.82810172003906,308.4796222640918,88.53281853281854,-0.13779339499931656,-0.2907587891084049,1.998717427454366,5.485572494658665,0.037545866142629274,0.03382071491663332,37.53010079281739,-0.12486314368640587,2.843943918825628,92.02453987730061,0.0377483847906553,2.173040837574637,89.23857868020305,0.03466476097263115,0.8132503400685753,84.0506329113924,0.04092920271770134,164.49483838212893,180.0,171.4588110777915,6,0.04061600947706897,0.20000000000000048,0.20000000000000107,0.3000000000000007,0,0,0.12337112878659681
1819,7.2,2.832,190.24374739350068,54.127113269810664,89.01547732632265,392.8308574191568,303.8153800928342,89.72222222222223,-0.3250070120504621,-0.8433389941395887,1.256777555239114,3.99943108096948,0.03203348760341969,0.03149783084677021,43.83702786755713,-0.8859286358193069,2.561106504643354,90.0,0.034387102770465965,0.9946190896588559,91.39784946236558,0.032466375101839244,0.5468237296702088,87.64940239043824,0.029770688823348577,119.61722488038278,133.33333333333334,144.0230436869899,6,0.16945773524720892,0.28333333333333327,0.30000000000000027,0.40000000000000036,0,0,0.2822966507177033
1820,24.6,3.6129999999999995,157.0595180349706,72.5484917001345,81.77582160782012,394.900179382096,313.12435777427584,65.8130081300813,0.030531649255866967,-0.3093722745470592,3.8996283333099906,6.836895708433507,0.03453062052481623,0.03521148374656171,62.61869664070765,-0.06853252061753522,3.5414329965961215,66.66666666666667,0.03462198215633248,3.9481243272430016,66.45367412140575,0.03279604554563184,4.144284863169321,64.4047619047619,0.036395559375282376,161.62761847375322,198.2608695652174,173.95948575134474,6,0.07088930634813738,0.3333333333333333,0.3500000000000014,0.5,0,0,0.12806153191791017
1821,44.9,11.995000000000005,218.45822124710892,33.81866871697265,66.85057261232903,394.1787393897767,327.3281667774477,82.60579064587972,-0.014417030100313524,-0.03851691006483916,-0.03662336336324695,2.679425465025499,0.041119094604792655,0.037785556295988745,35.59157072027619,0.028941720488832298,0.08734940591268264,83.60902255639098,0.03634509284047254,0.16190852836312467,83.50898946063236,0.042197737945105895,-0.3608475054354521,80.80155138978668,0.04409877827552343,112.83944107566569,145.9090909090909,134.60530453925986,14,0.1617013797345988,0.6571428571428571,0.2999999999999998,3.3000000000000007,5,2,0.21082696194744713
1822,16.8,3.184000000000001,216.67621117365994,36.51196916990297,72.08250728447757,393.6524750575175,321.56996777303993,78.39285714285714,-0.011081859067226975,0.4335101311851953,0.37360361294230154,2.6994264730151354,0.03107778046629978,0.027124588773768978,29.003098440700704,-0.27215071890892395,0.5036691021733961,82.30912476722533,0.03317421316589681,0.3438587627689325,77.39273927392739,0.03278913073386857,0.2663656535609377,75.60521415270019,0.027050820430176398,135.10808646917533,158.8235294117647,141.47977363236217,4,0.04503602882305837,0.22499999999999964,0.1999999999999993,0.3999999999999986,0,0,0.1593274619695757
1823,41.5,3.9010000000000034,290.7743553201359,41.83512739057332,90.39850296519003,394.7627515817744,304.3642486165844,90.0,-0.010674569656127498,-0.07472705612265274,-0.39365425726458586,2.7078429797922845,0.04353696253886797,0.034045962168824474,39.238939247252674,0.005319142203832993,-0.30628424875160415,93.00595238095238,0.04344900032780176,-0.30485899798003624,86.08282416836389,0.04013566730951587,-0.5759097210394718,91.29782445611403,0.047384171154403305,111.0107706878703,120.0,116.39454054178887,9,0.04625448778661258,0.2333333333333331,0.20000000000000284,0.5,0,0,0.0859232175502743
1824,2.8000000000000003,4.254,257.20487969830054,75.45629444395888,102.23203209993187,393.5692620288522,291.33722992892035,72.5,0.5605467654623503,,-0.8482410668236152,5.792856118399965,0.003613917139345511,0.008494950299621263,48.9962953463631,-9.609934400869367,-1.1622843697110878,85.61643835616438,0.005853708714235506,-0.3449665429654857,58.208955223880594,0.0012082150774266277,,,,59.54068613552594,140.0,59.54068613552594,0,0.0,0.0,0.0,0.0,0,0,0.603062092429827
1825,5.369999999999999,0.9000000000000004,193.74034053578103,75.0576904667728,86.42995644863332,392.75074793861046,306.3207914899771,74.6268656716418,-0.949704284904484,-4.031922957433502,0.14838744600461928,6.723451741190834,0.027017282932045077,0.028414981235836106,47.159217188962984,-4.012245740717217,1.6217550502873315,88.8268156424581,0.03572872853931014,0.024260961748939686,71.85929648241206,0.03219502950498265,-2.0609529808564933,62.0253164556962,0.010626647921190497,162.6794258373206,255.0,179.8941798941799,2,0.09569377990430625,0.30000000000000004,0.30000000000000004,0.5,0,0,0.14354066985645939
1826,27.299999999999997,3.4470000000000027,158.64391215701514,72.5866034662446,79.15597498830346,393.6524833035637,314.49650831526026,83.11355311355312,0.00833217173313123,-0.05602728794738006,2.354861002121094,6.140094827747578,0.03594791222638451,0.030638468486797833,39.722744295950896,-0.03566291750566666,2.245368692915374,87.10382513661202,0.03466393725489583,2.0150431821944896,78.48648648648648,0.03357241028804164,2.802546133091166,83.82022471910112,0.039736874464451115,144.4043321299639,148.0,156.63033125198433,10,0.0780563957459264,0.2399999999999999,0.20000000000000018,0.5,0,0,0.11210849839008692
1827,19.499999999999996,6.701000000000004,227.70429955516965,65.40887944568672,68.32950670739777,394.9814289001414,326.65192219274365,84.15384615384616,-0.03372786191369092,-0.2428707669935129,-1.800066271507375,5.379853018079847,0.02009054641768228,0.02273226311597882,31.08530847258833,0.5946025275085098,-1.686198955587483,88.33333333333333,0.00919618745841375,-1.557989085516221,83.75165125495377,0.017174404817309228,-2.192125980209601,81.16385911179174,0.03248024477830617,174.0391588107324,228.0,201.76098402725543,8,0.1373993359032099,0.4500000000000004,0.40000000000000124,0.7999999999999998,3,0,0.25575359719094704
1828,20.9,2.402000000000001,180.3685320199808,59.46284459043528,86.09438779149804,388.8572778094722,302.76289001797414,64.71996170416467,-0.016020021980793293,0.1976589489910102,-1.4086563996098393,5.786890294014296,0.020366938820204267,0.022360382901103055,29.053177242635087,-0.20599857034737173,-1.3917697155920927,68.85007278020379,0.022937925740242393,-1.8958191280385395,65.6121045392022,0.024550185365376193,-0.8504742605051231,59.55555555555556,0.013244734001824727,113.2949961376706,120.0,123.35295766750772,7,0.0815380654021115,0.27142857142857174,0.3000000000000007,0.40000000000000036,0,0,0.10308128057677457
1829,10.7,1.4740000000000002,158.0938278329657,53.69855676475876,86.70966057211587,394.8132459323848,308.10358536026894,88.69158878504673,-0.14246401202728362,0.7207891928881974,1.6345964230702212,4.493245762471844,0.0397058529910939,0.0328595559100171,29.3857180764736,0.12399969469544594,2.1487610447058194,94.3452380952381,0.03596752561763519,1.846046754471351,83.74384236453201,0.03823340341799155,0.8302015678138208,89.02439024390245,0.04535796434524535,152.78462296697882,186.0,154.0500248467782,1,0.008214227041235391,0.09999999999999964,0.09999999999999964,0.09999999999999964,0,0,0.12107770658781011
1830,47.7,5.302999999999997,286.1407857901317,40.988148218279385,98.55486191084043,394.3815738881148,295.8267119772744,92.38993710691824,-0.01171099330908506,-0.13389554100799728,-0.40338259886608197,2.659372543478909,0.047447534596011046,0.03466497103931057,35.03398316284077,0.0008539681827653724,-0.3094048069307974,91.24920735573875,0.04466551069946857,-0.4644062597384121,91.44451332920025,0.04864793767822231,-0.43367338440405095,94.49367088607595,0.048998801376543145,126.7852763051148,131.76470588235293,135.2031064523268,11,0.06226062675697598,0.2999999999999998,0.1999999999999993,0.8000000000000007,1,0,0.10005094051280111
1831,23.6,3.0189999999999984,170.02172845690825,50.992561421969086,91.61951929245342,394.51947004595314,302.89995075349975,91.18644067796609,-0.0021233957396429243,-0.05106702302782852,1.7274569682071188,4.426146473682376,0.04138214744898667,0.037465848406145134,30.16567474815258,-0.1705799992301086,1.4738496822405343,94.71544715447155,0.042056557820484,2.297836020319214,90.82007343941248,0.05362123256463338,1.3815360627548936,88.32298136645963,0.02834233702209422,121.71757015665503,154.28571428571428,130.5451468632902,6,0.06762087230925275,0.2999999999999998,0.25,0.5999999999999996,1,0,0.11341522972313003
1832,24.6,5.285,158.86469272072102,49.541896385872136,65.43659095030756,393.3802802885169,327.9436893382093,61.86991869918699,0.09752220133983203,0.3080961416418077,0.2166050129882971,5.124857340991178,0.02074284374940578,0.0179934451864206,26.737499415355458,0.02473713790573478,-0.21349449610556043,62.75115919629057,0.019036296957178636,-0.6700352148354352,61.702127659574465,0.023052607890376275,1.289747436584416,61.42709410548087,0.01985976101970229,108.41559310690981,111.72413793103448,128.13921297211783,10,0.15392337292956323,0.4599999999999998,0.24999999999999956,1.7,3,1,0.17684457085494396
1834,13.074,2.5999999999999996,234.5749952738662,77.03232187779109,91.3129926058319,394.30195184432273,302.98895923849085,78.79019908116386,-0.12440349864666243,0.4947253909994835,-1.1313729782173436,6.226062532463763,0.006453968962910028,0.011093897712588906,53.443876154401536,0.5453284417828484,-0.7876200207805671,86.22589531680441,0.005215591807899356,-0.6815006800301527,79.25311203319502,0.005026386063423076,-1.9680373302688947,72.45119305856834,0.008921704027598933,141.63583003700396,158.57142857142858,158.86646629454702,5,0.1084598698481562,0.34,0.40000000000000036,0.5,0,0,0.16587980094423885
1835,7.364000000000001,1.0999999999999996,205.53759055433417,87.82579312726371,87.26010199922415,394.9291557563617,307.66905375713753,77.55102040816327,0.30898342431460435,-1.0544136458380913,1.100847276580057,7.284253191617854,0.03358598174623011,0.03531989601943712,46.50724354613046,-1.2121361139069409,-0.8247925571573634,77.33990147783251,0.045351287794261924,2.8913835269625148,80.91603053435115,0.028055365738876393,0.7164282159616193,74.44444444444444,0.030171019480421245,141.77693761814743,171.42857142857142,146.98677119059283,2,0.03544423440453684,0.1499999999999999,0.1499999999999999,0.20000000000000018,0,0,0.12996219281663512
1836,19.400000000000002,5.520999999999997,240.1513946504556,68.21180353799362,66.08448111920559,395.00064128668873,328.91616016748316,78.81443298969072,-0.08508124399946145,0.19818308678094806,1.071825010743214,4.898730937857428,0.03731632294704011,0.03241477876389224,37.70580238172887,-0.13639236587569814,1.5977117443694726,87.1401151631478,0.0400878395683659,1.233544467625066,78.65168539325843,0.03721274297385185,0.306351224446836,72.00647249190939,0.03511406954706124,103.52714578066691,117.27272727272727,123.32106495865399,4,0.16050720276072386,0.9999999999999998,0.6499999999999995,2.5000000000000004,2,1,0.22154006661048903
1837,22.999999999999996,7.433000000000003,215.61362914127315,64.23959061912647,88.06219831221983,391.5991226632717,303.5369243510519,81.86956521739131,-0.03786825936024192,0.31830808661937715,-2.2457222098722602,5.436749910034266,0.021178966404225865,0.02417040029391939,32.83449507670944,0.46438935502638856,-1.6485436881201752,82.80254777070064,0.008932821534612553,-2.315267049503711,82.66666666666667,0.023084169228079373,-2.8641186862973185,79.85507246376811,0.03283321479983065,136.03653928301514,147.85714285714286,164.72367007519998,8,0.17415305753622726,0.6625000000000005,0.7500000000000009,1.3000000000000007,6,1,0.24424144842769374
1838,44.17499999999999,10.500000000000007,213.94789134779955,35.883463234777274,66.87350846637035,394.4015864322974,327.528077965927,78.6911231884058,-0.0025442845785119176,-0.054059045736684824,-0.07261565714716207,2.912561073653661,0.03363930034709277,0.03429610972726596,36.002532997390354,0.02771412067580507,-0.05121694644480113,77.29508196721312,0.030397449786868282,-0.16781626135759803,80.96866096866097,0.03288866336409937,0.030985669937179088,77.09923664122137,0.03729562877193833,94.37585733882031,132.30769230769232,109.84566258648219,21,0.14083219021490637,0.3666666666666669,0.3999999999999986,1.0,5,0,0.19204389574759959
1839,27.400000000000002,1.8839999999999968,178.65011144147513,88.80292897210856,66.51546617340513,394.04359265750276,327.52812648409764,72.91970802919708,0.1376917903955916,-0.04476811696493416,4.102045703067675,7.659536354491927,0.03804820253859134,0.03519992224362964,53.73141493442441,-0.09685414123299328,2.521776318918466,74.56242707117853,0.03572157207893,4.320857078599438,69.8744769874477,0.03955934000402521,5.351866452150346,74.54153182308522,0.03863659209527947,161.86313345171425,175.55555555555554,165.24891925812298,3,0.020489004234394106,0.19999999999999898,0.1999999999999993,0.2999999999999998,0,0,0.0643354732959977
1840,5.383,0.5999999999999996,245.205979970093,46.23187669552908,104.15217285234402,394.1691275076472,290.01695465530315,89.75791433891993,-0.11545253333457062,2.5985403351200986,0.567405472539773,3.340571674644197,0.030744878168914615,0.03002178711513264,38.915949556429915,-2.029032304238897,1.2726328818298578,97.33333333333333,0.04374586613829166,0.053182183178750835,95.47738693467336,0.02922539850059989,0.5313727548838949,77.65957446808511,0.021980134863532022,110.31255223132209,132.0,112.18765935747068,1,0.01671402306535177,0.09999999999999964,0.09999999999999964,0.09999999999999964,0,0,0.10028413839211092
1841,32.2,3.613999999999997,212.24414538329785,34.879727054123556,74.77803118350525,390.395982283928,315.6179511004227,82.20496894409938,-0.005927121711139557,-0.06549536583672153,0.09593352431827767,2.794065955446673,0.03449588496497436,0.03195067222860688,30.243427805418023,-0.08572525455603806,0.12259550780562682,81.2937062937063,0.03522380079888263,0.04142720546479858,84.87084870848709,0.03814061120260892,0.12774051139728146,80.34274193548387,0.029673688437164975,142.4024124643994,150.0,150.38037388689037,6,0.05305187915340376,0.31666666666666704,0.3500000000000014,0.5,0,0,0.10091025855810569
1843,11.999000000000002,3.099999999999998,190.5985415668934,43.440138599056816,98.06452512460226,374.79270336363106,276.7281782390288,90.15025041736226,-0.05658635700295511,-0.354836255421153,1.0689538945951507,3.394590160955111,0.036686992580637984,0.028724832779059916,35.851400531243975,-0.30080748797588325,1.3593926820567486,94.3069306930693,0.03958872244418669,1.171211755161284,84.86997635933807,0.03492228001925068,0.6355193358712956,91.64420485175202,0.03554230050696368,119.21319292668389,138.46153846153845,144.0115209216737,7,0.17219683422743218,0.37142857142857116,0.40000000000000036,0.5000000000000004,1,0,0.20531161004039988
1845,24.0,3.4029999999999987,184.44154964193984,60.29290600268615,86.96934103197992,395.00152837557016,308.03218734359024,83.91666666666666,-0.06303043588514996,-0.15497871623777632,2.0597333840283296,4.980013590912931,0.03416230069246456,0.03472211739287118,38.514084807896,-0.06965477366087834,2.6217121025472845,83.7378640776699,0.03338531430346923,2.1939208965710733,86.87727825030376,0.03864478479622109,1.2654650962678355,80.87649402390439,0.030113366253076142,159.83651425026457,175.2,174.481137712624,8,0.0839324161588147,0.28749999999999987,0.2499999999999991,0.5,0,0,0.1241834835601941
1846,35.6,6.509999999999998,178.49006104519222,78.63988048645325,70.7831359235146,394.95153826012665,324.1684023366121,82.33146067415731,0.036108164980551014,-0.08334601577230032,1.1084209347176495,6.856873827648204,0.03517719743633477,0.03068384241196512,40.78221269991168,-0.10848302565033813,0.8400373036556251,82.42481203007519,0.03955249644143059,0.5203691580360308,82.02247191011236,0.035045058294051364,1.9188486093397517,82.56,0.031584659220225283,152.45784849204463,160.5,174.40912795436023,21,0.1258608406554262,0.25238095238095226,0.20000000000000284,0.5,0,0,0.1545951080503443
1849,43.39999999999999,11.562000000000012,188.33873213933606,54.34785428193638,66.17644146913155,391.8642984150572,325.68785694592566,71.58986175115207,-0.025536573999136083,-0.05733528408010937,-0.44438109170087725,5.115751888086687,0.03012422631049382,0.02893627456895205,32.1553852981389,0.040157487572307665,0.20801244154325985,72.72727272727273,0.026556508276547666,-1.0521633480040498,69.74459724950884,0.030471771832553254,-0.49229378741548163,72.44444444444444,0.03359456276080675,118.99130308212946,125.76923076923077,142.6017181980725,24,0.16556893853935453,0.3791666666666669,0.3000000000000025,0.8000000000000043,8,0,0.21036352388923277
1850,18.900000000000002,2.860999999999997,233.2131799894542,91.22279578567861,84.00170804947517,394.34116656440494,310.3394585149298,76.82539682539684,-0.2234567421814857,1.1936098201581902,-2.233802038906372,7.522164855955873,0.03261784164026389,0.03282535387881302,64.7080540489818,-0.3744524346440574,-0.9534421558910097,86.03351955307262,0.039351837726050665,-2.4487412289393506,72.88888888888889,0.03198211304656453,-4.219126476235553,68.937875751503,0.023815387939509852,157.1618951334957,201.1764705882353,166.33432226059043,5,0.055144524608244,0.2399999999999995,0.29999999999999893,0.3999999999999986,0,0,0.1314737374201552
1851,6.800000000000001,2.4739999999999984,263.6204471007596,79.45593689173498,141.0697720725851,391.83322661054166,250.76345453795656,84.11764705882354,-0.5309640350685708,-5.017304713851745,0.33400730786894645,5.409191413517903,0.028259825080191908,0.0297791087793086,37.04692183432168,-3.6060342804739873,0.5833553736969878,95.29411764705883,0.05100201353496806,0.9765151864541148,83.1715210355987,0.028332195100727754,-1.0092535513502097,76.11940298507463,0.009026668089031305,103.51520379555748,137.14285714285714,104.64355788096796,1,0.010782833728703962,0.10000000000000053,0.10000000000000053,0.10000000000000053,0,0,0.2667673064481344
1852,40.40000000000001,3.9039999999999893,256.90416129353,60.61081980989548,83.653709191458,394.6049218034021,310.9512126119441,79.15841584158416,0.015177460810667062,0.05176201842867917,-1.93035085458723,4.730544717485467,0.037311579507181204,0.04081140346234841,43.97962168919193,-0.16843111648523035,-2.180999419710226,79.73664959765911,0.03617467270712543,-1.5526785342649208,81.63862472567666,0.04701550974360545,-2.0798219972239558,75.95712098009189,0.028344411790859825,173.3477789815818,182.85714285714286,186.38967090573723,9,0.06997110870350282,0.3444444444444432,0.3000000000000007,0.5999999999999996,1,0,0.08811845431563717
1853,14.0,0.6549999999999994,218.55634522081817,49.577407495137905,95.94250580840641,392.2840670946096,296.3415612862032,74.64285714285714,0.11465442658449686,-0.46055574974313934,0.7775306891436198,3.5474369761314097,0.02962180518730371,0.02779532470894482,27.738340807532765,-0.1056350481971002,0.15679175095222886,74.16481069042317,0.023939173864198183,0.809985141362964,79.50819672131148,0.03798637165526713,1.3766471674048164,69.97840172786177,0.026316390560323647,167.86079836233367,189.23076923076923,167.86079836233367,0,0.0,0.0,0.0,0.0,0,0,0.04469464346639368
1854,38.29999999999999,14.28500000000001,153.83154055768307,62.868736891407735,66.60246606946595,394.6510043893229,328.04853831985696,63.02872062663185,-0.029190767544063984,0.044317029629775365,-2.796901266974576,6.628089575998309,0.016848671512175284,0.014151773222332976,22.432577463889917,0.03455966142566332,-2.2075338053505282,65.57692307692308,0.01596690267873676,-2.936836676653086,62.79683377308707,0.015887726829469553,-3.141427034684394,61.224489795918366,0.018711961720776493,116.38299895407435,139.0909090909091,148.23785878648422,19,0.21489017780735975,0.5947368421052639,0.40000000000000213,2.8000000000000007,6,3,0.27165541504231266
1856,37.8,1.9849999999999994,146.67913831034346,68.62925888314177,66.52140006856727,393.74581151052007,327.2244114419528,57.24867724867725,-0.005857070700383548,-0.11272023423383674,2.431636766981982,6.603685229213074,0.03042011344140347,0.02614793558279905,60.09512741710067,0.025302923044978005,3.2563598999152976,58.045492839090144,0.029756109643022527,1.1897454319647558,57.503828483920365,0.03257398348480126,2.9349878084279517,56.25485625485626,0.028844666944246432,165.89166771396256,169.23076923076923,169.73125884016977,5,0.02262159105190404,0.18000000000000044,0.1999999999999993,0.3000000000000007,0,0,0.049893175820032665
1857,38.9,8.198999999999998,273.8396163234926,58.930584588012124,89.80729747109115,394.9313554162783,305.12405794518713,78.53470437017995,-0.015230119398215416,-0.05720771104844391,0.31456512381152335,3.7277820505475847,0.037787417213439256,0.0386583536882704,35.902589007803236,-0.004813837392534114,0.6635468444922731,81.70370370370371,0.03419405876351642,-0.058006291985455476,77.30496453900709,0.03721299028749117,0.33913125525913346,76.28318584070796,0.04279713037537076,143.95210089386188,157.67441860465115,159.90943182622235,13,0.09978980445444703,0.36153846153846153,0.2999999999999998,0.8000000000000043,3,0,0.17408012908978956
1858,51.86,1.2999999999999972,258.6917001197036,79.01677403177557,71.70516826994455,394.6543192120601,322.9491509421156,84.20443587270974,-0.024588031847022976,-0.14920053713526754,-2.4100734710725265,5.904310405278565,0.03656543140676222,0.03358530885256986,40.91001057566916,-0.011605237899037396,-1.9037298934346467,83.88822829964329,0.038078577287774404,-2.4262363765391317,84.81941309255079,0.03558963945957938,-2.8853888575262054,83.88214904679376,0.036094022948382945,160.27088036117382,167.05882352941177,161.48597422289615,3,0.007524454477050388,0.13333333333333286,0.10000000000000142,0.20000000000000284,0,0,0.024454477050413793
1859,18.1,3.1899999999999977,157.0463585167487,47.45828881828913,68.28582856997951,393.75023155525776,325.46440298527824,76.96132596685082,-0.04645904004583059,-0.14102260106907918,1.1827410886854286,4.430770409005068,0.03665139943607487,0.029875912720514514,35.77627808620359,0.06938077038653355,1.5381975014595604,77.93103448275862,0.03251505384174924,0.9326923999498429,74.39393939393939,0.03839569050174098,1.0985357722304616,78.94736842105263,0.038840607052512154,112.72898074213246,126.3157894736842,119.46241911398708,5,0.05636449037106628,0.2400000000000002,0.1999999999999993,0.5,0,0,0.14983560356975095
1860,55.800000000000004,4.360999999999997,168.64886612151972,68.22996754863657,69.92081365092758,394.60673482376734,324.68592117283976,70.73476702508961,-0.018457464959412133,-0.012087570110558693,2.945250414606294,5.915030145685949,0.02872720316534064,0.024114220983782946,25.424445294464583,-0.022973078951552275,3.3043049591209925,71.32579650565262,0.027905206684230584,2.8768581063216843,67.17086834733894,0.029031321266068253,2.639099436552504,73.55327203893997,0.029298730662604786,195.47547414437923,210.0,205.7346792393415,12,0.049866192383770096,0.24999999999999942,0.20000000000000284,0.6999999999999957,1,0,0.07248882166187393
1862,13.900000000000002,2.6099999999999994,159.97475757613375,38.720965718261546,88.07809769476883,378.11978626335764,290.0416885685888,82.5179856115108,-0.12028199282188738,0.1303897597460878,0.8508874160073945,3.484549335891691,0.040406394030212206,0.03424519736249357,42.88015957951327,-0.49931574341736645,1.3406221763006456,87.04883227176221,0.03850080827733781,1.2593161115103073,82.29166666666667,0.04551304303210477,-0.20794470809752852,77.90432801822324,0.036867303753891974,196.24470018170803,216.0,220.25832766825286,6,0.10902483343428217,0.29999999999999977,0.2999999999999994,0.40000000000000036,0,0,0.15808600847970922
1863,11.9,6.647999999999998,143.48128271147647,37.220493995009846,66.24021013918703,386.82428273568087,320.58407259649385,70.67226890756302,0.17665886101914705,0.5533510929282556,1.5327113732976068,3.8395286095041996,0.020005050320616426,0.01669206350068944,21.67947255334214,0.17368115646192778,0.8195165446609682,77.19298245614036,0.015350873953517481,1.3366709187154173,70.86614173228347,0.024199419805891204,2.569193996709301,64.14634146341463,0.020636663970818356,119.68945438861334,130.58823529411765,156.91263782866838,8,0.23722234203148582,0.5499999999999998,0.5,1.0999999999999996,4,1,0.3584213931421177
1864,4.951000000000001,0.29999999999999893,216.97231639661206,75.90286620664729,106.07245000011453,394.7692914506447,288.69684145053014,86.63967611336032,-1.0663098622748337,-7.686975667220014,-0.10696629964605225,6.067015869675566,0.04042170632143331,0.03709892566445146,41.67560128697916,-1.2398991420823415,1.2553961911018356,82.53012048192771,0.02980537364547417,-0.1363107351804717,97.71428571428571,0.06270977835587827,-1.620514322613343,78.43137254901961,0.026468993889650117,205.6751095029518,270.0,213.81904573351807,1,0.03808798324128724,0.1999999999999993,0.1999999999999993,0.1999999999999993,0,0,0.057131974861930855
1865,6.199999999999999,2.761000000000001,164.0766137450298,61.84504860022725,86.46381253591885,383.03348900316865,296.5696764672498,75.16129032258064,-0.10972235638832324,-1.9053646609682415,0.9325049360215686,5.688023281434029,0.0465557038756427,0.04545294878775739,63.46042814922069,-1.1868756720918283,0.8683696050783325,74.84276729559748,0.0727791196807681,1.1551436541858182,82.15613382899629,0.04361739545047492,0.6025759492592351,65.625,0.028956130195201008,100.4352192835621,128.57142857142858,106.37040538943387,2,0.05579734404642344,0.2500000000000002,0.2500000000000002,0.30000000000000027,0,0,0.30811293382435007
1866,25.2,3.6660000000000004,180.742734437385,56.663397103373754,71.61390103940381,393.84734979442453,322.23344875502073,59.36507936507937,-0.008453933719818134,0.7093306874874622,-0.7358128791555976,5.357776942788436,0.012595292353781352,0.01388924197899664,26.320635614680445,0.07973305375365743,-0.07608683646962873,65.27590847913862,0.01406407245776753,-1.1253208340160676,54.82062780269058,0.009400605576468355,-0.983892842327868,58.983050847457626,0.01458740586223644,120.55705674495947,128.88888888888889,129.53175016749793,10,0.06928566479595365,0.1999999999999998,0.1999999999999993,0.40000000000000213,0,0,0.12700062357098318
1867,39.79999999999999,7.27300000000001,219.96286961399113,38.06682310267627,68.77886193515101,393.15155680487635,324.37269486972536,77.1105527638191,-0.004210667160267901,-0.08951327373500133,0.27799550499406844,2.920340534060486,0.03654721780943476,0.04041334110727613,36.54419546738251,0.028963249107592615,0.4233115186482765,76.74603174603175,0.034133373986304186,-0.024890001587839328,77.17241379310344,0.03372719599023434,0.4798350743343896,77.4015748031496,0.04216208476453808,107.06774584156523,120.0,117.28294510506599,7,0.08709876149809889,0.5857142857142871,0.5,1.8999999999999995,3,1,0.15450470545748116
1868,16.3,2.718,241.84941339995905,72.26103135175131,87.87791698223722,394.1612944967171,306.28337751447987,80.42944785276075,-0.1341062867487093,-0.5514748910038991,-0.3572048049017908,5.326269924375565,0.03367737672948297,0.031027262503232404,37.240935580343255,-0.08512149750637947,0.06292169028010247,81.46551724137932,0.036910754860264454,-0.1966323976502924,85.8044164037855,0.03239690365831336,-0.9900048170446462,73.1203007518797,0.03238326483933055,107.26679987380376,127.5,110.16308456636786,3,0.026290882322010725,0.16666666666666666,0.20000000000000018,0.20000000000000018,0,0,0.1429172363024503
1869,39.8,4.4780000000000015,196.35566730573646,64.63007118904667,66.02595715321459,394.9569550581838,328.9309979049692,85.27638190954774,-0.011854894678732261,-0.3308161880524423,0.9989704867037789,5.178271504082454,0.03902251930801937,0.035453089687928575,38.73097627954848,0.01713878649625742,0.7236171248265849,86.7965367965368,0.03568720415387198,1.46656523106619,83.24175824175825,0.04278605003373171,0.7584447095546696,86.02811950790861,0.038269484217519495,131.44225123085957,145.5,134.4794121724664,6,0.022584579249288667,0.16666666666666727,0.1999999999999993,0.20000000000000284,0,0,0.10113374587831432
1870,55.400000000000006,5.125999999999998,286.2561596636374,39.20322041681479,108.09215621261191,394.59529466413363,286.50313845152175,87.34657039711192,0.005900202743076288,-0.025445979088904714,-0.2383516538620613,2.493387742658357,0.046637407030798564,0.03841893415352662,41.01647038277711,0.03993011822486282,-0.559305849087577,88.17873303167421,0.03933949211735458,0.008479178230063727,85.5885588558856,0.047087593112696696,-0.1708929441049659,88.22927328556807,0.05281885227691627,125.89630902422098,133.68421052631578,133.62325956581205,14,0.057826388659419,0.2499999999999996,0.1999999999999984,0.6000000000000014,1,0,0.08469087664805203
1871,10.7,1.6829999999999998,164.57842222496126,76.87932405668964,71.1250666034897,387.65902330510096,316.53395670161126,71.40186915887851,-0.23725683063223496,0.8625209874490611,3.477786317710019,6.862267082582964,0.03228887156340648,0.02939879362104956,58.266067594965875,0.31920260204218887,4.281263839276539,70.29702970297029,0.02819686485622784,3.730876357515758,73.79134860050891,0.03402421117405359,2.54086362178154,69.78609625668449,0.03378055489306107,150.20592748122428,169.0909090909091,152.67175572519085,2,0.01615117499798112,0.10000000000000009,0.10000000000000009,0.10000000000000053,0,0,0.135912137608011
1872,5.378000000000002,3.3999999999999986,230.58873956195652,41.51888206469242,98.42515067242404,390.30314345926087,291.87799278683684,92.3507462686567,-0.18030657232888725,-0.2369000006812404,0.47001033474279474,3.2189502124417864,0.03902586601002814,0.04440705527888295,38.940644030233344,1.6280702800633335,0.9862283636815924,90.0,0.025637814583674805,0.26813178275330685,90.43478260869566,0.030808971536511024,0.07102288530554506,100.0,0.07692001558196036,95.69377990430621,105.0,147.9394152870729,3,0.35315561631351094,1.033333333333333,0.4999999999999999,2.1999999999999993,1,1,0.3873319662793345
1873,37.400000000000006,7.191999999999993,217.34058068096516,66.07980358253086,66.4248947759021,394.409569624029,327.98467484812693,78.04812834224599,0.02275648069803266,-0.017456735624513407,-2.094453031598526,5.687840932467594,0.019267159441678314,0.021870256905326266,32.05467401395768,0.2959881323734915,-2.6110708909340232,75.625,0.008103708620017861,-1.8843621569143747,80.44444444444444,0.023992177934634797,-1.7800860975756674,77.92792792792793,0.026393683843691045,149.35414424111949,162.4390243902439,171.24344338167228,10,0.12782561894510208,0.5699999999999992,0.5999999999999996,0.9000000000000004,5,0,0.1612845353426622
1875,17.999999999999996,4.126000000000005,198.43847958104877,58.33252646619765,97.94170196003866,394.56124114756057,296.6195391875219,91.61111111111111,0.02012828232253272,0.12459191722384703,1.4427055807758244,4.227800576041169,0.03691408665614732,0.029476887261650396,37.23992707277081,-0.04825123344121107,1.4377276475440677,89.83050847457628,0.031143442146117025,1.3143116078554515,95.36741214057508,0.043538922800796624,1.594601186994778,89.38356164383562,0.03565623652027051,124.74012474012473,138.0,143.55560178924375,7,0.13106752237187033,0.4142857142857147,0.5,0.6000000000000014,2,0,0.18647744734701277
1877,25.700000000000006,9.251999999999992,241.36029200612415,68.11152668703988,84.70611075089701,394.57948651534866,309.8733757644517,78.24902723735408,-0.026314659126704693,0.18492605558844957,-0.4618841998525085,5.3207049093562855,0.006741553738875973,0.011658884683280376,58.29423715643222,0.19420597284654048,-0.2207335596882491,77.97131147540983,0.0047696127296819315,-0.5262650438599017,77.69633507853403,0.007031259920413489,-0.7290988670011613,79.49921752738655,0.009313386677307012,116.73151750972764,127.5,145.96451058958212,13,0.2002746623941404,0.5384615384615381,0.40000000000000036,1.5,4,1,0.26470588235294096
1879,42.400000000000006,7.572999999999993,155.66008350381978,66.26128234041347,66.56206762391689,393.6963989234457,327.1343312995288,82.87735849056604,-0.003448787631545612,0.010902844819072725,2.0445133547625187,5.9568546010963,0.03899152125404886,0.03159386196831944,37.560325714252855,-0.039161045381558374,2.0957098267988976,83.42245989304813,0.041616404149836736,1.9825008107224464,83.59826589595376,0.03808477395103895,2.051596597641656,81.54411764705883,0.0370268987946864,141.67650531286895,157.33333333333334,159.19771546781195,16,0.1100594320933304,0.34375,0.3999999999999986,0.6000000000000014,2,0,0.15154183258959825
1880,26.799999999999997,4.966000000000001,212.88574199429254,38.75506417878303,65.30685195871041,391.0729094644583,325.7660575057479,79.55223880597015,-0.005926365728545271,-0.0697499942328424,0.20702397463015926,3.0353619425129605,0.034674119253613016,0.02972061810002319,30.37683517711564,-0.06443764541569734,0.17332246959420652,78.62356621480708,0.033741247500236216,0.42049892689972995,82.59935553168636,0.0362808876503499,-0.020810678076230833,77.0886075949367,0.0339130086638995,103.88465655102941,113.79310344827586,113.92667265069393,8,0.08814455707360076,0.3500000000000002,0.3000000000000007,0.6000000000000014,2,0,0.15633066800982187
1881,7.800000000000001,0.952,186.73267920614225,72.4932204050342,100.5000392107271,394.80888838437414,294.30884917364705,89.35897435897436,-0.5509123506613149,-1.3528582733029504,2.226003436772491,5.689061419996741,0.045224387489200844,0.037508984987357795,31.977805741842523,0.1379074250338399,3.6197672327042194,95.04132231404958,0.03789555302988981,2.5344419060148664,84.92647058823529,0.053524561326393286,0.565770557707718,88.7218045112782,0.04340457792317425,178.2449725776965,195.0,182.41347053320857,1,0.02285191956124306,0.1999999999999993,0.1999999999999993,0.1999999999999993,0,0,0.10877513711151736
1882,34.0,5.549999999999997,188.31387167297117,48.49194604405354,71.22628462541763,394.58948887973435,323.3632042543167,70.73529411764706,-0.03217160829505528,0.027809209448367588,-0.7118172416977613,4.8145224851618815,0.035938200999299466,0.03882045505329961,35.615431012629315,-0.15549104250961276,-0.10243532604258164,70.55937193326791,0.031743770880233925,-0.6798841914539551,67.87778695293146,0.04843326710348202,-1.2493109507909128,73.84615384615384,0.026658371289182123,144.12136536030343,154.05405405405406,152.20293724966623,7,0.053097345132743404,0.3000000000000002,0.3000000000000007,0.5999999999999979,1,0,0.1403286978508217
1883,12.899999999999999,4.838000000000001,196.04623654277833,50.86612669162301,92.30421826588338,393.26565979250535,300.96144152662197,82.7906976744186,-0.1623074524094302,-0.6019396975986845,0.8612128137457065,3.6690203508891246,0.03285816965112039,0.02773759372111602,35.6140327326216,-0.4071491105812003,1.7395633667903883,92.11618257261411,0.03520470642897157,-0.020545134934547512,84.35754189944134,0.03468961943168866,0.4770614316016005,71.55555555555556,0.028887747988081042,128.53760288645844,190.0,167.17993840739115,7,0.23114218062915784,0.585714285714286,0.40000000000000036,1.5,2,1,0.27274777314240617
1885,7.699999999999999,3.455,237.3940812883372,48.71568634766026,108.56743358387173,393.3498544679795,284.7824208841078,71.55844155844156,0.24196276574694192,2.503107468896591,-0.01855352813739613,3.4583632758232183,0.025051652225145517,0.024890053489305168,28.691193426093882,-0.4842811317281341,-0.5727769103216512,83.58778625954199,0.029483073024491782,-0.1838813205433123,69.29824561403508,0.024110079457346483,1.6715265507947508,57.2289156626506,0.01999734883453439,118.33258628417751,165.0,121.60294795025334,1,0.026893769610040325,0.2999999999999998,0.2999999999999998,0.2999999999999998,0,0,0.30972658000896464
1886,29.799999999999997,1.5740000000000016,210.49911761982088,37.48799899993414,72.18435587855714,393.58465835392434,321.4003024753672,74.53020134228187,-0.021230707145017673,0.13554323509930324,-0.04946599275620123,2.924266499529262,0.03186948108152509,0.03078301644980236,30.827783976580076,0.12682492880167712,0.2877089808310213,71.6188524590164,0.027503344634980744,0.006064490160632073,77.43538767395626,0.033059755535782435,-0.42489473128874733,74.44889779559118,0.03493955429880402,158.73015873015873,171.72413793103448,160.78000903983988,2,0.012749410339771854,0.20000000000000107,0.20000000000000107,0.3000000000000007,0,0,0.05016892968700203
1887,2.7000000000000006,0.9059999999999993,221.06491490104113,94.98941804859606,86.15292270960936,393.3624631728704,307.209540463261,71.37546468401487,1.1728098707568546,-5.594182047158862,-0.2093847010083071,7.584611172310944,0.02146617144967909,0.027357668426335177,35.73232509229658,-8.907721508517229,-2.431972200051756,96.29629629629629,0.05071966715733125,1.1937372083308224,67.5,0.011825450099014909,1.5999774283528896,48.529411764705884,0.00445526749052248,133.11148086522462,240.0,154.53960077269798,2,0.1386577925679422,0.24999999999999978,0.24999999999999978,0.2999999999999998,0,0,0.25124792013311126
1889,25.6,4.023,234.01145969689648,42.21530172600643,77.65990450232361,392.0812872470758,314.4213827447522,76.6015625,-0.07146365214568409,-0.2992241644332503,0.23868736742271485,3.159780850381243,0.025110650614637943,0.020738419657168012,25.633847676129662,0.13041597479326478,0.7750652286392864,79.27107061503416,0.021587799701790422,0.35960381516029827,77.12952158693116,0.024059933314614118,-0.5117178699303917,73.21212121212122,0.029951290405668907,166.08716200249805,182.22222222222223,187.62155359798652,12,0.11477568105863688,0.2833333333333334,0.20000000000000107,0.6999999999999993,2,0,0.13580663673496943
1890,11.599999999999998,3.996000000000002,138.29421509647375,58.39870706130159,83.30749048245741,394.0835762270821,310.7760857446247,70.77586206896552,-0.15358972837880147,0.03731375030928353,3.32845500940841,6.116753881251996,0.017223283471800573,0.013632349862778267,23.89203282192949,0.1995931547577943,4.544462150375978,76.9047619047619,0.01580085994507649,1.9510152292583067,73.18181818181819,0.016341413192612543,3.616894229157324,58.666666666666664,0.02050808615202339,138.49705052577585,154.28571428571428,162.4548736462094,5,0.14747371120800215,0.4600000000000003,0.5,0.6000000000000014,2,0,0.25621954347268544
1891,2.1,1.427,229.2939245335912,78.91560195865311,97.35902256041621,338.33285432404347,240.97383176362726,82.38095238095238,-3.4481501654232227,10.293623311365828,-2.7848974406925144,6.219853200819302,0.05202691584253654,0.033970572876142135,28.225959709930592,-3.24187208914128,-3.297902500695728,88.88888888888889,0.0740156244121967,-1.6052225727754326,79.66101694915254,0.049039162187888605,-4.414760244250519,85.13513513513513,0.05141052148706886,119.08137227105188,210.0,119.08137227105188,0,0.0,0.0,0.0,0.0,0,0,0.40459313864474056
1894,3.3,6.314000000000001,168.99678100552975,69.07501988584436,87.44226325150503,393.23447392998986,305.7922106784848,81.21212121212122,1.1536128087066901,,-2.5334340143666316,6.598260936676848,0.03231857995275564,0.026486980044821886,33.005065376338074,-3.01498955799462,-3.2568547974910174,84.21052631578948,0.036477873452712674,-1.693332459770572,77.9874213836478,0.027845377509405612,,,,62.40898689411275,150.0,63.7348629700446,1,0.020802995631370936,0.20000000000000018,0.20000000000000018,0.20000000000000018,0,0,0.6567505720823799
1895,17.099999999999998,1.0820000000000007,284.40714360050333,51.375693671191975,95.357498031898,394.2483972918802,298.89089925998223,73.5672514619883,-0.032813875757675456,-0.41540242684089,-0.29846836441295893,3.5799525425387175,0.03225952097155298,0.03336138478519199,28.4742400015694,0.03227592403819838,-0.3466871975266378,75.52182163187855,0.024418614230298348,-0.09383041526694118,74.42244224422443,0.04290378561251795,-0.47719848540467025,70.8838821490468,0.028235113659226287,164.99835001649984,176.47058823529412,164.99835001649984,0,0.0,0.0,0.0,0.0,0,0,0.05950940490595098
1896,13.299999999999999,6.840999999999999,181.7800059767645,58.56835033561079,83.97989734421542,389.97006116469845,305.990163820483,77.74436090225564,0.05939111111676699,0.16345323845177762,-3.7559537583212914,5.930407018247665,0.03427331289282915,0.028067572106225326,33.64981282927245,-0.03295411557330903,-4.115297502880027,74.77876106194691,0.028555475323337593,-3.8216623058889527,77.02448210922788,0.03964073839963581,-3.239114101122594,82.70893371757926,0.03350777870636184,80.43294771858399,90.0,107.70560468053985,5,0.25321483541035694,1.0199999999999998,0.8999999999999986,2.0,3,2,0.339655429223971
1898,19.3,6.038999999999998,216.1002964483471,64.92937272499357,124.51447137448466,394.9174642147882,270.40299284030357,87.7720207253886,-0.032779473704240746,0.6238432772239799,1.4189723677939388,4.443017934505003,0.04628307945420368,0.03636578230424979,36.90381595875382,-0.12590607231889198,1.9018067810322024,88.74074074074075,0.050190326365932736,1.2637944200287738,87.02290076335878,0.04271986934546812,1.036560209120462,87.5,0.04577726438054481,111.29089545759501,128.1818181818182,132.1523970195417,7,0.15785942618098592,0.5714285714285717,0.6999999999999993,1.0,4,0,0.23832826867674328
1899,0.0,0.628,,,,,,0.0,,,,,,,,,,,,,,,,,,,,,0,0.0,0.0,0.0,0.0,0,0,1.0
1901,0.09999999999999998,0.528,214.49453897932352,11.603096270126569,191.4189609083184,221.66213928703107,30.243178378712656,50.0,-51.372043518542334,-51.372043518542334,-0.5142487056237453,0.9766642203200299,0.01123735612032823,0.01046410022979177,21.98515943918661,-241.55413122992852,,,,,,,-0.5142487056237453,50.0,0.01123735612032823,,,,0,0.0,0.0,0.0,0.0,0,0,0.8407643312101911
1902,4.199999999999999,5.57,244.5783746907852,71.87255572397602,73.10950602820677,393.5005980164717,320.391091988265,72.61904761904762,-0.1759916710572195,,-2.9985137952762333,6.022289267651791,0.03508851427165349,0.030687602439767387,29.65192046382519,-1.682628040483979,-2.9605793878220203,82.79569892473118,0.039197745269363024,-3.0372018664547014,64.52991452991454,0.0318222024529613,,,,42.988741044012286,105.0,42.988741044012286,0,0.0,0.0,0.0,0.0,0,0,0.5701125895598772
1904,24.1,8.448999999999998,155.54231368582327,53.970074748719384,76.94007152939972,390.83431431478294,313.8942427853832,70.95435684647303,0.09033374320990582,-0.09523786105014927,-1.7938500465166811,5.988809279112153,0.024076318148905835,0.022444687685185136,27.938874512200517,-0.043790398094558564,-2.8320000357746014,75.37414965986395,0.022127548619097805,-1.691605865054884,67.85276073619632,0.027258874813106338,-0.9338267269470053,70.11627906976744,0.022725808757144774,123.5060984976497,134.0,148.6191726126659,12,0.16897600540723218,0.4583333333333333,0.35000000000000053,1.1,3,1,0.2595778672155826
1907,35.199999999999996,4.063000000000002,270.9197844019343,54.289542634797655,78.86714060424217,394.99856792835465,316.13142732411245,73.57954545454545,0.006956696644107339,-0.14520862923925903,0.11424727800896033,3.7873991520213925,0.03472271060685401,0.03594748913778562,29.430981514029657,0.0010112550977367327,0.04730194328384875,72.16148023549201,0.03559257373805608,0.11471742166768156,74.12040656763097,0.034580379887172476,0.186942942557019,74.52471482889734,0.033912609587342046,181.85059725441255,198.33333333333334,192.644955885924,9,0.056032396913124415,0.24444444444444485,0.20000000000000018,0.4000000000000057,0,0,0.10348164939001102
1908,12.0,3.099,212.6459945419818,71.00512775124783,102.48613629693351,394.4940981895144,292.00796189258085,82.58333333333333,-0.06474673061349681,-2.9128880223097746,1.5099163285343848,4.86679937083654,0.037321003759988924,0.03135204735357848,39.708968116978696,-0.7631145255245964,1.6456179125490218,80.54054054054055,0.044209435781554084,1.3408222566394223,86.65207877461707,0.03924043947686295,1.59921659935608,79.62466487935657,0.02813627997824484,154.97715080468905,195.0,165.9692176750124,3,0.06622955162593555,0.33333333333333365,0.3000000000000007,0.5,0,0,0.2052453804887741
1911,13.8,4.93,192.0892619005509,44.87303093176085,101.81936311948844,394.22394881712813,292.4045856976397,83.91304347826087,-0.16629969897723712,-0.14768325969776144,0.5213623642234241,3.274764861342562,0.03461801180129334,0.0299879210648363,37.38328203839289,-0.017381466665159884,1.436307990032405,87.31182795698925,0.0324039126886625,0.6227013598142203,77.06611570247934,0.03795431361758821,-0.5584987688473229,87.93503480278422,0.0332602067161115,150.56059797116924,188.0,169.57306073361391,6,0.11211959423384942,0.3499999999999999,0.3500000000000001,0.6999999999999993,1,0,0.26321409503470367
1912,5.300000000000001,4.862,181.01307036966185,55.06388265781376,90.2066272903677,373.04066450465194,282.83403721428425,82.83018867924528,-0.10193986240373558,-0.27476200993638566,-3.829213091205022,5.744011269281269,0.033449223695233905,0.026686076121256168,35.56182462231244,-0.03673144687744965,-4.440242508470593,79.32960893854748,0.03004978971008366,-3.5510381514385005,86.46288209606988,0.03971069160070133,-3.509136937892494,81.14754098360656,0.026683834621380246,64.94784491241882,82.5,81.86554204911931,4,0.20665223381224163,0.5249999999999999,0.5,0.5999999999999996,1,0,0.4784491241881519
1913,24.799999999999997,7.018000000000004,183.27514432897885,46.539823398728764,80.76271446550302,394.8498919304538,314.08717746495074,71.29032258064515,0.001864215830697132,-0.19498548356759754,-1.0460003559674502,4.660446195271259,0.030963568093456698,0.03114870701363106,33.13849734379968,-0.14569127094562606,-1.1302653030132177,70.0399467376831,0.0369157726613431,-1.0296970564558632,75.93984962406014,0.03280537750925582,-0.9846976842078577,67.04260651629073,0.023225159598868617,135.77220441259664,154.28571428571428,155.85540082257018,8,0.12885787918788114,0.5125000000000003,0.5,0.9000000000000021,3,0,0.2205669746684268
1915,3.3000000000000003,0.9319999999999999,234.22781769512233,99.30841981736249,83.61417135726192,389.9197181847158,306.3055468274539,73.93939393939394,-0.7012613452617409,-1.6740452891516613,-0.40576701566259893,8.069117026443791,0.022521299404793724,0.02168620316401713,27.876593566461395,-4.2169511387569605,-0.6334043409676349,79.26829268292683,0.02866521792741025,0.5255042754081636,77.30496453900709,0.026097204994041747,-1.6445119382609672,65.42056074766356,0.013244817104646403,113.42155009451795,160.0,122.07527975584942,2,0.07088846880907368,0.1499999999999999,0.1499999999999999,0.19999999999999973,0,0,0.220226843100189
1916,41.1,7.1229999999999976,242.32675279967944,38.35714662524017,97.3826550102916,392.6388122490137,295.2561572387221,73.18734793187348,-0.0029801359285863012,-0.14502900072015587,0.3117795338742168,2.8258641590350497,0.03400869769613028,0.02563242251169137,27.11500250351619,0.011839118770887344,0.25818811793760577,72.78225806451613,0.03284133820273654,0.2861695078818448,73.9795918367347,0.032511500943590704,0.4041242369968623,72.8,0.03704164559265366,134.3757128341248,140.8695652173913,151.67474194227933,12,0.11405345996723544,0.45833333333333287,0.4499999999999993,1.1000000000000014,4,1,0.14770959915393064
1918,33.900000000000006,2.253999999999998,205.58386093636028,41.64264697431627,72.22310661838746,394.84229102262265,322.61918440423517,69.97050147492625,-0.038592522974025566,-0.05254463898275812,0.5472399333538187,3.1699515308401622,0.030826339742799098,0.03040723368585127,29.938557208746488,0.10232384120722399,1.0923660369032686,68.23734729493891,0.028243308886699684,0.4997860999724405,70.47210300429184,0.03398794437328309,0.043561109206148856,71.26969416126043,0.030150843293391783,159.31847098522982,169.41176470588235,163.38571509615926,4,0.024893511091441927,0.22499999999999787,0.1999999999999993,0.29999999999999716,0,0,0.06234441555567842
1919,6.300000000000001,3.6529999999999987,190.99076720070812,84.48678474085864,81.65919608073362,394.74225016103674,313.0830540803031,71.58730158730158,0.5163918223678853,0.5076051718766624,-1.1729778830070343,7.55646495092053,0.025624273621962516,0.02119821448623512,31.413313677527526,-0.9951803651163998,-2.6563142061624534,88.67924528301887,0.03408823285183723,0.7479928743795103,62.301587301587304,0.024058125749385255,-1.3873663750491925,63.855421686746986,0.017192405592781988,78.36833115643525,111.42857142857143,85.21796132415602,1,0.08037777554506177,0.7999999999999998,0.7999999999999998,0.7999999999999998,1,0,0.3670250175826383
1920,9.8,1.8249999999999993,241.27696919467698,51.94499571190671,83.38642046753802,394.9406351864276,311.55421471888957,67.3469387755102,0.08029804530557923,-0.45160082282338615,-0.8348906793221728,3.904270396927804,0.026540944738084857,0.027159531471843124,28.493389082209035,-0.8796221734190632,-1.192497080871017,71.22905027932961,0.029478005818744202,-0.8192699076262792,70.03058103975535,0.03331680908942218,-0.33709252206878815,59.66101694915254,0.015465773518548085,139.3548387096774,162.0,146.93877551020407,1,0.051612903225806424,0.5999999999999996,0.5999999999999996,0.5999999999999996,1,0,0.1569892473118279
1921,9.0,4.114000000000001,163.5184268427995,77.85351904421987,81.689145249932,394.0223079448903,312.33316269495833,73.33333333333333,0.31594626991825014,1.2992718397404728,3.6623696368276093,7.045838824620997,0.033830142331044734,0.028390900298480983,35.24948628534236,-0.5744307813608013,2.6579798139586157,80.87248322147651,0.03524004654293558,3.9252499780130803,66.76136363636364,0.03546890851537979,4.64215804515827,73.6,0.029841238275037298,114.38157694067408,150.0,126.96800406297614,5,0.09913070001525096,0.26000000000000023,0.2999999999999998,0.40000000000000036,0,0,0.3137105383559555
1922,32.688,6.0,234.09946285434063,34.47710658494281,83.62834813414173,394.3349809027494,310.7066327686077,75.02295684113865,-0.026850340770536624,-0.016089219972300377,0.4965947875724092,2.415271684504063,0.0299918191885453,0.023506632406583926,26.078366478751537,-0.08046391659799956,0.8980439831049627,80.72916666666667,0.030973054918790623,0.33079802604862785,72.9090909090909,0.03409356424673264,0.29275711732566295,72.4109362054681,0.02548412347309171,122.51861042183621,139.41176470588235,137.04174858332365,10,0.10597601323407767,0.4099999999999997,0.34999999999999964,0.8000000000000007,2,0,0.15508684863523572
1923,18.2,4.684000000000001,196.23748809651306,46.02391482038026,79.84038288869124,394.6639231756336,314.8235402869424,84.28571428571429,-0.08223306151206634,-0.03529810187138028,0.5697906438462365,3.29437573223331,0.036475089814106965,0.02996528926354733,37.08379089929559,-0.0922534443728584,1.1376973149430898,87.13550600343054,0.0364657770702177,0.797140271095269,87.72802653399668,0.039046167204697696,-0.2526732228176262,78.39116719242902,0.03403829117556003,146.82747771368642,176.8421052631579,164.83516483516485,7,0.10924663520363577,0.35714285714285726,0.40000000000000036,0.6000000000000014,2,0,0.20468449571753194
1924,1.094,0.5,179.7513713592917,55.24004835039104,93.20403498637529,374.1897262563556,280.9856912699803,86.11111111111111,-1.3749635346507751,23.001111415114273,-2.128747084027042,5.706113317373923,0.017922036059077454,0.01246958614045009,22.975340124331737,2.57406607813093,-0.15419554399064475,75.0,0.0067552676956861984,-0.9877743721800388,79.24528301886792,0.022683463635990705,-3.2505076781454445,94.11764705882354,0.013537393234309972,112.92346298619823,180.0,112.92346298619823,0,0.0,0.0,0.0,0.0,0,0,0.31367628607277287
1925,13.0,7.846,178.9969078143375,57.29156168040482,72.52091263239289,395.01946551006773,322.49855287767485,80.76923076923077,-0.12097855221118468,1.3131558753033523,-3.277661036959077,5.845779438910589,0.029546615050189275,0.02874002926469655,35.77226002358641,0.13265634430496678,-2.7118217579131096,88.39506172839506,0.030544857595862396,-3.2073251710026924,74.10852713178295,0.027443219633535857,-4.381357325863789,85.6,0.03335622230116465,74.83450062362084,91.76470588235294,94.28260606793182,8,0.2062745850522882,0.5375,0.40000000000000013,1.8999999999999986,3,1,0.37637916146982636
1927,34.69999999999999,3.7010000000000147,201.03335225829431,39.566701371252,67.74317249528073,392.93696249808977,325.193790002809,74.74776592678005,-0.02465577640128585,0.0181796247226587,0.07751324584079704,3.171634280049827,0.028714486796923823,0.028049500770493518,28.556388546977427,0.03149553061634759,0.6670338681791076,72.20183486238533,0.02765439179512896,-0.22622780238443052,77.02818104184458,0.030485019088096945,-0.13263974562059136,74.83443708609272,0.027956819941079198,143.74625660790082,149.1891891891892,156.81372688275906,9,0.08333116325095721,0.35555555555555646,0.40000000000000213,0.7000000000000028,2,0,0.09637769849743534
1929,9.0,4.114000000000001,163.5184268427995,77.85351904421987,81.689145249932,394.0223079448903,312.33316269495833,73.33333333333333,0.31594626991825014,1.2992718397404728,3.6623696368276093,7.045838824620997,0.033830142331044734,0.028390900298480983,35.24948628534236,-0.5744307813608013,2.6579798139586157,80.87248322147651,0.03524004654293558,3.9252499780130803,66.76136363636364,0.03546890851537979,4.64215804515827,73.6,0.029841238275037298,114.38157694067408,150.0,126.96800406297614,5,0.09913070001525096,0.26000000000000023,0.2999999999999998,0.40000000000000036,0,0,0.3137105383559555
1930,19.9,3.9770000000000003,154.9610803139819,57.24719434404633,68.76101047485176,392.7339315918017,323.9729211169499,73.31658291457288,0.08570349833757927,-0.8838865172769725,-0.790126129401152,6.228375380194099,0.026315446503430845,0.025945205006320943,28.357633436859558,0.08535785039940039,-1.8753809248305093,73.41954022988506,0.02138678726427614,0.15999805360990302,76.05820105820106,0.030959220819233843,-0.768024801698619,69.33085501858736,0.026166103469424523,128.15680361854504,153.0,141.81767622931827,9,0.09632700925576919,0.25555555555555565,0.1999999999999993,1.0,1,0,0.1665619633957365
1932,20.6,4.268999999999998,226.4704007090627,77.66835627133132,86.61596961763084,394.97498777565835,308.35901815802754,89.02912621359224,-0.039428514591117916,0.39070918355121553,2.1163316543396826,5.189982428801858,0.04493559823143219,0.04058478156903204,39.066356911943046,0.03340851488422991,2.4845991846802336,83.67626886145405,0.04177009532038776,2.1896190691758637,92.07232267037553,0.05308706215358651,1.63028278934095,91.83006535947712,0.03912963264666493,161.647030439503,174.7826086956522,177.33468613525076,5,0.0884635489967428,0.43999999999999934,0.39999999999999947,0.6999999999999993,2,0,0.17165949575777065
1933,8.899999999999999,0.6090000000000018,229.01269230166187,109.87349658013464,80.33098229815474,394.9013427593291,314.57036046117435,73.00337457817773,0.6556698805170302,2.2761175443064197,-0.1168140267715537,8.84308606492556,0.019865388205785865,0.018941687593658968,28.057084960235596,0.17177275101155295,-1.3620566188743637,76.40449438202248,0.017018827596240748,-0.5392558582428051,71.9869706840391,0.018609915132835005,1.434030319407552,71.11111111111111,0.023490267687255678,119.88642338836891,142.5,121.1605909235838,1,0.0105163529288043,0.10000000000000009,0.10000000000000009,0.10000000000000009,0,0,0.06404458933641831
1934,12.900000000000002,1.937999999999997,250.77565631621496,51.98348167503752,80.97981017667333,394.8886767165031,313.9088665398298,74.26356589147287,0.10657636181053272,0.08354075264511518,-0.6876472510473879,3.7736607856907396,0.02856814974964474,0.031213231222678505,31.205812965396916,-0.3579159791833476,-1.0061372004876015,73.93258426966293,0.0305023387720941,-0.9076301134838654,75.26881720430107,0.031964902493761486,-0.03611608538933304,73.42105263157895,0.022172329832951466,121.3101496158512,138.46153846153845,125.54052169061235,2,0.03369726378218077,0.2499999999999991,0.2499999999999991,0.29999999999999893,0,0,0.13061059441973294
1938,31.500000000000004,4.444999999999997,270.64950793614656,53.02309601615891,83.50332609301607,394.90293129066805,311.39960519765197,70.15873015873015,-0.04156819640490315,-0.07325585119578318,-0.35687369644898304,3.9647657258485323,0.03095730542355191,0.03429769906664987,28.863406839462463,-0.017432007001425002,0.042695079050720126,67.09916589434661,0.03228168969389975,-0.3549759572447361,71.04779411764706,0.029858749615762833,-0.7646643638636645,72.53306205493388,0.030721945333264354,168.59090276811796,178.23529411764707,181.73639226270805,11,0.07233273056057865,0.23636363636363633,0.20000000000000284,0.5,0,0,0.12366114897760458
1940,31.500000000000004,4.444999999999997,270.64950793614656,53.02309601615891,83.50332609301607,394.90293129066805,311.39960519765197,70.15873015873015,-0.04156819640490315,-0.07325585119578318,-0.35687369644898304,3.9647657258485323,0.03095730542355191,0.03429769906664987,28.863406839462463,-0.017432007001425002,0.042695079050720126,67.09916589434661,0.03228168969389975,-0.3549759572447361,71.04779411764706,0.029858749615762833,-0.7646643638636645,72.53306205493388,0.030721945333264354,168.59090276811796,178.23529411764707,181.73639226270805,11,0.07233273056057865,0.23636363636363633,0.20000000000000284,0.5,0,0,0.12366114897760458
1942,0.0,1.411,,,,,,0.0,,,,,,,,,,,,,,,,,,,,,0,0.0,0.0,0.0,0.0,0,0,1.0
1943,11.7,3.1640000000000015,195.08885642716186,45.07707600533438,97.95863466863004,394.34463738559475,296.3860027169647,84.01709401709402,-0.14535465877503723,-0.06939217207211629,0.5171368635958181,3.3636046027578304,0.032279554209188016,0.026176117928834546,35.47406530671702,-0.26534612613340886,1.3831654207513848,91.16161616161617,0.037455588815450844,-0.03630776201456003,85.05747126436782,0.03391420586544354,0.08911385701915299,74.33628318584071,0.024135651039420364,157.42734122712594,180.0,168.78245816503173,5,0.0672766415500538,0.19999999999999996,0.1999999999999993,0.40000000000000036,0,0,0.2128632938643704
1944,30.7,3.965,232.18222276646404,43.09069935524087,87.7421357305127,393.93159145917156,306.18945572865886,73.71335504885992,-0.016314673164614248,-0.28699166803926307,-0.11042108476144773,3.5352683883418523,0.02892534554982541,0.026252556107257106,26.43088156537194,-0.0786016796999198,-0.30906655104930886,77.22567287784679,0.033948403895386385,0.17958050828170388,72.53258845437617,0.026090675748836015,-0.2157350727423026,71.6504854368932,0.027170162059000854,155.77672003461706,163.63636363636363,167.88434633918857,10,0.07211885186787821,0.24999999999999983,0.24999999999999822,0.5,0,0,0.11438049906245493
1945,6.699999999999999,11.012,166.3629865211106,54.2826540896093,75.67792162440875,365.01012561978274,289.332203995374,88.35820895522389,-0.10228820457755396,3.776837301042523,-1.4403648275303853,5.884501477299141,0.03081636666551029,0.024823923867461295,34.91087862934405,-0.39304587980030775,-1.2399876661051679,91.0,0.04316336043776726,-1.0636978265483477,88.33333333333333,0.022852793578614215,-2.027849916356555,86.08695652173913,0.028389665736830563,54.200542005420054,80.0,78.61120209629873,5,0.31052393857271904,1.1,0.6999999999999993,2.3000000000000007,4,2,0.6217253839205059
1946,23.100000000000005,7.6989999999999945,209.61486826205402,68.27889063349268,91.3968601621306,394.0984403722364,302.7015802101058,82.94372294372295,-0.008209899458127511,0.390230742403337,1.5266956508954812,4.709017386717106,0.04041365001584293,0.03573492441877277,40.85702639849422,0.004530093912883405,1.1717478712119749,86.93259972489683,0.040866463817592076,2.1157128904304208,79.31456548347613,0.04094167702852467,1.2792802822497824,83.02872062663185,0.03942070784452097,150.00487028799637,171.11111111111111,177.01827656232038,14,0.15260235721939008,0.33571428571428535,0.30000000000000027,0.7999999999999972,2,0,0.249975648560018
1948,8.100000000000003,3.472999999999997,179.24303244232917,72.89456094901666,75.27562621980933,394.97418133293377,319.6985551131244,75.06172839506173,0.42073892273372243,0.6573218738662099,-1.6600854940077887,6.72323348253837,0.026871705989260173,0.024317169312245604,32.65173725574856,-0.8131645197266405,-2.4719758004026033,80.89430894308943,0.03481138661526864,-2.3576974546307303,73.07692307692308,0.021029643248679477,-0.1232501402939732,71.94244604316546,0.02585612508928895,114.05858463665427,132.0,131.04338330189614,5,0.12961202799619784,0.29999999999999954,0.20000000000000018,0.5999999999999996,1,0,0.3000950488205303
1949,20.900000000000006,3.7859999999999943,134.61852593713056,56.7297530059238,76.27080803171803,393.36714052578463,317.0963324940666,70.47846889952153,-0.0030037897019632703,-0.42092052369177874,3.226585817134091,5.892127165914897,0.022543505034858212,0.023159294608151307,30.512380417961417,0.3180329950833193,3.273385945826155,67.56393001345894,0.01230279356585072,3.292829764358983,79.1601866251944,0.03437799554721856,3.102750679166804,65.625,0.0225424698388708,145.83164546706635,163.63636363636363,162.2644911205264,9,0.10127197601879587,0.2777777777777772,0.1999999999999993,0.6000000000000014,1,0,0.15336628048286455
1952,53.483,3.700000000000003,201.94555441569636,36.281765257386176,65.35061685259609,390.98815032218835,325.63753346959226,73.8731999251917,-0.019081413530658543,-0.06366286943789191,0.32436097509530454,2.949417787366484,0.03132120962252984,0.030323679499991256,30.01478050799582,0.05854713345472104,0.747979937079919,74.28236672524898,0.02799192404722162,0.22958886777329823,72.39641657334826,0.03271319636469108,0.02586672813408252,74.91909385113269,0.03304286615620953,167.8820628508473,171.42857142857142,174.2824464898426,10,0.03672420124862293,0.2100000000000005,0.20000000000000195,0.3999999999999986,0,0,0.06470454505709744
1956,11.9,2.206999999999999,247.32097069826983,50.07765963247061,81.64816441171688,393.4609144490347,311.8127500373178,70.92436974789916,-0.024450406972837933,0.18770946411023964,-0.6275610676168065,3.6079762094660217,0.024890959529834722,0.028002314551476604,31.426018011050594,-0.31837693380555904,-0.3145926965667402,73.2360097323601,0.025440063708311554,-0.878871688779218,70.8695652173913,0.024580815935551784,-0.6841334970505573,68.02507836990596,0.024633415591868983,153.11547458708444,196.36363636363637,155.3174660243043,2,0.014177358758063323,0.09999999999999964,0.09999999999999964,0.09999999999999964,0,0,0.15644715389522926
1957,24.1,3.878,278.8348662338051,56.18115440404912,93.65033835651201,394.945562359949,301.295224003437,75.26970954356847,0.027544656518407984,-0.05073417042431485,0.4307127865978909,3.737202388265664,0.033162633052747574,0.031927804208032734,28.500733456190133,2.8101907448245545e-05,0.3636162831744678,72.05346294046173,0.03165681478795505,0.07422971378044232,75.8703481392557,0.035277449755024275,0.8807731067179545,78.11671087533156,0.03247357468934364,188.71970834226892,203.07692307692307,204.03431486204497,7,0.07505897490885688,0.2999999999999997,0.29999999999999716,0.5,0,0,0.13860890699835585
1958,45.800000000000004,10.572999999999993,184.35934463420486,43.432782478787146,72.84393682784774,391.30705591862215,318.4631190907744,75.0,0.000747196448171322,0.007979765718269376,-1.1991176993450001,4.566266454807763,0.03408604306916278,0.03561222932193521,34.29340230735984,-0.04900733844879918,-0.9574217287509215,75.61290322580645,0.03368869024107616,-1.850294306164258,71.84586699813549,0.03556260099251387,-0.7750052513352423,77.90288529204786,0.03284815124921501,138.3641104784205,147.16981132075472,162.59145769495342,19,0.1490075035921451,0.4421052631578945,0.3999999999999986,0.8999999999999986,7,0,0.1875543256523512
1959,6.900000000000001,6.553999999999999,159.51199598473826,60.174571297523244,82.33253120239237,393.9299170789235,311.5973858765311,79.13043478260869,0.45321436327562575,-2.2915100019442924,1.7907716428981695,6.153679665521902,0.03253452856134264,0.03477858136437742,34.868595044780946,0.7193040247637077,0.6468344549627608,72.0,0.020877460723876883,1.3952001207820905,95.59471365638767,0.054920930372564285,4.737049987086111,69.32515337423312,0.02281309997295258,93.65244536940686,140.0,127.86685609904606,4,0.26757841534116245,0.8999999999999999,1.0,1.1999999999999993,3,2,0.4871413705961052
1960,22.90000000000001,7.532999999999991,170.91311480657595,71.84370715355412,81.47771427820965,394.3780462070305,312.90033192882083,68.99563318777294,0.0244320215795324,0.46653123273223096,2.3579383100371536,6.739301748859063,0.03174854205211427,0.030946855353663618,33.23874039708403,-0.251152839377708,2.6961508379401455,79.86754966887418,0.03905310515283548,1.8198995866252257,67.67015706806282,0.029506240021623473,2.519294539772942,59.66277561608301,0.026817509121181006,122.23573094995564,132.85714285714286,154.78716764448876,15,0.21029803174185888,0.4266666666666661,0.3000000000000007,0.8999999999999986,5,0,0.24752735517365987
1961,43.10000000000001,12.30599999999999,183.74879116503868,39.157374330448555,65.23941657181715,393.0514167399494,327.8120001681323,75.49883990719258,0.0374748771484728,-0.06405702948710074,-1.0950199161009238,4.361081301143103,0.032952373204894574,0.032963660081689175,32.93830957381017,-0.0791193448523458,-1.7776609603201614,78.5449146250928,0.03291152441505715,-0.9104779554212438,73.47463070006422,0.039009647252731774,-0.6091660931290608,74.8221906116643,0.026283701531657384,132.11565534418656,155.74468085106383,155.06503410583397,20,0.1479984117243618,0.4099999999999994,0.29999999999999893,1.0,7,0,0.22210590910731673
1963,25.9,2.9140000000000015,277.64820632476324,58.19670198770931,85.9133104557203,394.76500907582806,308.85169862010775,73.16602316602317,-0.04706215844706795,-0.6071911956292674,0.3472897689024467,3.941140933510835,0.033332163300178484,0.036011670568113684,30.132093025746332,-0.2444405865017576,0.7018191748469952,74.29854096520764,0.037325259299490536,0.5413259488197002,76.7032967032967,0.037588518787847844,-0.3445526989807944,67.80735107731306,0.023913745012261935,193.65586173387936,214.6153846153846,200.6183936147264,6,0.03470535156521137,0.16666666666666674,0.1999999999999993,0.20000000000000107,0,0,0.10113139446102594
1966,20.099999999999998,6.990000000000002,152.6260322120977,59.50526123988778,67.25745722307526,391.8872881523899,324.6298309293146,76.11940298507463,0.08556582136729805,0.39613759783647956,1.1770127350228405,6.345071306474131,0.027891288204615578,0.023491631495184406,28.306644265709757,0.06494030003768561,0.9833769186437191,74.35197817189632,0.02247825468160355,0.6296349180921705,77.89904502046384,0.03058796017721356,2.1868780813852404,76.1029411764706,0.03155138566133155,101.88261351052049,120.0,120.57667103538662,11,0.15503875968992253,0.3818181818181819,0.20000000000000284,1.0,3,0,0.2580287929125139
1967,0.0,0.915,,,,,,0.0,,,,,,,,,,,,,,,,,,,,,0,0.0,0.0,0.0,0.0,0,0,1.0
1968,38.500000000000014,6.300999999999988,239.7922963986507,33.41896976193046,87.55489097302876,394.7298541412507,307.17496316822195,73.66233766233766,-0.03246571042414631,-0.15990453329021265,0.41316137491541816,2.361170947490938,0.03025888003667292,0.02387250306552127,26.107705036217745,-0.1234453925171021,0.797874963710003,76.12055641421948,0.03255647877580649,0.3228001397563906,75.14546965918537,0.034061671180969026,0.09926873671171699,69.99260901699927,0.024680276551804436,139.28260529898887,145.11627906976744,158.37161493363107,14,0.12053302381643236,0.38571428571428473,0.34999999999999787,1.0,2,0,0.14064418204950754
1970,56.400000000000006,4.125999999999998,203.55920870995487,40.75496839492172,66.50732971098816,392.5718240064313,326.0644942954432,74.80496453900709,-0.010396235738768812,0.007217755871186762,0.17751702212835557,3.2589610538365137,0.03231723394594987,0.03118692390278873,30.181456508307058,0.07955968004127248,0.3552698184523009,72.44582043343654,0.02702256954082459,0.27296855233121436,77.14884696016772,0.03539099217992775,-0.11292942500301238,74.86064659977704,0.03476815465065011,145.7224994217361,154.73684210526315,155.21064301552104,13,0.061130753725671574,0.28461538461538444,0.20000000000000284,0.8999999999999986,2,0,0.06816905131678944
1973,16.6,5.578999999999997,191.7199353417973,37.44452606086983,94.09048251726138,394.23884307474447,300.1483605574831,81.26506024096386,-0.07696327994375866,-0.3281510085375794,0.4782046697532219,2.8216778917789984,0.036671880629544774,0.031032300105018614,38.240709667495466,-0.005390409640701928,1.2029603554801027,81.4,0.036065614093311854,0.2885027175077497,78.55887521968366,0.036264535385158544,0.0536010506883443,83.75634517766497,0.037576978281274445,129.85256323549305,151.57894736842104,151.74666736919752,6,0.14428062581721435,0.5333333333333328,0.6499999999999986,0.7999999999999998,4,0,0.25154425357319976
1974,15.7,1.9329999999999998,258.03592296933283,57.60933894470581,127.02610481581449,394.5179075132195,267.491802697405,77.57961783439491,0.02986705724006562,-0.09583170608099792,-0.5144948657896633,3.9428765139842508,0.031040544429065283,0.035242868802363506,33.28709503811233,-0.3599744430751064,-0.6274074925898766,82.84671532846716,0.0346947770664213,-0.5121394372447691,73.59154929577464,0.0318729715608429,-0.36918341077367745,76.2114537444934,0.025588257873733162,139.5111438779561,153.75,142.7493761968317,2,0.022684738841944153,0.20000000000000062,0.20000000000000062,0.20000000000000107,0,0,0.10962400045369478
1976,24.500000000000004,6.611999999999995,196.52343699351601,54.86759358259048,86.82667491475242,395.0453311944942,308.2186562797418,83.26530612244898,0.002723691874917431,-0.19570019978968362,1.0105806239720552,3.906666331810288,0.04235487754347851,0.03628416229595659,39.14704742905445,-0.05911932094439205,0.9741087161766464,82.34463276836158,0.04013613895107131,0.7030579997999841,84.31372549019608,0.043549222344651216,1.3495092197220655,82.97142857142858,0.04296349768299355,133.06762663923888,147.85714285714286,159.1573120098416,13,0.1639238878889174,0.39230769230769214,0.3999999999999986,0.8000000000000007,2,0,0.21252249935716105
1979,47.100000000000016,5.145999999999987,270.00445538401453,62.98796396648936,69.31136247685457,394.8668460230053,325.5554835461507,81.50743099787687,0.00234951618400741,-0.055013891232513754,0.30163926563849075,4.149334239395562,0.03921809966811647,0.0402387061464505,34.32362128717292,0.026565526825376048,0.1657805672548646,80.74412532637076,0.036047717901862585,0.3430654368951122,83.45588235294117,0.03730601273505332,0.3916673016457707,80.20698576972833,0.04437365148048037,176.85564445124984,188.57142857142858,193.52406484312817,14,0.0861309956743098,0.32142857142857073,0.2999999999999998,0.8999999999999986,2,0,0.09849557860888845
1980,23.4,5.806000000000001,159.77234516658524,58.69230232273449,67.51498254397909,393.4159508203854,325.9009682764063,59.04232578024797,-0.003377455546235572,-0.33568170738682884,-2.47987657181578,6.096320341282881,0.01878086041748361,0.01929448791920288,23.82666536475743,0.025699648476411822,-2.607701366049569,61.23919308357349,0.01731634353821396,-2.083448987315147,60.39823008849557,0.015539676258001225,-2.875300775688914,55.3306342780027,0.024087945222632644,119.15359857563514,145.0,140.28863984519873,11,0.15065397521057317,0.39999999999999997,0.3000000000000007,1.1999999999999993,2,1,0.19879476819831546
1981,55.2,2.165999999999997,142.64460149758054,68.08630651600559,68.10050191268273,393.7758130984458,325.67531118576306,61.539855072463766,-0.023995294278019597,0.05047090876762648,2.673888059807056,6.733072784456645,0.033050356544386254,0.028462272848471578,51.70371862857738,-0.013277164204333215,2.6186753721802396,61.99659671015315,0.03408177517661611,3.5179089883002836,61.77707676130389,0.03077930513710524,1.8489304660041925,60.86253369272237,0.03440046500695593,183.03524735906285,187.5,184.32047186040796,3,0.006972771327964306,0.13333333333333344,0.09999999999999964,0.20000000000000284,0,0,0.03775755674092662
1982,30.300000000000004,4.442999999999998,157.6207940257818,55.87049027528399,75.21372252527715,394.5773901287923,319.3636676035151,70.82508250825083,0.034846034571477426,-0.22636103008162406,2.3122292023208746,4.927304517370029,0.03389330896557717,0.0288787930255898,27.33906029929747,-0.007889332613688814,1.8480490794029143,67.302192564347,0.030546101663202378,2.412375585318964,72.5254394079556,0.03580480947327784,2.692101767122061,72.88888888888889,0.03549289752508459,184.78542440203782,194.54545454545453,202.88847454413295,11,0.08922660679849156,0.28181818181818113,0.1999999999999993,0.5,0,0,0.12788187548570928
1983,1.5509999999999997,0.20000000000000018,184.51133122613837,68.36927218659481,103.83422702977583,388.7688429422668,284.934615912491,57.14285714285714,-7.400211170997203,-1.9563423233448283,1.2332674108702208,6.052972884915916,0.016299897391812875,0.023912967996394464,43.73201091566318,-15.815811666622293,4.824588958110241,100.0,0.041072825429472895,-3.479415062112809,52.083333333333336,0.004284621264708808,-2.9208535884287232,24.56140350877193,0.005121998799806807,,,,1,0.0571102227298687,0.10000000000000009,0.10000000000000009,0.10000000000000009,0,0,0.1142204454597374
1984,38.4,12.748000000000005,189.29310232449367,51.88706362458894,66.90016570115743,394.6201892031435,327.7200235019861,74.375,0.023246755532229945,-0.0698032637679456,-0.24631967898342907,4.874385930669442,0.03103500935523135,0.029969470995624164,31.390898373754478,-0.05889944787893155,-1.062757394766904,76.45569620253164,0.03202997972085979,0.30202185232077655,76.86746987951807,0.03432545325693897,-0.029874840069326572,70.42553191489361,0.0272934189006954,153.6716978180965,182.7906976744186,197.74579853074366,20,0.22288261515601787,0.5700000000000001,0.5,1.6999999999999993,8,2,0.2492375068428874
1985,22.700000000000003,3.109999999999996,163.46444258963163,47.69439732824685,70.67082307384145,395.01797100694165,324.3471479331002,84.14096916299559,-0.12446330035621325,-0.06889383977337901,0.9832871237474606,4.049361972989853,0.04079633826445048,0.035301780004831466,37.943695479944864,0.1492614641843249,2.1308342588011113,84.65286236297199,0.031929342732709955,0.21049138785666913,84.86486486486487,0.049659529690905986,0.4513799061616514,82.79266572637518,0.04181332229263367,183.64974815962805,197.5,199.07601847963042,3,0.07748934521503294,0.6666666666666666,0.5,1.1999999999999993,1,1,0.12049593180937605
1986,18.900000000000006,2.651999999999994,160.92745596522607,51.40071630895037,74.86241310764764,392.45162918774156,317.58921608009393,76.77248677248677,-0.08752274899118469,-0.1742752328833652,1.7797990135920756,4.8526851081548505,0.0351970560120719,0.030970375188573936,34.609019725481616,-0.07086012010130542,2.4528856959063754,72.79521674140508,0.034894292393077064,1.9766347097103933,81.52011922503726,0.03428829877814706,0.7355248167964329,75.81818181818181,0.03667401049401937,139.19821826280625,150.0,148.86859865025804,7,0.0649591685226428,0.19999999999999968,0.1999999999999993,0.40000000000000036,0,0,0.12305122494432043
1987,6.5,1.0759999999999996,262.7118087838216,82.26057952519031,66.09636122671782,394.7787906724875,328.6824294457697,90.15384615384615,-0.7662333350294778,-0.6792096312703304,-2.540783999009282,5.916105926276759,0.039152523836107775,0.03875231419701827,38.57103730811353,-1.6635161611343825,-0.5229852930650243,96.72131147540983,0.06452996454434692,-2.6723454772777324,88.14229249011858,0.030831681906723245,-4.3032149737311585,86.91588785046729,0.02730499135516423,182.1541710665259,230.0,182.1541710665259,0,0.0,0.0,0.0,0.0,0,0,0.14202745512143608
1988,45.89999999999999,2.2700000000000102,239.97531170909858,81.65504401290654,76.28355951487829,394.9902431353368,318.70668362045853,86.18736383442265,-0.040739770151158095,-0.10545618461557504,-3.4127463508942557,6.4529636696983195,0.0382775997442721,0.03080139200135985,39.3256934674724,0.027402128494436268,-2.6545543458160292,86.51006711409396,0.03608243644114028,-3.4924740862505703,86.47281921618205,0.03543724360436633,-4.081138924087786,85.57312252964427,0.04339238020210959,164.41768735727632,168.51063829787233,170.06656645909385,9,0.03321569441561159,0.17777777777777892,0.1999999999999993,0.3000000000000007,0,0,0.04712476645214885
1989,16.400000000000002,2.147999999999996,211.05888033455608,94.39371526170936,81.02544563830136,395.05184683867014,314.0264012003688,79.63414634146342,-0.05096414604577621,0.608012714639728,-2.0168709004057965,7.974174045609592,0.03930984178305602,0.03998193855551952,59.500679432721206,-1.1843138386118932,-2.0424956656447626,83.65553602811951,0.054562072162652596,-1.7626753556278703,81.27090301003345,0.037599590617292004,-2.340538477464881,72.72727272727273,0.023124241595183778,210.26525770972614,229.41176470588235,235.6780275562001,10,0.10782833728703888,0.19999999999999968,0.19999999999999973,0.3999999999999986,0,0,0.11580763424627973
1990,13.9,0.7029999999999994,226.07447638840304,53.25301429663298,90.77416646655026,394.0690961907284,303.29492972417813,77.7537796976242,-0.0006553392517245485,-0.04692855392378569,1.0418445722989351,3.718811312186966,0.03357844980997775,0.029955678537527064,28.464203200798053,-0.6158576804907934,1.218375285003082,87.82201405152225,0.04577834934896844,0.9964112302878183,78.02874743326488,0.03166458473442297,0.8912773498379168,68.42105263157895,0.024573597575548584,164.3497911388071,171.42857142857142,165.48300351651383,1,0.006847907964116938,0.09999999999999964,0.09999999999999964,0.09999999999999964,0,0,0.0481407929877422
1992,20.3,10.472999999999999,143.16072783487166,35.44855765561144,68.46757989501812,394.5054574586366,326.0378775636185,75.36945812807882,-0.032243814848245476,0.06440253333633932,1.302479515163668,3.5402808562733874,0.016628894648496054,0.01679607858229911,22.521845658116078,-0.06718065625305449,1.6082544827570413,81.51815181518151,0.021595267196224965,1.337633322967742,75.45219638242894,0.013382852398060762,0.9228718652771504,69.53846153846153,0.015863994552977906,113.086146946999,124.28571428571429,159.10026059525444,14,0.2892145712150262,0.6357142857142858,0.5499999999999998,1.8999999999999995,7,1,0.34033080947583916
1993,42.99999999999999,3.8900000000000077,262.57166021420477,60.77050097136378,78.80049700958504,394.40042469901215,315.5999276894271,84.30232558139535,0.038514431063232074,-0.20996922378706928,-1.8949995726562099,4.691078582982062,0.04020146639572478,0.036713249573391275,42.02777057145251,0.02346550260590942,-2.6904721440293673,81.15646258503402,0.03604979865693627,-1.6419923831619148,85.06666666666666,0.04445680696872116,-1.3533372855857464,86.9172932330827,0.0399908955058936,198.3365323096609,216.27906976744185,208.56694326082086,10,0.049050970356152884,0.23000000000000087,0.25,0.4000000000000057,0,0,0.08296011942844972
1995,24.299999999999997,9.921,198.97969608709886,53.74285790409716,65.91332007828282,392.1233005445155,326.20998046623265,72.26337448559671,0.048790109017679405,-0.501271293958686,-1.327386295706384,4.998432098426742,0.024451280761424752,0.0262787533332272,32.93295505459883,-0.02492537711700706,-1.7378624164219714,73.60285374554103,0.022903157915396363,-1.7533195788179723,70.88274044795784,0.02807306942033322,-0.5206470218549932,72.16867469879519,0.022707947895639638,99.93863417199967,106.875,129.44248892926083,12,0.22793021828701682,0.6500000000000001,0.39999999999999936,2.1000000000000014,5,3,0.2899097045673709
1996,47.0,3.3909999999999982,150.3077163487102,76.71531388117201,65.44033649906203,394.8653244028158,329.4249879037538,59.97872340425532,0.08911425240247894,0.3344169464398673,3.2639873108569297,7.156691111371181,0.03405291621984851,0.02974537474273994,54.82841194639012,-0.03368168596235888,2.374200626482288,62.602739726027394,0.03104968977820708,2.688005818419809,59.63636363636363,0.03725714500614537,4.762392107899871,57.924528301886795,0.033485452765387294,148.83610168482468,156.25,149.72749595735763,1,0.005953444067393001,0.3000000000000007,0.3000000000000007,0.3000000000000007,0,0,0.0672937627750987
1997,28.199999999999996,2.547000000000004,150.60826169488314,50.747395385289934,86.48751718395756,390.79482135427895,304.3073041703214,70.56737588652481,-0.048577666781346035,0.1594890093363872,0.9847431163279314,4.903470605046652,0.03463037514768802,0.030644147883559396,35.41804916142202,-0.026234724105515143,1.3075722338189777,74.9738219895288,0.032929930733558474,1.2222939395487158,69.94923857868021,0.03436285038276192,0.3098402696224445,66.47727272727273,0.03677518913512659,150.2585618109084,159.31034482758622,156.89204333208818,7,0.042280547695710304,0.1857142857142864,0.10000000000000142,0.5,0,0,0.08283734998536456
1998,40.699999999999996,6.008000000000003,166.43313816407786,61.15090230272408,86.25176410271072,394.8806330169445,308.62886891423375,75.05529614155813,0.039650104832521425,-0.20823184041077772,2.942801133237097,5.544723352600129,0.030638685889429577,0.02450470540147159,24.978442748190226,0.030861264789676504,2.0034305584429095,77.4001699235344,0.028393129960129184,2.9816259454779614,72.8500355366027,0.033484875306306915,3.6726501145346084,75.28619528619528,0.02972242129941622,165.7103708144215,175.9090909090909,186.470078057242,13,0.11132996488824198,0.40000000000000047,0.40000000000000036,0.8999999999999986,2,0,0.1286289286631841
1999,2.0,0.8479999999999999,183.88925184984305,53.48170830023431,113.98775842728857,386.5995426757333,272.61178424844474,86.5,-3.111707361811551,-10.329026159780033,1.3889703142606238,4.564265071799205,0.03431139624496251,0.030291563482423865,34.45964582682814,-5.679173159959832,1.3534980698332528,100.0,0.04496984171642362,2.788641408048159,93.6842105263158,0.03699282886358428,-1.764221386966529,65.0,0.022071960495215544,126.40449438202248,180.0,126.40449438202248,0,0.0,0.0,0.0,0.0,0,0,0.297752808988764
2000,31.9,3.105000000000004,254.2749986233011,74.21892973608523,79.91196230161098,394.38957609182506,314.4776137902141,75.67398119122257,0.025397220675741107,-0.8697265947006058,-2.6268209243101093,5.813583078670553,0.03875675173899507,0.04225222956838244,41.21524290634632,-0.08191422471115689,-3.0723767409728335,73.29079307201458,0.04445525381589503,-2.2173449906325158,77.23577235772358,0.03476346522838669,-2.616059396757144,76.57200811359026,0.03690006957762006,140.5513498071704,153.75,147.72556673172193,5,0.04856449078703035,0.3399999999999995,0.3999999999999986,0.5,0,0,0.08870161405513509
2001,5.5,1.7889999999999997,248.74970365639393,80.1421786505884,100.7123146013555,392.1491182490842,291.4368036477287,86.0,-0.675335622560597,9.203797784080294,-1.328940612032712,5.88322337536192,0.027081547641698938,0.02998172088908727,40.21303388635643,-3.7248070565470806,-0.04547842278186691,96.72131147540983,0.05093998539246575,-1.4585682324298255,81.06995884773663,0.017592313912632537,-3.365669564347544,79.83870967741936,0.010466948349544147,131.705309370284,192.0,131.705309370284,0,0.0,0.0,0.0,0.0,0,0,0.24543833173274796
2002,40.188,2.0,236.33074019111567,79.26913714597508,79.185452957513,393.96456910469334,314.77911614718033,81.75255165546427,-0.08493044102772254,0.061243107473063545,-3.3571729931293572,6.310424625297426,0.03694361780628494,0.03052436701461277,41.32450272761753,-0.01867520852984682,-2.6299152572982045,80.79571537872991,0.03476641882347254,-2.541968701759715,82.77616279069767,0.037282161876022624,-4.9150259379482,81.63418290854572,0.03872621138724132,146.48715274485636,150.73170731707316,150.77583683029178,9,0.028444107329098262,0.13333333333333305,0.10000000000000142,0.40000000000000213,0,0,0.0474068455484972
2004,40.900000000000006,8.967999999999996,276.5624089435469,61.86923996491324,68.29695513008281,395.0477118968823,326.75075676679944,80.51344743276285,0.014451853850654972,-0.12954157385879803,0.21324361181216528,3.955551303475006,0.03459029483619769,0.03632716304496818,34.80776308284964,-0.025138098243696255,-0.1502058269001912,77.7130371449381,0.03478898809745786,0.362798212892378,86.63729809104258,0.039578485806359275,0.4152762330659256,77.19557195571956,0.029375001884854278,138.3652843506858,160.46511627906978,160.21175814990244,15,0.13635999037458876,0.45333333333333287,0.40000000000000036,1.3000000000000007,6,1,0.17983476377636953
2005,14.5,4.23,150.35036330009603,45.05581917772893,91.76777978349328,379.77818281255617,288.0104030290629,74.9655172413793,-0.004318048575961844,-0.01772114297488971,2.0164383335846425,4.383498346413647,0.013050627387415858,0.00985286155636347,18.83767095305101,0.1596129777485491,1.8438206448312,76.43835616438356,0.011953053948123337,2.2141017439808164,75.0814332247557,0.01266644480258659,1.8926271029494108,73.67303609341826,0.014402012551804266,134.54351308061933,157.5,143.75356531660012,4,0.06406833956219964,0.2999999999999998,0.2999999999999998,0.5,0,0,0.22584089695675388
2007,15.1,3.657000000000002,167.86957176585096,64.06340941956657,82.46291136392297,394.37467864043447,311.9117672765115,64.56953642384106,0.09825520101130208,0.5119716613158297,-2.331809159816696,6.291367969973727,0.021072243059967105,0.01603883716076764,22.593177702427724,-0.23225766762664074,-2.7324377966319773,72.95454545454545,0.022255612120428377,-2.1626159356450025,62.171628721541154,0.021416224449147078,-2.102584417887753,59.91983967935872,0.019635177409015752,143.94626006290983,168.75,158.29278302163334,5,0.09063283040998033,0.3400000000000002,0.3000000000000007,0.5,0,0,0.19496721224076352
2008,17.8,4.978999999999999,182.03807584662528,73.76160679098733,74.89031749138566,392.8013690251229,317.91105153373724,84.15730337078652,0.11189938847216462,-0.6730295063377855,2.3241438282507327,6.231985219052162,0.03315913574703515,0.02861246072911173,34.715074632444114,-0.2949271408010886,0.5635723404796573,83.54838709677419,0.035998390910935665,3.0497599869531524,89.14858096828047,0.038668737263859096,3.500146074704376,79.50089126559715,0.024138477083584426,134.33425523508495,145.71428571428572,153.93128426983245,7,0.12731024188945944,0.4142857142857138,0.20000000000000018,1.0999999999999996,1,1,0.21857851529917904
2010,10.4,0.44099999999999895,227.26465827720781,54.43400366640989,111.77811295908069,393.9850056689031,282.20689270982245,79.13461538461539,-0.12826140708994238,0.3717903814304772,1.2490469926396253,3.6874913421810342,0.04000301107674383,0.037810777079694734,30.46582244747716,-0.8812102994362703,1.8216639914615855,84.16149068322981,0.05122300081414815,1.2028644726712219,77.5623268698061,0.03839563637046761,0.7260760327513966,76.19047619047619,0.031508404840109444,193.70906742920397,210.0,193.70906742920397,0,0.0,0.0,0.0,0.0,0,0,0.040678904160132735
2011,23.4,6.067,206.28981321815385,94.30838603726828,88.11155342450944,395.05749570580144,306.945942281292,80.32506415739948,-0.11988882453682231,0.3965927064486033,-1.0974457639467379,7.880088628133591,0.03921114022643493,0.04068873842811584,56.810685982008394,-0.27468249512071125,-0.43746676537421614,78.83472057074911,0.050900271733525945,-1.2132858655023566,81.8734793187348,0.03887343590095717,-1.7609248925567935,80.29629629629629,0.02505909735592329,148.64085247904436,182.5,171.31458520749405,9,0.1323514439881902,0.43333333333333335,0.40000000000000036,0.6000000000000014,2,0,0.20589133607085894
